[2025-03-12 23:11:50] local.ERROR: Call to undefined method App\Models\BomVersion::factory() {"exception":"[object] (BadMethodCallException(code: 0): Call to undefined method App\\Models\\BomVersion::factory() at C:\\laragon-7.0.6\\www\\usetwit\\vendor\\laravel\\framework\\src\\Illuminate\\Support\\Traits\\ForwardsCalls.php:67)
[stacktrace]
#0 C:\\laragon-7.0.6\\www\\usetwit\\vendor\\laravel\\framework\\src\\Illuminate\\Support\\Traits\\ForwardsCalls.php(36): Illuminate\\Database\\Eloquent\\Model::throwBadMethodCallException('factory')
#1 C:\\laragon-7.0.6\\www\\usetwit\\vendor\\laravel\\framework\\src\\Illuminate\\Database\\Eloquent\\Model.php(2372): Illuminate\\Database\\Eloquent\\Model->forwardCallTo(Object(Illuminate\\Database\\Eloquent\\Builder), 'factory', Array)
#2 C:\\laragon-7.0.6\\www\\usetwit\\vendor\\laravel\\framework\\src\\Illuminate\\Database\\Eloquent\\Model.php(2384): Illuminate\\Database\\Eloquent\\Model->__call('factory', Array)
#3 C:\\laragon-7.0.6\\www\\usetwit\\database\\seeders\\BomSeeder.php(16): Illuminate\\Database\\Eloquent\\Model::__callStatic('factory', Array)
#4 C:\\laragon-7.0.6\\www\\usetwit\\vendor\\laravel\\framework\\src\\Illuminate\\Container\\BoundMethod.php(36): Database\\Seeders\\BomSeeder->run()
#5 C:\\laragon-7.0.6\\www\\usetwit\\vendor\\laravel\\framework\\src\\Illuminate\\Container\\Util.php(43): Illuminate\\Container\\BoundMethod::{closure:Illuminate\\Container\\BoundMethod::call():35}()
#6 C:\\laragon-7.0.6\\www\\usetwit\\vendor\\laravel\\framework\\src\\Illuminate\\Container\\BoundMethod.php(96): Illuminate\\Container\\Util::unwrapIfClosure(Object(Closure))
#7 C:\\laragon-7.0.6\\www\\usetwit\\vendor\\laravel\\framework\\src\\Illuminate\\Container\\BoundMethod.php(35): Illuminate\\Container\\BoundMethod::callBoundMethod(Object(Illuminate\\Foundation\\Application), Array, Object(Closure))
#8 C:\\laragon-7.0.6\\www\\usetwit\\vendor\\laravel\\framework\\src\\Illuminate\\Container\\Container.php(754): Illuminate\\Container\\BoundMethod::call(Object(Illuminate\\Foundation\\Application), Array, Array, NULL)
#9 C:\\laragon-7.0.6\\www\\usetwit\\vendor\\laravel\\framework\\src\\Illuminate\\Database\\Seeder.php(188): Illuminate\\Container\\Container->call(Array, Array)
#10 C:\\laragon-7.0.6\\www\\usetwit\\vendor\\laravel\\framework\\src\\Illuminate\\Database\\Seeder.php(197): Illuminate\\Database\\Seeder->{closure:Illuminate\\Database\\Seeder::__invoke():187}()
#11 C:\\laragon-7.0.6\\www\\usetwit\\vendor\\laravel\\framework\\src\\Illuminate\\Database\\Seeder.php(61): Illuminate\\Database\\Seeder->__invoke(Array)
#12 C:\\laragon-7.0.6\\www\\usetwit\\database\\seeders\\DatabaseSeeder.php(14): Illuminate\\Database\\Seeder->call('Database\\\\Seeder...')
#13 C:\\laragon-7.0.6\\www\\usetwit\\vendor\\laravel\\framework\\src\\Illuminate\\Container\\BoundMethod.php(36): Database\\Seeders\\DatabaseSeeder->run()
#14 C:\\laragon-7.0.6\\www\\usetwit\\vendor\\laravel\\framework\\src\\Illuminate\\Container\\Util.php(43): Illuminate\\Container\\BoundMethod::{closure:Illuminate\\Container\\BoundMethod::call():35}()
#15 C:\\laragon-7.0.6\\www\\usetwit\\vendor\\laravel\\framework\\src\\Illuminate\\Container\\BoundMethod.php(96): Illuminate\\Container\\Util::unwrapIfClosure(Object(Closure))
#16 C:\\laragon-7.0.6\\www\\usetwit\\vendor\\laravel\\framework\\src\\Illuminate\\Container\\BoundMethod.php(35): Illuminate\\Container\\BoundMethod::callBoundMethod(Object(Illuminate\\Foundation\\Application), Array, Object(Closure))
#17 C:\\laragon-7.0.6\\www\\usetwit\\vendor\\laravel\\framework\\src\\Illuminate\\Container\\Container.php(754): Illuminate\\Container\\BoundMethod::call(Object(Illuminate\\Foundation\\Application), Array, Array, NULL)
#18 C:\\laragon-7.0.6\\www\\usetwit\\vendor\\laravel\\framework\\src\\Illuminate\\Database\\Seeder.php(188): Illuminate\\Container\\Container->call(Array, Array)
#19 C:\\laragon-7.0.6\\www\\usetwit\\vendor\\laravel\\framework\\src\\Illuminate\\Database\\Seeder.php(197): Illuminate\\Database\\Seeder->{closure:Illuminate\\Database\\Seeder::__invoke():187}()
#20 C:\\laragon-7.0.6\\www\\usetwit\\vendor\\laravel\\framework\\src\\Illuminate\\Database\\Console\\Seeds\\SeedCommand.php(70): Illuminate\\Database\\Seeder->__invoke()
#21 C:\\laragon-7.0.6\\www\\usetwit\\vendor\\laravel\\framework\\src\\Illuminate\\Database\\Eloquent\\Concerns\\GuardsAttributes.php(155): Illuminate\\Database\\Console\\Seeds\\SeedCommand->{closure:Illuminate\\Database\\Console\\Seeds\\SeedCommand::handle():69}()
#22 C:\\laragon-7.0.6\\www\\usetwit\\vendor\\laravel\\framework\\src\\Illuminate\\Database\\Console\\Seeds\\SeedCommand.php(69): Illuminate\\Database\\Eloquent\\Model::unguarded(Object(Closure))
#23 C:\\laragon-7.0.6\\www\\usetwit\\vendor\\laravel\\framework\\src\\Illuminate\\Container\\BoundMethod.php(36): Illuminate\\Database\\Console\\Seeds\\SeedCommand->handle()
#24 C:\\laragon-7.0.6\\www\\usetwit\\vendor\\laravel\\framework\\src\\Illuminate\\Container\\Util.php(43): Illuminate\\Container\\BoundMethod::{closure:Illuminate\\Container\\BoundMethod::call():35}()
#25 C:\\laragon-7.0.6\\www\\usetwit\\vendor\\laravel\\framework\\src\\Illuminate\\Container\\BoundMethod.php(96): Illuminate\\Container\\Util::unwrapIfClosure(Object(Closure))
#26 C:\\laragon-7.0.6\\www\\usetwit\\vendor\\laravel\\framework\\src\\Illuminate\\Container\\BoundMethod.php(35): Illuminate\\Container\\BoundMethod::callBoundMethod(Object(Illuminate\\Foundation\\Application), Array, Object(Closure))
#27 C:\\laragon-7.0.6\\www\\usetwit\\vendor\\laravel\\framework\\src\\Illuminate\\Container\\Container.php(754): Illuminate\\Container\\BoundMethod::call(Object(Illuminate\\Foundation\\Application), Array, Array, NULL)
#28 C:\\laragon-7.0.6\\www\\usetwit\\vendor\\laravel\\framework\\src\\Illuminate\\Console\\Command.php(213): Illuminate\\Container\\Container->call(Array)
#29 C:\\laragon-7.0.6\\www\\usetwit\\vendor\\symfony\\console\\Command\\Command.php(279): Illuminate\\Console\\Command->execute(Object(Symfony\\Component\\Console\\Input\\ArrayInput), Object(Illuminate\\Console\\OutputStyle))
#30 C:\\laragon-7.0.6\\www\\usetwit\\vendor\\laravel\\framework\\src\\Illuminate\\Console\\Command.php(182): Symfony\\Component\\Console\\Command\\Command->run(Object(Symfony\\Component\\Console\\Input\\ArrayInput), Object(Illuminate\\Console\\OutputStyle))
#31 C:\\laragon-7.0.6\\www\\usetwit\\vendor\\laravel\\framework\\src\\Illuminate\\Console\\Concerns\\CallsCommands.php(68): Illuminate\\Console\\Command->run(Object(Symfony\\Component\\Console\\Input\\ArrayInput), Object(Illuminate\\Console\\OutputStyle))
#32 C:\\laragon-7.0.6\\www\\usetwit\\vendor\\laravel\\framework\\src\\Illuminate\\Console\\Concerns\\CallsCommands.php(29): Illuminate\\Console\\Command->runCommand('db:seed', Array, Object(Illuminate\\Console\\OutputStyle))
#33 C:\\laragon-7.0.6\\www\\usetwit\\app\\Console\\Commands\\RefreshAndSeedCommand.php(32): Illuminate\\Console\\Command->call('db:seed')
#34 C:\\laragon-7.0.6\\www\\usetwit\\vendor\\laravel\\framework\\src\\Illuminate\\Container\\BoundMethod.php(36): App\\Console\\Commands\\RefreshAndSeedCommand->handle()
#35 C:\\laragon-7.0.6\\www\\usetwit\\vendor\\laravel\\framework\\src\\Illuminate\\Container\\Util.php(43): Illuminate\\Container\\BoundMethod::{closure:Illuminate\\Container\\BoundMethod::call():35}()
#36 C:\\laragon-7.0.6\\www\\usetwit\\vendor\\laravel\\framework\\src\\Illuminate\\Container\\BoundMethod.php(96): Illuminate\\Container\\Util::unwrapIfClosure(Object(Closure))
#37 C:\\laragon-7.0.6\\www\\usetwit\\vendor\\laravel\\framework\\src\\Illuminate\\Container\\BoundMethod.php(35): Illuminate\\Container\\BoundMethod::callBoundMethod(Object(Illuminate\\Foundation\\Application), Array, Object(Closure))
#38 C:\\laragon-7.0.6\\www\\usetwit\\vendor\\laravel\\framework\\src\\Illuminate\\Container\\Container.php(754): Illuminate\\Container\\BoundMethod::call(Object(Illuminate\\Foundation\\Application), Array, Array, NULL)
#39 C:\\laragon-7.0.6\\www\\usetwit\\vendor\\laravel\\framework\\src\\Illuminate\\Console\\Command.php(213): Illuminate\\Container\\Container->call(Array)
#40 C:\\laragon-7.0.6\\www\\usetwit\\vendor\\symfony\\console\\Command\\Command.php(279): Illuminate\\Console\\Command->execute(Object(Symfony\\Component\\Console\\Input\\ArgvInput), Object(Illuminate\\Console\\OutputStyle))
#41 C:\\laragon-7.0.6\\www\\usetwit\\vendor\\laravel\\framework\\src\\Illuminate\\Console\\Command.php(182): Symfony\\Component\\Console\\Command\\Command->run(Object(Symfony\\Component\\Console\\Input\\ArgvInput), Object(Illuminate\\Console\\OutputStyle))
#42 C:\\laragon-7.0.6\\www\\usetwit\\vendor\\symfony\\console\\Application.php(1094): Illuminate\\Console\\Command->run(Object(Symfony\\Component\\Console\\Input\\ArgvInput), Object(Symfony\\Component\\Console\\Output\\ConsoleOutput))
#43 C:\\laragon-7.0.6\\www\\usetwit\\vendor\\symfony\\console\\Application.php(342): Symfony\\Component\\Console\\Application->doRunCommand(Object(App\\Console\\Commands\\RefreshAndSeedCommand), Object(Symfony\\Component\\Console\\Input\\ArgvInput), Object(Symfony\\Component\\Console\\Output\\ConsoleOutput))
#44 C:\\laragon-7.0.6\\www\\usetwit\\vendor\\symfony\\console\\Application.php(193): Symfony\\Component\\Console\\Application->doRun(Object(Symfony\\Component\\Console\\Input\\ArgvInput), Object(Symfony\\Component\\Console\\Output\\ConsoleOutput))
#45 C:\\laragon-7.0.6\\www\\usetwit\\vendor\\laravel\\framework\\src\\Illuminate\\Foundation\\Console\\Kernel.php(198): Symfony\\Component\\Console\\Application->run(Object(Symfony\\Component\\Console\\Input\\ArgvInput), Object(Symfony\\Component\\Console\\Output\\ConsoleOutput))
#46 C:\\laragon-7.0.6\\www\\usetwit\\vendor\\laravel\\framework\\src\\Illuminate\\Foundation\\Application.php(1235): Illuminate\\Foundation\\Console\\Kernel->handle(Object(Symfony\\Component\\Console\\Input\\ArgvInput), Object(Symfony\\Component\\Console\\Output\\ConsoleOutput))
#47 C:\\laragon-7.0.6\\www\\usetwit\\artisan(13): Illuminate\\Foundation\\Application->handleCommand(Object(Symfony\\Component\\Console\\Input\\ArgvInput))
#48 {main}
"} 
[2025-03-12 23:12:23] local.ERROR: Call to undefined method App\Models\BomVersion::factory() {"exception":"[object] (BadMethodCallException(code: 0): Call to undefined method App\\Models\\BomVersion::factory() at C:\\laragon-7.0.6\\www\\usetwit\\vendor\\laravel\\framework\\src\\Illuminate\\Support\\Traits\\ForwardsCalls.php:67)
[stacktrace]
#0 C:\\laragon-7.0.6\\www\\usetwit\\vendor\\laravel\\framework\\src\\Illuminate\\Support\\Traits\\ForwardsCalls.php(36): Illuminate\\Database\\Eloquent\\Model::throwBadMethodCallException('factory')
#1 C:\\laragon-7.0.6\\www\\usetwit\\vendor\\laravel\\framework\\src\\Illuminate\\Database\\Eloquent\\Model.php(2372): Illuminate\\Database\\Eloquent\\Model->forwardCallTo(Object(Illuminate\\Database\\Eloquent\\Builder), 'factory', Array)
#2 C:\\laragon-7.0.6\\www\\usetwit\\vendor\\laravel\\framework\\src\\Illuminate\\Database\\Eloquent\\Model.php(2384): Illuminate\\Database\\Eloquent\\Model->__call('factory', Array)
#3 C:\\laragon-7.0.6\\www\\usetwit\\database\\seeders\\BomSeeder.php(16): Illuminate\\Database\\Eloquent\\Model::__callStatic('factory', Array)
#4 C:\\laragon-7.0.6\\www\\usetwit\\vendor\\laravel\\framework\\src\\Illuminate\\Container\\BoundMethod.php(36): Database\\Seeders\\BomSeeder->run()
#5 C:\\laragon-7.0.6\\www\\usetwit\\vendor\\laravel\\framework\\src\\Illuminate\\Container\\Util.php(43): Illuminate\\Container\\BoundMethod::{closure:Illuminate\\Container\\BoundMethod::call():35}()
#6 C:\\laragon-7.0.6\\www\\usetwit\\vendor\\laravel\\framework\\src\\Illuminate\\Container\\BoundMethod.php(96): Illuminate\\Container\\Util::unwrapIfClosure(Object(Closure))
#7 C:\\laragon-7.0.6\\www\\usetwit\\vendor\\laravel\\framework\\src\\Illuminate\\Container\\BoundMethod.php(35): Illuminate\\Container\\BoundMethod::callBoundMethod(Object(Illuminate\\Foundation\\Application), Array, Object(Closure))
#8 C:\\laragon-7.0.6\\www\\usetwit\\vendor\\laravel\\framework\\src\\Illuminate\\Container\\Container.php(754): Illuminate\\Container\\BoundMethod::call(Object(Illuminate\\Foundation\\Application), Array, Array, NULL)
#9 C:\\laragon-7.0.6\\www\\usetwit\\vendor\\laravel\\framework\\src\\Illuminate\\Database\\Seeder.php(188): Illuminate\\Container\\Container->call(Array, Array)
#10 C:\\laragon-7.0.6\\www\\usetwit\\vendor\\laravel\\framework\\src\\Illuminate\\Database\\Seeder.php(197): Illuminate\\Database\\Seeder->{closure:Illuminate\\Database\\Seeder::__invoke():187}()
#11 C:\\laragon-7.0.6\\www\\usetwit\\vendor\\laravel\\framework\\src\\Illuminate\\Database\\Seeder.php(61): Illuminate\\Database\\Seeder->__invoke(Array)
#12 C:\\laragon-7.0.6\\www\\usetwit\\database\\seeders\\DatabaseSeeder.php(14): Illuminate\\Database\\Seeder->call('Database\\\\Seeder...')
#13 C:\\laragon-7.0.6\\www\\usetwit\\vendor\\laravel\\framework\\src\\Illuminate\\Container\\BoundMethod.php(36): Database\\Seeders\\DatabaseSeeder->run()
#14 C:\\laragon-7.0.6\\www\\usetwit\\vendor\\laravel\\framework\\src\\Illuminate\\Container\\Util.php(43): Illuminate\\Container\\BoundMethod::{closure:Illuminate\\Container\\BoundMethod::call():35}()
#15 C:\\laragon-7.0.6\\www\\usetwit\\vendor\\laravel\\framework\\src\\Illuminate\\Container\\BoundMethod.php(96): Illuminate\\Container\\Util::unwrapIfClosure(Object(Closure))
#16 C:\\laragon-7.0.6\\www\\usetwit\\vendor\\laravel\\framework\\src\\Illuminate\\Container\\BoundMethod.php(35): Illuminate\\Container\\BoundMethod::callBoundMethod(Object(Illuminate\\Foundation\\Application), Array, Object(Closure))
#17 C:\\laragon-7.0.6\\www\\usetwit\\vendor\\laravel\\framework\\src\\Illuminate\\Container\\Container.php(754): Illuminate\\Container\\BoundMethod::call(Object(Illuminate\\Foundation\\Application), Array, Array, NULL)
#18 C:\\laragon-7.0.6\\www\\usetwit\\vendor\\laravel\\framework\\src\\Illuminate\\Database\\Seeder.php(188): Illuminate\\Container\\Container->call(Array, Array)
#19 C:\\laragon-7.0.6\\www\\usetwit\\vendor\\laravel\\framework\\src\\Illuminate\\Database\\Seeder.php(197): Illuminate\\Database\\Seeder->{closure:Illuminate\\Database\\Seeder::__invoke():187}()
#20 C:\\laragon-7.0.6\\www\\usetwit\\vendor\\laravel\\framework\\src\\Illuminate\\Database\\Console\\Seeds\\SeedCommand.php(70): Illuminate\\Database\\Seeder->__invoke()
#21 C:\\laragon-7.0.6\\www\\usetwit\\vendor\\laravel\\framework\\src\\Illuminate\\Database\\Eloquent\\Concerns\\GuardsAttributes.php(155): Illuminate\\Database\\Console\\Seeds\\SeedCommand->{closure:Illuminate\\Database\\Console\\Seeds\\SeedCommand::handle():69}()
#22 C:\\laragon-7.0.6\\www\\usetwit\\vendor\\laravel\\framework\\src\\Illuminate\\Database\\Console\\Seeds\\SeedCommand.php(69): Illuminate\\Database\\Eloquent\\Model::unguarded(Object(Closure))
#23 C:\\laragon-7.0.6\\www\\usetwit\\vendor\\laravel\\framework\\src\\Illuminate\\Container\\BoundMethod.php(36): Illuminate\\Database\\Console\\Seeds\\SeedCommand->handle()
#24 C:\\laragon-7.0.6\\www\\usetwit\\vendor\\laravel\\framework\\src\\Illuminate\\Container\\Util.php(43): Illuminate\\Container\\BoundMethod::{closure:Illuminate\\Container\\BoundMethod::call():35}()
#25 C:\\laragon-7.0.6\\www\\usetwit\\vendor\\laravel\\framework\\src\\Illuminate\\Container\\BoundMethod.php(96): Illuminate\\Container\\Util::unwrapIfClosure(Object(Closure))
#26 C:\\laragon-7.0.6\\www\\usetwit\\vendor\\laravel\\framework\\src\\Illuminate\\Container\\BoundMethod.php(35): Illuminate\\Container\\BoundMethod::callBoundMethod(Object(Illuminate\\Foundation\\Application), Array, Object(Closure))
#27 C:\\laragon-7.0.6\\www\\usetwit\\vendor\\laravel\\framework\\src\\Illuminate\\Container\\Container.php(754): Illuminate\\Container\\BoundMethod::call(Object(Illuminate\\Foundation\\Application), Array, Array, NULL)
#28 C:\\laragon-7.0.6\\www\\usetwit\\vendor\\laravel\\framework\\src\\Illuminate\\Console\\Command.php(213): Illuminate\\Container\\Container->call(Array)
#29 C:\\laragon-7.0.6\\www\\usetwit\\vendor\\symfony\\console\\Command\\Command.php(279): Illuminate\\Console\\Command->execute(Object(Symfony\\Component\\Console\\Input\\ArrayInput), Object(Illuminate\\Console\\OutputStyle))
#30 C:\\laragon-7.0.6\\www\\usetwit\\vendor\\laravel\\framework\\src\\Illuminate\\Console\\Command.php(182): Symfony\\Component\\Console\\Command\\Command->run(Object(Symfony\\Component\\Console\\Input\\ArrayInput), Object(Illuminate\\Console\\OutputStyle))
#31 C:\\laragon-7.0.6\\www\\usetwit\\vendor\\laravel\\framework\\src\\Illuminate\\Console\\Concerns\\CallsCommands.php(68): Illuminate\\Console\\Command->run(Object(Symfony\\Component\\Console\\Input\\ArrayInput), Object(Illuminate\\Console\\OutputStyle))
#32 C:\\laragon-7.0.6\\www\\usetwit\\vendor\\laravel\\framework\\src\\Illuminate\\Console\\Concerns\\CallsCommands.php(29): Illuminate\\Console\\Command->runCommand('db:seed', Array, Object(Illuminate\\Console\\OutputStyle))
#33 C:\\laragon-7.0.6\\www\\usetwit\\app\\Console\\Commands\\RefreshAndSeedCommand.php(32): Illuminate\\Console\\Command->call('db:seed')
#34 C:\\laragon-7.0.6\\www\\usetwit\\vendor\\laravel\\framework\\src\\Illuminate\\Container\\BoundMethod.php(36): App\\Console\\Commands\\RefreshAndSeedCommand->handle()
#35 C:\\laragon-7.0.6\\www\\usetwit\\vendor\\laravel\\framework\\src\\Illuminate\\Container\\Util.php(43): Illuminate\\Container\\BoundMethod::{closure:Illuminate\\Container\\BoundMethod::call():35}()
#36 C:\\laragon-7.0.6\\www\\usetwit\\vendor\\laravel\\framework\\src\\Illuminate\\Container\\BoundMethod.php(96): Illuminate\\Container\\Util::unwrapIfClosure(Object(Closure))
#37 C:\\laragon-7.0.6\\www\\usetwit\\vendor\\laravel\\framework\\src\\Illuminate\\Container\\BoundMethod.php(35): Illuminate\\Container\\BoundMethod::callBoundMethod(Object(Illuminate\\Foundation\\Application), Array, Object(Closure))
#38 C:\\laragon-7.0.6\\www\\usetwit\\vendor\\laravel\\framework\\src\\Illuminate\\Container\\Container.php(754): Illuminate\\Container\\BoundMethod::call(Object(Illuminate\\Foundation\\Application), Array, Array, NULL)
#39 C:\\laragon-7.0.6\\www\\usetwit\\vendor\\laravel\\framework\\src\\Illuminate\\Console\\Command.php(213): Illuminate\\Container\\Container->call(Array)
#40 C:\\laragon-7.0.6\\www\\usetwit\\vendor\\symfony\\console\\Command\\Command.php(279): Illuminate\\Console\\Command->execute(Object(Symfony\\Component\\Console\\Input\\ArgvInput), Object(Illuminate\\Console\\OutputStyle))
#41 C:\\laragon-7.0.6\\www\\usetwit\\vendor\\laravel\\framework\\src\\Illuminate\\Console\\Command.php(182): Symfony\\Component\\Console\\Command\\Command->run(Object(Symfony\\Component\\Console\\Input\\ArgvInput), Object(Illuminate\\Console\\OutputStyle))
#42 C:\\laragon-7.0.6\\www\\usetwit\\vendor\\symfony\\console\\Application.php(1094): Illuminate\\Console\\Command->run(Object(Symfony\\Component\\Console\\Input\\ArgvInput), Object(Symfony\\Component\\Console\\Output\\ConsoleOutput))
#43 C:\\laragon-7.0.6\\www\\usetwit\\vendor\\symfony\\console\\Application.php(342): Symfony\\Component\\Console\\Application->doRunCommand(Object(App\\Console\\Commands\\RefreshAndSeedCommand), Object(Symfony\\Component\\Console\\Input\\ArgvInput), Object(Symfony\\Component\\Console\\Output\\ConsoleOutput))
#44 C:\\laragon-7.0.6\\www\\usetwit\\vendor\\symfony\\console\\Application.php(193): Symfony\\Component\\Console\\Application->doRun(Object(Symfony\\Component\\Console\\Input\\ArgvInput), Object(Symfony\\Component\\Console\\Output\\ConsoleOutput))
#45 C:\\laragon-7.0.6\\www\\usetwit\\vendor\\laravel\\framework\\src\\Illuminate\\Foundation\\Console\\Kernel.php(198): Symfony\\Component\\Console\\Application->run(Object(Symfony\\Component\\Console\\Input\\ArgvInput), Object(Symfony\\Component\\Console\\Output\\ConsoleOutput))
#46 C:\\laragon-7.0.6\\www\\usetwit\\vendor\\laravel\\framework\\src\\Illuminate\\Foundation\\Application.php(1235): Illuminate\\Foundation\\Console\\Kernel->handle(Object(Symfony\\Component\\Console\\Input\\ArgvInput), Object(Symfony\\Component\\Console\\Output\\ConsoleOutput))
#47 C:\\laragon-7.0.6\\www\\usetwit\\artisan(13): Illuminate\\Foundation\\Application->handleCommand(Object(Symfony\\Component\\Console\\Input\\ArgvInput))
#48 {main}
"} 
[2025-03-12 23:13:05] local.ERROR: Call to undefined method Database\Factories\BomVersionFactory::getRelated() {"exception":"[object] (BadMethodCallException(code: 0): Call to undefined method Database\\Factories\\BomVersionFactory::getRelated() at C:\\laragon-7.0.6\\www\\usetwit\\vendor\\laravel\\framework\\src\\Illuminate\\Support\\Traits\\ForwardsCalls.php:67)
[stacktrace]
#0 C:\\laragon-7.0.6\\www\\usetwit\\vendor\\laravel\\framework\\src\\Illuminate\\Database\\Eloquent\\Factories\\Factory.php(967): Illuminate\\Database\\Eloquent\\Factories\\Factory::throwBadMethodCallException('getRelated')
#1 C:\\laragon-7.0.6\\www\\usetwit\\vendor\\laravel\\framework\\src\\Illuminate\\Database\\Eloquent\\Concerns\\QueriesRelationships.php(60): Illuminate\\Database\\Eloquent\\Factories\\Factory->__call('getRelated', Array)
#2 C:\\laragon-7.0.6\\www\\usetwit\\vendor\\laravel\\framework\\src\\Illuminate\\Support\\Traits\\ForwardsCalls.php(23): Illuminate\\Database\\Eloquent\\Builder->has(Object(Database\\Factories\\BomVersionFactory))
#3 C:\\laragon-7.0.6\\www\\usetwit\\vendor\\laravel\\framework\\src\\Illuminate\\Database\\Eloquent\\Model.php(2372): Illuminate\\Database\\Eloquent\\Model->forwardCallTo(Object(Illuminate\\Database\\Eloquent\\Builder), 'has', Array)
#4 C:\\laragon-7.0.6\\www\\usetwit\\database\\seeders\\BomSeeder.php(16): Illuminate\\Database\\Eloquent\\Model->__call('has', Array)
#5 C:\\laragon-7.0.6\\www\\usetwit\\vendor\\laravel\\framework\\src\\Illuminate\\Container\\BoundMethod.php(36): Database\\Seeders\\BomSeeder->run()
#6 C:\\laragon-7.0.6\\www\\usetwit\\vendor\\laravel\\framework\\src\\Illuminate\\Container\\Util.php(43): Illuminate\\Container\\BoundMethod::{closure:Illuminate\\Container\\BoundMethod::call():35}()
#7 C:\\laragon-7.0.6\\www\\usetwit\\vendor\\laravel\\framework\\src\\Illuminate\\Container\\BoundMethod.php(96): Illuminate\\Container\\Util::unwrapIfClosure(Object(Closure))
#8 C:\\laragon-7.0.6\\www\\usetwit\\vendor\\laravel\\framework\\src\\Illuminate\\Container\\BoundMethod.php(35): Illuminate\\Container\\BoundMethod::callBoundMethod(Object(Illuminate\\Foundation\\Application), Array, Object(Closure))
#9 C:\\laragon-7.0.6\\www\\usetwit\\vendor\\laravel\\framework\\src\\Illuminate\\Container\\Container.php(754): Illuminate\\Container\\BoundMethod::call(Object(Illuminate\\Foundation\\Application), Array, Array, NULL)
#10 C:\\laragon-7.0.6\\www\\usetwit\\vendor\\laravel\\framework\\src\\Illuminate\\Database\\Seeder.php(188): Illuminate\\Container\\Container->call(Array, Array)
#11 C:\\laragon-7.0.6\\www\\usetwit\\vendor\\laravel\\framework\\src\\Illuminate\\Database\\Seeder.php(197): Illuminate\\Database\\Seeder->{closure:Illuminate\\Database\\Seeder::__invoke():187}()
#12 C:\\laragon-7.0.6\\www\\usetwit\\vendor\\laravel\\framework\\src\\Illuminate\\Database\\Seeder.php(61): Illuminate\\Database\\Seeder->__invoke(Array)
#13 C:\\laragon-7.0.6\\www\\usetwit\\database\\seeders\\DatabaseSeeder.php(14): Illuminate\\Database\\Seeder->call('Database\\\\Seeder...')
#14 C:\\laragon-7.0.6\\www\\usetwit\\vendor\\laravel\\framework\\src\\Illuminate\\Container\\BoundMethod.php(36): Database\\Seeders\\DatabaseSeeder->run()
#15 C:\\laragon-7.0.6\\www\\usetwit\\vendor\\laravel\\framework\\src\\Illuminate\\Container\\Util.php(43): Illuminate\\Container\\BoundMethod::{closure:Illuminate\\Container\\BoundMethod::call():35}()
#16 C:\\laragon-7.0.6\\www\\usetwit\\vendor\\laravel\\framework\\src\\Illuminate\\Container\\BoundMethod.php(96): Illuminate\\Container\\Util::unwrapIfClosure(Object(Closure))
#17 C:\\laragon-7.0.6\\www\\usetwit\\vendor\\laravel\\framework\\src\\Illuminate\\Container\\BoundMethod.php(35): Illuminate\\Container\\BoundMethod::callBoundMethod(Object(Illuminate\\Foundation\\Application), Array, Object(Closure))
#18 C:\\laragon-7.0.6\\www\\usetwit\\vendor\\laravel\\framework\\src\\Illuminate\\Container\\Container.php(754): Illuminate\\Container\\BoundMethod::call(Object(Illuminate\\Foundation\\Application), Array, Array, NULL)
#19 C:\\laragon-7.0.6\\www\\usetwit\\vendor\\laravel\\framework\\src\\Illuminate\\Database\\Seeder.php(188): Illuminate\\Container\\Container->call(Array, Array)
#20 C:\\laragon-7.0.6\\www\\usetwit\\vendor\\laravel\\framework\\src\\Illuminate\\Database\\Seeder.php(197): Illuminate\\Database\\Seeder->{closure:Illuminate\\Database\\Seeder::__invoke():187}()
#21 C:\\laragon-7.0.6\\www\\usetwit\\vendor\\laravel\\framework\\src\\Illuminate\\Database\\Console\\Seeds\\SeedCommand.php(70): Illuminate\\Database\\Seeder->__invoke()
#22 C:\\laragon-7.0.6\\www\\usetwit\\vendor\\laravel\\framework\\src\\Illuminate\\Database\\Eloquent\\Concerns\\GuardsAttributes.php(155): Illuminate\\Database\\Console\\Seeds\\SeedCommand->{closure:Illuminate\\Database\\Console\\Seeds\\SeedCommand::handle():69}()
#23 C:\\laragon-7.0.6\\www\\usetwit\\vendor\\laravel\\framework\\src\\Illuminate\\Database\\Console\\Seeds\\SeedCommand.php(69): Illuminate\\Database\\Eloquent\\Model::unguarded(Object(Closure))
#24 C:\\laragon-7.0.6\\www\\usetwit\\vendor\\laravel\\framework\\src\\Illuminate\\Container\\BoundMethod.php(36): Illuminate\\Database\\Console\\Seeds\\SeedCommand->handle()
#25 C:\\laragon-7.0.6\\www\\usetwit\\vendor\\laravel\\framework\\src\\Illuminate\\Container\\Util.php(43): Illuminate\\Container\\BoundMethod::{closure:Illuminate\\Container\\BoundMethod::call():35}()
#26 C:\\laragon-7.0.6\\www\\usetwit\\vendor\\laravel\\framework\\src\\Illuminate\\Container\\BoundMethod.php(96): Illuminate\\Container\\Util::unwrapIfClosure(Object(Closure))
#27 C:\\laragon-7.0.6\\www\\usetwit\\vendor\\laravel\\framework\\src\\Illuminate\\Container\\BoundMethod.php(35): Illuminate\\Container\\BoundMethod::callBoundMethod(Object(Illuminate\\Foundation\\Application), Array, Object(Closure))
#28 C:\\laragon-7.0.6\\www\\usetwit\\vendor\\laravel\\framework\\src\\Illuminate\\Container\\Container.php(754): Illuminate\\Container\\BoundMethod::call(Object(Illuminate\\Foundation\\Application), Array, Array, NULL)
#29 C:\\laragon-7.0.6\\www\\usetwit\\vendor\\laravel\\framework\\src\\Illuminate\\Console\\Command.php(213): Illuminate\\Container\\Container->call(Array)
#30 C:\\laragon-7.0.6\\www\\usetwit\\vendor\\symfony\\console\\Command\\Command.php(279): Illuminate\\Console\\Command->execute(Object(Symfony\\Component\\Console\\Input\\ArrayInput), Object(Illuminate\\Console\\OutputStyle))
#31 C:\\laragon-7.0.6\\www\\usetwit\\vendor\\laravel\\framework\\src\\Illuminate\\Console\\Command.php(182): Symfony\\Component\\Console\\Command\\Command->run(Object(Symfony\\Component\\Console\\Input\\ArrayInput), Object(Illuminate\\Console\\OutputStyle))
#32 C:\\laragon-7.0.6\\www\\usetwit\\vendor\\laravel\\framework\\src\\Illuminate\\Console\\Concerns\\CallsCommands.php(68): Illuminate\\Console\\Command->run(Object(Symfony\\Component\\Console\\Input\\ArrayInput), Object(Illuminate\\Console\\OutputStyle))
#33 C:\\laragon-7.0.6\\www\\usetwit\\vendor\\laravel\\framework\\src\\Illuminate\\Console\\Concerns\\CallsCommands.php(29): Illuminate\\Console\\Command->runCommand('db:seed', Array, Object(Illuminate\\Console\\OutputStyle))
#34 C:\\laragon-7.0.6\\www\\usetwit\\app\\Console\\Commands\\RefreshAndSeedCommand.php(32): Illuminate\\Console\\Command->call('db:seed')
#35 C:\\laragon-7.0.6\\www\\usetwit\\vendor\\laravel\\framework\\src\\Illuminate\\Container\\BoundMethod.php(36): App\\Console\\Commands\\RefreshAndSeedCommand->handle()
#36 C:\\laragon-7.0.6\\www\\usetwit\\vendor\\laravel\\framework\\src\\Illuminate\\Container\\Util.php(43): Illuminate\\Container\\BoundMethod::{closure:Illuminate\\Container\\BoundMethod::call():35}()
#37 C:\\laragon-7.0.6\\www\\usetwit\\vendor\\laravel\\framework\\src\\Illuminate\\Container\\BoundMethod.php(96): Illuminate\\Container\\Util::unwrapIfClosure(Object(Closure))
#38 C:\\laragon-7.0.6\\www\\usetwit\\vendor\\laravel\\framework\\src\\Illuminate\\Container\\BoundMethod.php(35): Illuminate\\Container\\BoundMethod::callBoundMethod(Object(Illuminate\\Foundation\\Application), Array, Object(Closure))
#39 C:\\laragon-7.0.6\\www\\usetwit\\vendor\\laravel\\framework\\src\\Illuminate\\Container\\Container.php(754): Illuminate\\Container\\BoundMethod::call(Object(Illuminate\\Foundation\\Application), Array, Array, NULL)
#40 C:\\laragon-7.0.6\\www\\usetwit\\vendor\\laravel\\framework\\src\\Illuminate\\Console\\Command.php(213): Illuminate\\Container\\Container->call(Array)
#41 C:\\laragon-7.0.6\\www\\usetwit\\vendor\\symfony\\console\\Command\\Command.php(279): Illuminate\\Console\\Command->execute(Object(Symfony\\Component\\Console\\Input\\ArgvInput), Object(Illuminate\\Console\\OutputStyle))
#42 C:\\laragon-7.0.6\\www\\usetwit\\vendor\\laravel\\framework\\src\\Illuminate\\Console\\Command.php(182): Symfony\\Component\\Console\\Command\\Command->run(Object(Symfony\\Component\\Console\\Input\\ArgvInput), Object(Illuminate\\Console\\OutputStyle))
#43 C:\\laragon-7.0.6\\www\\usetwit\\vendor\\symfony\\console\\Application.php(1094): Illuminate\\Console\\Command->run(Object(Symfony\\Component\\Console\\Input\\ArgvInput), Object(Symfony\\Component\\Console\\Output\\ConsoleOutput))
#44 C:\\laragon-7.0.6\\www\\usetwit\\vendor\\symfony\\console\\Application.php(342): Symfony\\Component\\Console\\Application->doRunCommand(Object(App\\Console\\Commands\\RefreshAndSeedCommand), Object(Symfony\\Component\\Console\\Input\\ArgvInput), Object(Symfony\\Component\\Console\\Output\\ConsoleOutput))
#45 C:\\laragon-7.0.6\\www\\usetwit\\vendor\\symfony\\console\\Application.php(193): Symfony\\Component\\Console\\Application->doRun(Object(Symfony\\Component\\Console\\Input\\ArgvInput), Object(Symfony\\Component\\Console\\Output\\ConsoleOutput))
#46 C:\\laragon-7.0.6\\www\\usetwit\\vendor\\laravel\\framework\\src\\Illuminate\\Foundation\\Console\\Kernel.php(198): Symfony\\Component\\Console\\Application->run(Object(Symfony\\Component\\Console\\Input\\ArgvInput), Object(Symfony\\Component\\Console\\Output\\ConsoleOutput))
#47 C:\\laragon-7.0.6\\www\\usetwit\\vendor\\laravel\\framework\\src\\Illuminate\\Foundation\\Application.php(1235): Illuminate\\Foundation\\Console\\Kernel->handle(Object(Symfony\\Component\\Console\\Input\\ArgvInput), Object(Symfony\\Component\\Console\\Output\\ConsoleOutput))
#48 C:\\laragon-7.0.6\\www\\usetwit\\artisan(13): Illuminate\\Foundation\\Application->handleCommand(Object(Symfony\\Component\\Console\\Input\\ArgvInput))
#49 {main}
"} 
[2025-03-12 23:15:23] local.ERROR: Target class [Database\\Seeders\\BomSeeder] does not exist. {"exception":"[object] (Illuminate\\Contracts\\Container\\BindingResolutionException(code: 0): Target class [Database\\\\Seeders\\\\BomSeeder] does not exist. at C:\\laragon-7.0.6\\www\\usetwit\\vendor\\laravel\\framework\\src\\Illuminate\\Container\\Container.php:1019)
[stacktrace]
#0 C:\\laragon-7.0.6\\www\\usetwit\\vendor\\laravel\\framework\\src\\Illuminate\\Container\\Container.php(890): Illuminate\\Container\\Container->build('Database\\\\\\\\Seede...')
#1 C:\\laragon-7.0.6\\www\\usetwit\\vendor\\laravel\\framework\\src\\Illuminate\\Foundation\\Application.php(1078): Illuminate\\Container\\Container->resolve('Database\\\\\\\\Seede...', Array, true)
#2 C:\\laragon-7.0.6\\www\\usetwit\\vendor\\laravel\\framework\\src\\Illuminate\\Container\\Container.php(821): Illuminate\\Foundation\\Application->resolve('Database\\\\\\\\Seede...', Array)
#3 C:\\laragon-7.0.6\\www\\usetwit\\vendor\\laravel\\framework\\src\\Illuminate\\Foundation\\Application.php(1058): Illuminate\\Container\\Container->make('Database\\\\\\\\Seede...', Array)
#4 C:\\laragon-7.0.6\\www\\usetwit\\vendor\\laravel\\framework\\src\\Illuminate\\Database\\Console\\Seeds\\SeedCommand.php(98): Illuminate\\Foundation\\Application->make('Database\\\\\\\\Seede...')
#5 C:\\laragon-7.0.6\\www\\usetwit\\vendor\\laravel\\framework\\src\\Illuminate\\Database\\Console\\Seeds\\SeedCommand.php(70): Illuminate\\Database\\Console\\Seeds\\SeedCommand->getSeeder()
#6 C:\\laragon-7.0.6\\www\\usetwit\\vendor\\laravel\\framework\\src\\Illuminate\\Database\\Eloquent\\Concerns\\GuardsAttributes.php(155): Illuminate\\Database\\Console\\Seeds\\SeedCommand->{closure:Illuminate\\Database\\Console\\Seeds\\SeedCommand::handle():69}()
#7 C:\\laragon-7.0.6\\www\\usetwit\\vendor\\laravel\\framework\\src\\Illuminate\\Database\\Console\\Seeds\\SeedCommand.php(69): Illuminate\\Database\\Eloquent\\Model::unguarded(Object(Closure))
#8 C:\\laragon-7.0.6\\www\\usetwit\\vendor\\laravel\\framework\\src\\Illuminate\\Container\\BoundMethod.php(36): Illuminate\\Database\\Console\\Seeds\\SeedCommand->handle()
#9 C:\\laragon-7.0.6\\www\\usetwit\\vendor\\laravel\\framework\\src\\Illuminate\\Container\\Util.php(43): Illuminate\\Container\\BoundMethod::{closure:Illuminate\\Container\\BoundMethod::call():35}()
#10 C:\\laragon-7.0.6\\www\\usetwit\\vendor\\laravel\\framework\\src\\Illuminate\\Container\\BoundMethod.php(96): Illuminate\\Container\\Util::unwrapIfClosure(Object(Closure))
#11 C:\\laragon-7.0.6\\www\\usetwit\\vendor\\laravel\\framework\\src\\Illuminate\\Container\\BoundMethod.php(35): Illuminate\\Container\\BoundMethod::callBoundMethod(Object(Illuminate\\Foundation\\Application), Array, Object(Closure))
#12 C:\\laragon-7.0.6\\www\\usetwit\\vendor\\laravel\\framework\\src\\Illuminate\\Container\\Container.php(754): Illuminate\\Container\\BoundMethod::call(Object(Illuminate\\Foundation\\Application), Array, Array, NULL)
#13 C:\\laragon-7.0.6\\www\\usetwit\\vendor\\laravel\\framework\\src\\Illuminate\\Console\\Command.php(213): Illuminate\\Container\\Container->call(Array)
#14 C:\\laragon-7.0.6\\www\\usetwit\\vendor\\symfony\\console\\Command\\Command.php(279): Illuminate\\Console\\Command->execute(Object(Symfony\\Component\\Console\\Input\\ArgvInput), Object(Illuminate\\Console\\OutputStyle))
#15 C:\\laragon-7.0.6\\www\\usetwit\\vendor\\laravel\\framework\\src\\Illuminate\\Console\\Command.php(182): Symfony\\Component\\Console\\Command\\Command->run(Object(Symfony\\Component\\Console\\Input\\ArgvInput), Object(Illuminate\\Console\\OutputStyle))
#16 C:\\laragon-7.0.6\\www\\usetwit\\vendor\\symfony\\console\\Application.php(1094): Illuminate\\Console\\Command->run(Object(Symfony\\Component\\Console\\Input\\ArgvInput), Object(Symfony\\Component\\Console\\Output\\ConsoleOutput))
#17 C:\\laragon-7.0.6\\www\\usetwit\\vendor\\symfony\\console\\Application.php(342): Symfony\\Component\\Console\\Application->doRunCommand(Object(Illuminate\\Database\\Console\\Seeds\\SeedCommand), Object(Symfony\\Component\\Console\\Input\\ArgvInput), Object(Symfony\\Component\\Console\\Output\\ConsoleOutput))
#18 C:\\laragon-7.0.6\\www\\usetwit\\vendor\\symfony\\console\\Application.php(193): Symfony\\Component\\Console\\Application->doRun(Object(Symfony\\Component\\Console\\Input\\ArgvInput), Object(Symfony\\Component\\Console\\Output\\ConsoleOutput))
#19 C:\\laragon-7.0.6\\www\\usetwit\\vendor\\laravel\\framework\\src\\Illuminate\\Foundation\\Console\\Kernel.php(198): Symfony\\Component\\Console\\Application->run(Object(Symfony\\Component\\Console\\Input\\ArgvInput), Object(Symfony\\Component\\Console\\Output\\ConsoleOutput))
#20 C:\\laragon-7.0.6\\www\\usetwit\\vendor\\laravel\\framework\\src\\Illuminate\\Foundation\\Application.php(1235): Illuminate\\Foundation\\Console\\Kernel->handle(Object(Symfony\\Component\\Console\\Input\\ArgvInput), Object(Symfony\\Component\\Console\\Output\\ConsoleOutput))
#21 C:\\laragon-7.0.6\\www\\usetwit\\artisan(13): Illuminate\\Foundation\\Application->handleCommand(Object(Symfony\\Component\\Console\\Input\\ArgvInput))
#22 {main}

[previous exception] [object] (ReflectionException(code: -1): Class \"Database\\\\Seeders\\\\BomSeeder\" does not exist at C:\\laragon-7.0.6\\www\\usetwit\\vendor\\laravel\\framework\\src\\Illuminate\\Container\\Container.php:1017)
[stacktrace]
#0 C:\\laragon-7.0.6\\www\\usetwit\\vendor\\laravel\\framework\\src\\Illuminate\\Container\\Container.php(1017): ReflectionClass->__construct('Database\\\\\\\\Seede...')
#1 C:\\laragon-7.0.6\\www\\usetwit\\vendor\\laravel\\framework\\src\\Illuminate\\Container\\Container.php(890): Illuminate\\Container\\Container->build('Database\\\\\\\\Seede...')
#2 C:\\laragon-7.0.6\\www\\usetwit\\vendor\\laravel\\framework\\src\\Illuminate\\Foundation\\Application.php(1078): Illuminate\\Container\\Container->resolve('Database\\\\\\\\Seede...', Array, true)
#3 C:\\laragon-7.0.6\\www\\usetwit\\vendor\\laravel\\framework\\src\\Illuminate\\Container\\Container.php(821): Illuminate\\Foundation\\Application->resolve('Database\\\\\\\\Seede...', Array)
#4 C:\\laragon-7.0.6\\www\\usetwit\\vendor\\laravel\\framework\\src\\Illuminate\\Foundation\\Application.php(1058): Illuminate\\Container\\Container->make('Database\\\\\\\\Seede...', Array)
#5 C:\\laragon-7.0.6\\www\\usetwit\\vendor\\laravel\\framework\\src\\Illuminate\\Database\\Console\\Seeds\\SeedCommand.php(98): Illuminate\\Foundation\\Application->make('Database\\\\\\\\Seede...')
#6 C:\\laragon-7.0.6\\www\\usetwit\\vendor\\laravel\\framework\\src\\Illuminate\\Database\\Console\\Seeds\\SeedCommand.php(70): Illuminate\\Database\\Console\\Seeds\\SeedCommand->getSeeder()
#7 C:\\laragon-7.0.6\\www\\usetwit\\vendor\\laravel\\framework\\src\\Illuminate\\Database\\Eloquent\\Concerns\\GuardsAttributes.php(155): Illuminate\\Database\\Console\\Seeds\\SeedCommand->{closure:Illuminate\\Database\\Console\\Seeds\\SeedCommand::handle():69}()
#8 C:\\laragon-7.0.6\\www\\usetwit\\vendor\\laravel\\framework\\src\\Illuminate\\Database\\Console\\Seeds\\SeedCommand.php(69): Illuminate\\Database\\Eloquent\\Model::unguarded(Object(Closure))
#9 C:\\laragon-7.0.6\\www\\usetwit\\vendor\\laravel\\framework\\src\\Illuminate\\Container\\BoundMethod.php(36): Illuminate\\Database\\Console\\Seeds\\SeedCommand->handle()
#10 C:\\laragon-7.0.6\\www\\usetwit\\vendor\\laravel\\framework\\src\\Illuminate\\Container\\Util.php(43): Illuminate\\Container\\BoundMethod::{closure:Illuminate\\Container\\BoundMethod::call():35}()
#11 C:\\laragon-7.0.6\\www\\usetwit\\vendor\\laravel\\framework\\src\\Illuminate\\Container\\BoundMethod.php(96): Illuminate\\Container\\Util::unwrapIfClosure(Object(Closure))
#12 C:\\laragon-7.0.6\\www\\usetwit\\vendor\\laravel\\framework\\src\\Illuminate\\Container\\BoundMethod.php(35): Illuminate\\Container\\BoundMethod::callBoundMethod(Object(Illuminate\\Foundation\\Application), Array, Object(Closure))
#13 C:\\laragon-7.0.6\\www\\usetwit\\vendor\\laravel\\framework\\src\\Illuminate\\Container\\Container.php(754): Illuminate\\Container\\BoundMethod::call(Object(Illuminate\\Foundation\\Application), Array, Array, NULL)
#14 C:\\laragon-7.0.6\\www\\usetwit\\vendor\\laravel\\framework\\src\\Illuminate\\Console\\Command.php(213): Illuminate\\Container\\Container->call(Array)
#15 C:\\laragon-7.0.6\\www\\usetwit\\vendor\\symfony\\console\\Command\\Command.php(279): Illuminate\\Console\\Command->execute(Object(Symfony\\Component\\Console\\Input\\ArgvInput), Object(Illuminate\\Console\\OutputStyle))
#16 C:\\laragon-7.0.6\\www\\usetwit\\vendor\\laravel\\framework\\src\\Illuminate\\Console\\Command.php(182): Symfony\\Component\\Console\\Command\\Command->run(Object(Symfony\\Component\\Console\\Input\\ArgvInput), Object(Illuminate\\Console\\OutputStyle))
#17 C:\\laragon-7.0.6\\www\\usetwit\\vendor\\symfony\\console\\Application.php(1094): Illuminate\\Console\\Command->run(Object(Symfony\\Component\\Console\\Input\\ArgvInput), Object(Symfony\\Component\\Console\\Output\\ConsoleOutput))
#18 C:\\laragon-7.0.6\\www\\usetwit\\vendor\\symfony\\console\\Application.php(342): Symfony\\Component\\Console\\Application->doRunCommand(Object(Illuminate\\Database\\Console\\Seeds\\SeedCommand), Object(Symfony\\Component\\Console\\Input\\ArgvInput), Object(Symfony\\Component\\Console\\Output\\ConsoleOutput))
#19 C:\\laragon-7.0.6\\www\\usetwit\\vendor\\symfony\\console\\Application.php(193): Symfony\\Component\\Console\\Application->doRun(Object(Symfony\\Component\\Console\\Input\\ArgvInput), Object(Symfony\\Component\\Console\\Output\\ConsoleOutput))
#20 C:\\laragon-7.0.6\\www\\usetwit\\vendor\\laravel\\framework\\src\\Illuminate\\Foundation\\Console\\Kernel.php(198): Symfony\\Component\\Console\\Application->run(Object(Symfony\\Component\\Console\\Input\\ArgvInput), Object(Symfony\\Component\\Console\\Output\\ConsoleOutput))
#21 C:\\laragon-7.0.6\\www\\usetwit\\vendor\\laravel\\framework\\src\\Illuminate\\Foundation\\Application.php(1235): Illuminate\\Foundation\\Console\\Kernel->handle(Object(Symfony\\Component\\Console\\Input\\ArgvInput), Object(Symfony\\Component\\Console\\Output\\ConsoleOutput))
#22 C:\\laragon-7.0.6\\www\\usetwit\\artisan(13): Illuminate\\Foundation\\Application->handleCommand(Object(Symfony\\Component\\Console\\Input\\ArgvInput))
#23 {main}
"} 
[2025-03-12 23:15:47] local.ERROR: SQLSTATE[42S22]: Column not found: 1054 Unknown column 'bom_version_id' in 'field list' (Connection: mysql, SQL: insert into `bom_operations` (`bom_id`, `operation_id`, `calendar_id`, `type`, `buffer_duration_type`, `x`, `y`, `color`, `buffer_duration`, `instructions`, `bom_version_id`, `updated_at`, `created_at`) values (53, 1, 2, process, ?, 140, 50, teal, ?, ?, 1, 2025-03-12 23:15:47, 2025-03-12 23:15:47)) {"exception":"[object] (Illuminate\\Database\\QueryException(code: 42S22): SQLSTATE[42S22]: Column not found: 1054 Unknown column 'bom_version_id' in 'field list' (Connection: mysql, SQL: insert into `bom_operations` (`bom_id`, `operation_id`, `calendar_id`, `type`, `buffer_duration_type`, `x`, `y`, `color`, `buffer_duration`, `instructions`, `bom_version_id`, `updated_at`, `created_at`) values (53, 1, 2, process, ?, 140, 50, teal, ?, ?, 1, 2025-03-12 23:15:47, 2025-03-12 23:15:47)) at C:\\laragon-7.0.6\\www\\usetwit\\vendor\\laravel\\framework\\src\\Illuminate\\Database\\Connection.php:823)
[stacktrace]
#0 C:\\laragon-7.0.6\\www\\usetwit\\vendor\\laravel\\framework\\src\\Illuminate\\Database\\Connection.php(777): Illuminate\\Database\\Connection->runQueryCallback('insert into `bo...', Array, Object(Closure))
#1 C:\\laragon-7.0.6\\www\\usetwit\\vendor\\laravel\\framework\\src\\Illuminate\\Database\\MySqlConnection.php(42): Illuminate\\Database\\Connection->run('insert into `bo...', Array, Object(Closure))
#2 C:\\laragon-7.0.6\\www\\usetwit\\vendor\\laravel\\framework\\src\\Illuminate\\Database\\Query\\Processors\\MySqlProcessor.php(35): Illuminate\\Database\\MySqlConnection->insert('insert into `bo...', Array, 'id')
#3 C:\\laragon-7.0.6\\www\\usetwit\\vendor\\laravel\\framework\\src\\Illuminate\\Database\\Query\\Builder.php(3767): Illuminate\\Database\\Query\\Processors\\MySqlProcessor->processInsertGetId(Object(Illuminate\\Database\\Query\\Builder), 'insert into `bo...', Array, 'id')
#4 C:\\laragon-7.0.6\\www\\usetwit\\vendor\\laravel\\framework\\src\\Illuminate\\Database\\Eloquent\\Builder.php(2141): Illuminate\\Database\\Query\\Builder->insertGetId(Array, 'id')
#5 C:\\laragon-7.0.6\\www\\usetwit\\vendor\\laravel\\framework\\src\\Illuminate\\Database\\Eloquent\\Model.php(1359): Illuminate\\Database\\Eloquent\\Builder->__call('insertGetId', Array)
#6 C:\\laragon-7.0.6\\www\\usetwit\\vendor\\laravel\\framework\\src\\Illuminate\\Database\\Eloquent\\Model.php(1324): Illuminate\\Database\\Eloquent\\Model->insertAndSetId(Object(Illuminate\\Database\\Eloquent\\Builder), Array)
#7 C:\\laragon-7.0.6\\www\\usetwit\\vendor\\laravel\\framework\\src\\Illuminate\\Database\\Eloquent\\Model.php(1163): Illuminate\\Database\\Eloquent\\Model->performInsert(Object(Illuminate\\Database\\Eloquent\\Builder))
#8 C:\\laragon-7.0.6\\www\\usetwit\\vendor\\laravel\\framework\\src\\Illuminate\\Database\\Eloquent\\Factories\\Factory.php(352): Illuminate\\Database\\Eloquent\\Model->save()
#9 C:\\laragon-7.0.6\\www\\usetwit\\vendor\\laravel\\framework\\src\\Illuminate\\Collections\\Traits\\EnumeratesValues.php(261): Illuminate\\Database\\Eloquent\\Factories\\Factory->{closure:Illuminate\\Database\\Eloquent\\Factories\\Factory::store():347}(Object(App\\Models\\BomOperation), 0)
#10 C:\\laragon-7.0.6\\www\\usetwit\\vendor\\laravel\\framework\\src\\Illuminate\\Database\\Eloquent\\Factories\\Factory.php(347): Illuminate\\Support\\Collection->each(Object(Closure))
#11 C:\\laragon-7.0.6\\www\\usetwit\\vendor\\laravel\\framework\\src\\Illuminate\\Database\\Eloquent\\Factories\\Factory.php(303): Illuminate\\Database\\Eloquent\\Factories\\Factory->store(Object(Illuminate\\Support\\Collection))
#12 C:\\laragon-7.0.6\\www\\usetwit\\vendor\\laravel\\framework\\src\\Illuminate\\Database\\Eloquent\\Factories\\Factory.php(297): Illuminate\\Database\\Eloquent\\Factories\\Factory->create(Array, NULL)
#13 C:\\laragon-7.0.6\\www\\usetwit\\database\\seeders\\BomOperationsSeeder.php(28): Illuminate\\Database\\Eloquent\\Factories\\Factory->create(Array)
#14 C:\\laragon-7.0.6\\www\\usetwit\\vendor\\laravel\\framework\\src\\Illuminate\\Container\\BoundMethod.php(36): Database\\Seeders\\BomOperationsSeeder->run()
#15 C:\\laragon-7.0.6\\www\\usetwit\\vendor\\laravel\\framework\\src\\Illuminate\\Container\\Util.php(43): Illuminate\\Container\\BoundMethod::{closure:Illuminate\\Container\\BoundMethod::call():35}()
#16 C:\\laragon-7.0.6\\www\\usetwit\\vendor\\laravel\\framework\\src\\Illuminate\\Container\\BoundMethod.php(96): Illuminate\\Container\\Util::unwrapIfClosure(Object(Closure))
#17 C:\\laragon-7.0.6\\www\\usetwit\\vendor\\laravel\\framework\\src\\Illuminate\\Container\\BoundMethod.php(35): Illuminate\\Container\\BoundMethod::callBoundMethod(Object(Illuminate\\Foundation\\Application), Array, Object(Closure))
#18 C:\\laragon-7.0.6\\www\\usetwit\\vendor\\laravel\\framework\\src\\Illuminate\\Container\\Container.php(754): Illuminate\\Container\\BoundMethod::call(Object(Illuminate\\Foundation\\Application), Array, Array, NULL)
#19 C:\\laragon-7.0.6\\www\\usetwit\\vendor\\laravel\\framework\\src\\Illuminate\\Database\\Seeder.php(188): Illuminate\\Container\\Container->call(Array, Array)
#20 C:\\laragon-7.0.6\\www\\usetwit\\vendor\\laravel\\framework\\src\\Illuminate\\Database\\Seeder.php(197): Illuminate\\Database\\Seeder->{closure:Illuminate\\Database\\Seeder::__invoke():187}()
#21 C:\\laragon-7.0.6\\www\\usetwit\\vendor\\laravel\\framework\\src\\Illuminate\\Database\\Seeder.php(61): Illuminate\\Database\\Seeder->__invoke(Array)
#22 C:\\laragon-7.0.6\\www\\usetwit\\database\\seeders\\DatabaseSeeder.php(14): Illuminate\\Database\\Seeder->call('Database\\\\Seeder...')
#23 C:\\laragon-7.0.6\\www\\usetwit\\vendor\\laravel\\framework\\src\\Illuminate\\Container\\BoundMethod.php(36): Database\\Seeders\\DatabaseSeeder->run()
#24 C:\\laragon-7.0.6\\www\\usetwit\\vendor\\laravel\\framework\\src\\Illuminate\\Container\\Util.php(43): Illuminate\\Container\\BoundMethod::{closure:Illuminate\\Container\\BoundMethod::call():35}()
#25 C:\\laragon-7.0.6\\www\\usetwit\\vendor\\laravel\\framework\\src\\Illuminate\\Container\\BoundMethod.php(96): Illuminate\\Container\\Util::unwrapIfClosure(Object(Closure))
#26 C:\\laragon-7.0.6\\www\\usetwit\\vendor\\laravel\\framework\\src\\Illuminate\\Container\\BoundMethod.php(35): Illuminate\\Container\\BoundMethod::callBoundMethod(Object(Illuminate\\Foundation\\Application), Array, Object(Closure))
#27 C:\\laragon-7.0.6\\www\\usetwit\\vendor\\laravel\\framework\\src\\Illuminate\\Container\\Container.php(754): Illuminate\\Container\\BoundMethod::call(Object(Illuminate\\Foundation\\Application), Array, Array, NULL)
#28 C:\\laragon-7.0.6\\www\\usetwit\\vendor\\laravel\\framework\\src\\Illuminate\\Database\\Seeder.php(188): Illuminate\\Container\\Container->call(Array, Array)
#29 C:\\laragon-7.0.6\\www\\usetwit\\vendor\\laravel\\framework\\src\\Illuminate\\Database\\Seeder.php(197): Illuminate\\Database\\Seeder->{closure:Illuminate\\Database\\Seeder::__invoke():187}()
#30 C:\\laragon-7.0.6\\www\\usetwit\\vendor\\laravel\\framework\\src\\Illuminate\\Database\\Console\\Seeds\\SeedCommand.php(70): Illuminate\\Database\\Seeder->__invoke()
#31 C:\\laragon-7.0.6\\www\\usetwit\\vendor\\laravel\\framework\\src\\Illuminate\\Database\\Eloquent\\Concerns\\GuardsAttributes.php(155): Illuminate\\Database\\Console\\Seeds\\SeedCommand->{closure:Illuminate\\Database\\Console\\Seeds\\SeedCommand::handle():69}()
#32 C:\\laragon-7.0.6\\www\\usetwit\\vendor\\laravel\\framework\\src\\Illuminate\\Database\\Console\\Seeds\\SeedCommand.php(69): Illuminate\\Database\\Eloquent\\Model::unguarded(Object(Closure))
#33 C:\\laragon-7.0.6\\www\\usetwit\\vendor\\laravel\\framework\\src\\Illuminate\\Container\\BoundMethod.php(36): Illuminate\\Database\\Console\\Seeds\\SeedCommand->handle()
#34 C:\\laragon-7.0.6\\www\\usetwit\\vendor\\laravel\\framework\\src\\Illuminate\\Container\\Util.php(43): Illuminate\\Container\\BoundMethod::{closure:Illuminate\\Container\\BoundMethod::call():35}()
#35 C:\\laragon-7.0.6\\www\\usetwit\\vendor\\laravel\\framework\\src\\Illuminate\\Container\\BoundMethod.php(96): Illuminate\\Container\\Util::unwrapIfClosure(Object(Closure))
#36 C:\\laragon-7.0.6\\www\\usetwit\\vendor\\laravel\\framework\\src\\Illuminate\\Container\\BoundMethod.php(35): Illuminate\\Container\\BoundMethod::callBoundMethod(Object(Illuminate\\Foundation\\Application), Array, Object(Closure))
#37 C:\\laragon-7.0.6\\www\\usetwit\\vendor\\laravel\\framework\\src\\Illuminate\\Container\\Container.php(754): Illuminate\\Container\\BoundMethod::call(Object(Illuminate\\Foundation\\Application), Array, Array, NULL)
#38 C:\\laragon-7.0.6\\www\\usetwit\\vendor\\laravel\\framework\\src\\Illuminate\\Console\\Command.php(213): Illuminate\\Container\\Container->call(Array)
#39 C:\\laragon-7.0.6\\www\\usetwit\\vendor\\symfony\\console\\Command\\Command.php(279): Illuminate\\Console\\Command->execute(Object(Symfony\\Component\\Console\\Input\\ArrayInput), Object(Illuminate\\Console\\OutputStyle))
#40 C:\\laragon-7.0.6\\www\\usetwit\\vendor\\laravel\\framework\\src\\Illuminate\\Console\\Command.php(182): Symfony\\Component\\Console\\Command\\Command->run(Object(Symfony\\Component\\Console\\Input\\ArrayInput), Object(Illuminate\\Console\\OutputStyle))
#41 C:\\laragon-7.0.6\\www\\usetwit\\vendor\\laravel\\framework\\src\\Illuminate\\Console\\Concerns\\CallsCommands.php(68): Illuminate\\Console\\Command->run(Object(Symfony\\Component\\Console\\Input\\ArrayInput), Object(Illuminate\\Console\\OutputStyle))
#42 C:\\laragon-7.0.6\\www\\usetwit\\vendor\\laravel\\framework\\src\\Illuminate\\Console\\Concerns\\CallsCommands.php(29): Illuminate\\Console\\Command->runCommand('db:seed', Array, Object(Illuminate\\Console\\OutputStyle))
#43 C:\\laragon-7.0.6\\www\\usetwit\\app\\Console\\Commands\\RefreshAndSeedCommand.php(32): Illuminate\\Console\\Command->call('db:seed')
#44 C:\\laragon-7.0.6\\www\\usetwit\\vendor\\laravel\\framework\\src\\Illuminate\\Container\\BoundMethod.php(36): App\\Console\\Commands\\RefreshAndSeedCommand->handle()
#45 C:\\laragon-7.0.6\\www\\usetwit\\vendor\\laravel\\framework\\src\\Illuminate\\Container\\Util.php(43): Illuminate\\Container\\BoundMethod::{closure:Illuminate\\Container\\BoundMethod::call():35}()
#46 C:\\laragon-7.0.6\\www\\usetwit\\vendor\\laravel\\framework\\src\\Illuminate\\Container\\BoundMethod.php(96): Illuminate\\Container\\Util::unwrapIfClosure(Object(Closure))
#47 C:\\laragon-7.0.6\\www\\usetwit\\vendor\\laravel\\framework\\src\\Illuminate\\Container\\BoundMethod.php(35): Illuminate\\Container\\BoundMethod::callBoundMethod(Object(Illuminate\\Foundation\\Application), Array, Object(Closure))
#48 C:\\laragon-7.0.6\\www\\usetwit\\vendor\\laravel\\framework\\src\\Illuminate\\Container\\Container.php(754): Illuminate\\Container\\BoundMethod::call(Object(Illuminate\\Foundation\\Application), Array, Array, NULL)
#49 C:\\laragon-7.0.6\\www\\usetwit\\vendor\\laravel\\framework\\src\\Illuminate\\Console\\Command.php(213): Illuminate\\Container\\Container->call(Array)
#50 C:\\laragon-7.0.6\\www\\usetwit\\vendor\\symfony\\console\\Command\\Command.php(279): Illuminate\\Console\\Command->execute(Object(Symfony\\Component\\Console\\Input\\ArgvInput), Object(Illuminate\\Console\\OutputStyle))
#51 C:\\laragon-7.0.6\\www\\usetwit\\vendor\\laravel\\framework\\src\\Illuminate\\Console\\Command.php(182): Symfony\\Component\\Console\\Command\\Command->run(Object(Symfony\\Component\\Console\\Input\\ArgvInput), Object(Illuminate\\Console\\OutputStyle))
#52 C:\\laragon-7.0.6\\www\\usetwit\\vendor\\symfony\\console\\Application.php(1094): Illuminate\\Console\\Command->run(Object(Symfony\\Component\\Console\\Input\\ArgvInput), Object(Symfony\\Component\\Console\\Output\\ConsoleOutput))
#53 C:\\laragon-7.0.6\\www\\usetwit\\vendor\\symfony\\console\\Application.php(342): Symfony\\Component\\Console\\Application->doRunCommand(Object(App\\Console\\Commands\\RefreshAndSeedCommand), Object(Symfony\\Component\\Console\\Input\\ArgvInput), Object(Symfony\\Component\\Console\\Output\\ConsoleOutput))
#54 C:\\laragon-7.0.6\\www\\usetwit\\vendor\\symfony\\console\\Application.php(193): Symfony\\Component\\Console\\Application->doRun(Object(Symfony\\Component\\Console\\Input\\ArgvInput), Object(Symfony\\Component\\Console\\Output\\ConsoleOutput))
#55 C:\\laragon-7.0.6\\www\\usetwit\\vendor\\laravel\\framework\\src\\Illuminate\\Foundation\\Console\\Kernel.php(198): Symfony\\Component\\Console\\Application->run(Object(Symfony\\Component\\Console\\Input\\ArgvInput), Object(Symfony\\Component\\Console\\Output\\ConsoleOutput))
#56 C:\\laragon-7.0.6\\www\\usetwit\\vendor\\laravel\\framework\\src\\Illuminate\\Foundation\\Application.php(1235): Illuminate\\Foundation\\Console\\Kernel->handle(Object(Symfony\\Component\\Console\\Input\\ArgvInput), Object(Symfony\\Component\\Console\\Output\\ConsoleOutput))
#57 C:\\laragon-7.0.6\\www\\usetwit\\artisan(13): Illuminate\\Foundation\\Application->handleCommand(Object(Symfony\\Component\\Console\\Input\\ArgvInput))
#58 {main}

[previous exception] [object] (PDOException(code: 42S22): SQLSTATE[42S22]: Column not found: 1054 Unknown column 'bom_version_id' in 'field list' at C:\\laragon-7.0.6\\www\\usetwit\\vendor\\laravel\\framework\\src\\Illuminate\\Database\\MySqlConnection.php:47)
[stacktrace]
#0 C:\\laragon-7.0.6\\www\\usetwit\\vendor\\laravel\\framework\\src\\Illuminate\\Database\\MySqlConnection.php(47): PDO->prepare('insert into `bo...')
#1 C:\\laragon-7.0.6\\www\\usetwit\\vendor\\laravel\\framework\\src\\Illuminate\\Database\\Connection.php(810): Illuminate\\Database\\MySqlConnection->{closure:Illuminate\\Database\\MySqlConnection::insert():42}('insert into `bo...', Array)
#2 C:\\laragon-7.0.6\\www\\usetwit\\vendor\\laravel\\framework\\src\\Illuminate\\Database\\Connection.php(777): Illuminate\\Database\\Connection->runQueryCallback('insert into `bo...', Array, Object(Closure))
#3 C:\\laragon-7.0.6\\www\\usetwit\\vendor\\laravel\\framework\\src\\Illuminate\\Database\\MySqlConnection.php(42): Illuminate\\Database\\Connection->run('insert into `bo...', Array, Object(Closure))
#4 C:\\laragon-7.0.6\\www\\usetwit\\vendor\\laravel\\framework\\src\\Illuminate\\Database\\Query\\Processors\\MySqlProcessor.php(35): Illuminate\\Database\\MySqlConnection->insert('insert into `bo...', Array, 'id')
#5 C:\\laragon-7.0.6\\www\\usetwit\\vendor\\laravel\\framework\\src\\Illuminate\\Database\\Query\\Builder.php(3767): Illuminate\\Database\\Query\\Processors\\MySqlProcessor->processInsertGetId(Object(Illuminate\\Database\\Query\\Builder), 'insert into `bo...', Array, 'id')
#6 C:\\laragon-7.0.6\\www\\usetwit\\vendor\\laravel\\framework\\src\\Illuminate\\Database\\Eloquent\\Builder.php(2141): Illuminate\\Database\\Query\\Builder->insertGetId(Array, 'id')
#7 C:\\laragon-7.0.6\\www\\usetwit\\vendor\\laravel\\framework\\src\\Illuminate\\Database\\Eloquent\\Model.php(1359): Illuminate\\Database\\Eloquent\\Builder->__call('insertGetId', Array)
#8 C:\\laragon-7.0.6\\www\\usetwit\\vendor\\laravel\\framework\\src\\Illuminate\\Database\\Eloquent\\Model.php(1324): Illuminate\\Database\\Eloquent\\Model->insertAndSetId(Object(Illuminate\\Database\\Eloquent\\Builder), Array)
#9 C:\\laragon-7.0.6\\www\\usetwit\\vendor\\laravel\\framework\\src\\Illuminate\\Database\\Eloquent\\Model.php(1163): Illuminate\\Database\\Eloquent\\Model->performInsert(Object(Illuminate\\Database\\Eloquent\\Builder))
#10 C:\\laragon-7.0.6\\www\\usetwit\\vendor\\laravel\\framework\\src\\Illuminate\\Database\\Eloquent\\Factories\\Factory.php(352): Illuminate\\Database\\Eloquent\\Model->save()
#11 C:\\laragon-7.0.6\\www\\usetwit\\vendor\\laravel\\framework\\src\\Illuminate\\Collections\\Traits\\EnumeratesValues.php(261): Illuminate\\Database\\Eloquent\\Factories\\Factory->{closure:Illuminate\\Database\\Eloquent\\Factories\\Factory::store():347}(Object(App\\Models\\BomOperation), 0)
#12 C:\\laragon-7.0.6\\www\\usetwit\\vendor\\laravel\\framework\\src\\Illuminate\\Database\\Eloquent\\Factories\\Factory.php(347): Illuminate\\Support\\Collection->each(Object(Closure))
#13 C:\\laragon-7.0.6\\www\\usetwit\\vendor\\laravel\\framework\\src\\Illuminate\\Database\\Eloquent\\Factories\\Factory.php(303): Illuminate\\Database\\Eloquent\\Factories\\Factory->store(Object(Illuminate\\Support\\Collection))
#14 C:\\laragon-7.0.6\\www\\usetwit\\vendor\\laravel\\framework\\src\\Illuminate\\Database\\Eloquent\\Factories\\Factory.php(297): Illuminate\\Database\\Eloquent\\Factories\\Factory->create(Array, NULL)
#15 C:\\laragon-7.0.6\\www\\usetwit\\database\\seeders\\BomOperationsSeeder.php(28): Illuminate\\Database\\Eloquent\\Factories\\Factory->create(Array)
#16 C:\\laragon-7.0.6\\www\\usetwit\\vendor\\laravel\\framework\\src\\Illuminate\\Container\\BoundMethod.php(36): Database\\Seeders\\BomOperationsSeeder->run()
#17 C:\\laragon-7.0.6\\www\\usetwit\\vendor\\laravel\\framework\\src\\Illuminate\\Container\\Util.php(43): Illuminate\\Container\\BoundMethod::{closure:Illuminate\\Container\\BoundMethod::call():35}()
#18 C:\\laragon-7.0.6\\www\\usetwit\\vendor\\laravel\\framework\\src\\Illuminate\\Container\\BoundMethod.php(96): Illuminate\\Container\\Util::unwrapIfClosure(Object(Closure))
#19 C:\\laragon-7.0.6\\www\\usetwit\\vendor\\laravel\\framework\\src\\Illuminate\\Container\\BoundMethod.php(35): Illuminate\\Container\\BoundMethod::callBoundMethod(Object(Illuminate\\Foundation\\Application), Array, Object(Closure))
#20 C:\\laragon-7.0.6\\www\\usetwit\\vendor\\laravel\\framework\\src\\Illuminate\\Container\\Container.php(754): Illuminate\\Container\\BoundMethod::call(Object(Illuminate\\Foundation\\Application), Array, Array, NULL)
#21 C:\\laragon-7.0.6\\www\\usetwit\\vendor\\laravel\\framework\\src\\Illuminate\\Database\\Seeder.php(188): Illuminate\\Container\\Container->call(Array, Array)
#22 C:\\laragon-7.0.6\\www\\usetwit\\vendor\\laravel\\framework\\src\\Illuminate\\Database\\Seeder.php(197): Illuminate\\Database\\Seeder->{closure:Illuminate\\Database\\Seeder::__invoke():187}()
#23 C:\\laragon-7.0.6\\www\\usetwit\\vendor\\laravel\\framework\\src\\Illuminate\\Database\\Seeder.php(61): Illuminate\\Database\\Seeder->__invoke(Array)
#24 C:\\laragon-7.0.6\\www\\usetwit\\database\\seeders\\DatabaseSeeder.php(14): Illuminate\\Database\\Seeder->call('Database\\\\Seeder...')
#25 C:\\laragon-7.0.6\\www\\usetwit\\vendor\\laravel\\framework\\src\\Illuminate\\Container\\BoundMethod.php(36): Database\\Seeders\\DatabaseSeeder->run()
#26 C:\\laragon-7.0.6\\www\\usetwit\\vendor\\laravel\\framework\\src\\Illuminate\\Container\\Util.php(43): Illuminate\\Container\\BoundMethod::{closure:Illuminate\\Container\\BoundMethod::call():35}()
#27 C:\\laragon-7.0.6\\www\\usetwit\\vendor\\laravel\\framework\\src\\Illuminate\\Container\\BoundMethod.php(96): Illuminate\\Container\\Util::unwrapIfClosure(Object(Closure))
#28 C:\\laragon-7.0.6\\www\\usetwit\\vendor\\laravel\\framework\\src\\Illuminate\\Container\\BoundMethod.php(35): Illuminate\\Container\\BoundMethod::callBoundMethod(Object(Illuminate\\Foundation\\Application), Array, Object(Closure))
#29 C:\\laragon-7.0.6\\www\\usetwit\\vendor\\laravel\\framework\\src\\Illuminate\\Container\\Container.php(754): Illuminate\\Container\\BoundMethod::call(Object(Illuminate\\Foundation\\Application), Array, Array, NULL)
#30 C:\\laragon-7.0.6\\www\\usetwit\\vendor\\laravel\\framework\\src\\Illuminate\\Database\\Seeder.php(188): Illuminate\\Container\\Container->call(Array, Array)
#31 C:\\laragon-7.0.6\\www\\usetwit\\vendor\\laravel\\framework\\src\\Illuminate\\Database\\Seeder.php(197): Illuminate\\Database\\Seeder->{closure:Illuminate\\Database\\Seeder::__invoke():187}()
#32 C:\\laragon-7.0.6\\www\\usetwit\\vendor\\laravel\\framework\\src\\Illuminate\\Database\\Console\\Seeds\\SeedCommand.php(70): Illuminate\\Database\\Seeder->__invoke()
#33 C:\\laragon-7.0.6\\www\\usetwit\\vendor\\laravel\\framework\\src\\Illuminate\\Database\\Eloquent\\Concerns\\GuardsAttributes.php(155): Illuminate\\Database\\Console\\Seeds\\SeedCommand->{closure:Illuminate\\Database\\Console\\Seeds\\SeedCommand::handle():69}()
#34 C:\\laragon-7.0.6\\www\\usetwit\\vendor\\laravel\\framework\\src\\Illuminate\\Database\\Console\\Seeds\\SeedCommand.php(69): Illuminate\\Database\\Eloquent\\Model::unguarded(Object(Closure))
#35 C:\\laragon-7.0.6\\www\\usetwit\\vendor\\laravel\\framework\\src\\Illuminate\\Container\\BoundMethod.php(36): Illuminate\\Database\\Console\\Seeds\\SeedCommand->handle()
#36 C:\\laragon-7.0.6\\www\\usetwit\\vendor\\laravel\\framework\\src\\Illuminate\\Container\\Util.php(43): Illuminate\\Container\\BoundMethod::{closure:Illuminate\\Container\\BoundMethod::call():35}()
#37 C:\\laragon-7.0.6\\www\\usetwit\\vendor\\laravel\\framework\\src\\Illuminate\\Container\\BoundMethod.php(96): Illuminate\\Container\\Util::unwrapIfClosure(Object(Closure))
#38 C:\\laragon-7.0.6\\www\\usetwit\\vendor\\laravel\\framework\\src\\Illuminate\\Container\\BoundMethod.php(35): Illuminate\\Container\\BoundMethod::callBoundMethod(Object(Illuminate\\Foundation\\Application), Array, Object(Closure))
#39 C:\\laragon-7.0.6\\www\\usetwit\\vendor\\laravel\\framework\\src\\Illuminate\\Container\\Container.php(754): Illuminate\\Container\\BoundMethod::call(Object(Illuminate\\Foundation\\Application), Array, Array, NULL)
#40 C:\\laragon-7.0.6\\www\\usetwit\\vendor\\laravel\\framework\\src\\Illuminate\\Console\\Command.php(213): Illuminate\\Container\\Container->call(Array)
#41 C:\\laragon-7.0.6\\www\\usetwit\\vendor\\symfony\\console\\Command\\Command.php(279): Illuminate\\Console\\Command->execute(Object(Symfony\\Component\\Console\\Input\\ArrayInput), Object(Illuminate\\Console\\OutputStyle))
#42 C:\\laragon-7.0.6\\www\\usetwit\\vendor\\laravel\\framework\\src\\Illuminate\\Console\\Command.php(182): Symfony\\Component\\Console\\Command\\Command->run(Object(Symfony\\Component\\Console\\Input\\ArrayInput), Object(Illuminate\\Console\\OutputStyle))
#43 C:\\laragon-7.0.6\\www\\usetwit\\vendor\\laravel\\framework\\src\\Illuminate\\Console\\Concerns\\CallsCommands.php(68): Illuminate\\Console\\Command->run(Object(Symfony\\Component\\Console\\Input\\ArrayInput), Object(Illuminate\\Console\\OutputStyle))
#44 C:\\laragon-7.0.6\\www\\usetwit\\vendor\\laravel\\framework\\src\\Illuminate\\Console\\Concerns\\CallsCommands.php(29): Illuminate\\Console\\Command->runCommand('db:seed', Array, Object(Illuminate\\Console\\OutputStyle))
#45 C:\\laragon-7.0.6\\www\\usetwit\\app\\Console\\Commands\\RefreshAndSeedCommand.php(32): Illuminate\\Console\\Command->call('db:seed')
#46 C:\\laragon-7.0.6\\www\\usetwit\\vendor\\laravel\\framework\\src\\Illuminate\\Container\\BoundMethod.php(36): App\\Console\\Commands\\RefreshAndSeedCommand->handle()
#47 C:\\laragon-7.0.6\\www\\usetwit\\vendor\\laravel\\framework\\src\\Illuminate\\Container\\Util.php(43): Illuminate\\Container\\BoundMethod::{closure:Illuminate\\Container\\BoundMethod::call():35}()
#48 C:\\laragon-7.0.6\\www\\usetwit\\vendor\\laravel\\framework\\src\\Illuminate\\Container\\BoundMethod.php(96): Illuminate\\Container\\Util::unwrapIfClosure(Object(Closure))
#49 C:\\laragon-7.0.6\\www\\usetwit\\vendor\\laravel\\framework\\src\\Illuminate\\Container\\BoundMethod.php(35): Illuminate\\Container\\BoundMethod::callBoundMethod(Object(Illuminate\\Foundation\\Application), Array, Object(Closure))
#50 C:\\laragon-7.0.6\\www\\usetwit\\vendor\\laravel\\framework\\src\\Illuminate\\Container\\Container.php(754): Illuminate\\Container\\BoundMethod::call(Object(Illuminate\\Foundation\\Application), Array, Array, NULL)
#51 C:\\laragon-7.0.6\\www\\usetwit\\vendor\\laravel\\framework\\src\\Illuminate\\Console\\Command.php(213): Illuminate\\Container\\Container->call(Array)
#52 C:\\laragon-7.0.6\\www\\usetwit\\vendor\\symfony\\console\\Command\\Command.php(279): Illuminate\\Console\\Command->execute(Object(Symfony\\Component\\Console\\Input\\ArgvInput), Object(Illuminate\\Console\\OutputStyle))
#53 C:\\laragon-7.0.6\\www\\usetwit\\vendor\\laravel\\framework\\src\\Illuminate\\Console\\Command.php(182): Symfony\\Component\\Console\\Command\\Command->run(Object(Symfony\\Component\\Console\\Input\\ArgvInput), Object(Illuminate\\Console\\OutputStyle))
#54 C:\\laragon-7.0.6\\www\\usetwit\\vendor\\symfony\\console\\Application.php(1094): Illuminate\\Console\\Command->run(Object(Symfony\\Component\\Console\\Input\\ArgvInput), Object(Symfony\\Component\\Console\\Output\\ConsoleOutput))
#55 C:\\laragon-7.0.6\\www\\usetwit\\vendor\\symfony\\console\\Application.php(342): Symfony\\Component\\Console\\Application->doRunCommand(Object(App\\Console\\Commands\\RefreshAndSeedCommand), Object(Symfony\\Component\\Console\\Input\\ArgvInput), Object(Symfony\\Component\\Console\\Output\\ConsoleOutput))
#56 C:\\laragon-7.0.6\\www\\usetwit\\vendor\\symfony\\console\\Application.php(193): Symfony\\Component\\Console\\Application->doRun(Object(Symfony\\Component\\Console\\Input\\ArgvInput), Object(Symfony\\Component\\Console\\Output\\ConsoleOutput))
#57 C:\\laragon-7.0.6\\www\\usetwit\\vendor\\laravel\\framework\\src\\Illuminate\\Foundation\\Console\\Kernel.php(198): Symfony\\Component\\Console\\Application->run(Object(Symfony\\Component\\Console\\Input\\ArgvInput), Object(Symfony\\Component\\Console\\Output\\ConsoleOutput))
#58 C:\\laragon-7.0.6\\www\\usetwit\\vendor\\laravel\\framework\\src\\Illuminate\\Foundation\\Application.php(1235): Illuminate\\Foundation\\Console\\Kernel->handle(Object(Symfony\\Component\\Console\\Input\\ArgvInput), Object(Symfony\\Component\\Console\\Output\\ConsoleOutput))
#59 C:\\laragon-7.0.6\\www\\usetwit\\artisan(13): Illuminate\\Foundation\\Application->handleCommand(Object(Symfony\\Component\\Console\\Input\\ArgvInput))
#60 {main}
"} 
[2025-03-12 23:16:35] local.ERROR: SQLSTATE[HY000]: General error: 1824 Failed to open the referenced table 'bom_versions' (Connection: mysql, SQL: alter table `bom_operations` add constraint `bom_operations_bom_version_id_foreign` foreign key (`bom_version_id`) references `bom_versions` (`id`)) {"exception":"[object] (Illuminate\\Database\\QueryException(code: HY000): SQLSTATE[HY000]: General error: 1824 Failed to open the referenced table 'bom_versions' (Connection: mysql, SQL: alter table `bom_operations` add constraint `bom_operations_bom_version_id_foreign` foreign key (`bom_version_id`) references `bom_versions` (`id`)) at C:\\laragon-7.0.6\\www\\usetwit\\vendor\\laravel\\framework\\src\\Illuminate\\Database\\Connection.php:823)
[stacktrace]
#0 C:\\laragon-7.0.6\\www\\usetwit\\vendor\\laravel\\framework\\src\\Illuminate\\Database\\Connection.php(777): Illuminate\\Database\\Connection->runQueryCallback('alter table `bo...', Array, Object(Closure))
#1 C:\\laragon-7.0.6\\www\\usetwit\\vendor\\laravel\\framework\\src\\Illuminate\\Database\\Connection.php(558): Illuminate\\Database\\Connection->run('alter table `bo...', Array, Object(Closure))
#2 C:\\laragon-7.0.6\\www\\usetwit\\vendor\\laravel\\framework\\src\\Illuminate\\Database\\Schema\\Blueprint.php(120): Illuminate\\Database\\Connection->statement('alter table `bo...')
#3 C:\\laragon-7.0.6\\www\\usetwit\\vendor\\laravel\\framework\\src\\Illuminate\\Database\\Schema\\Builder.php(619): Illuminate\\Database\\Schema\\Blueprint->build()
#4 C:\\laragon-7.0.6\\www\\usetwit\\vendor\\laravel\\framework\\src\\Illuminate\\Database\\Schema\\Builder.php(473): Illuminate\\Database\\Schema\\Builder->build(Object(Illuminate\\Database\\Schema\\Blueprint))
#5 C:\\laragon-7.0.6\\www\\usetwit\\vendor\\laravel\\framework\\src\\Illuminate\\Support\\Facades\\Facade.php(361): Illuminate\\Database\\Schema\\Builder->create('bom_operations', Object(Closure))
#6 C:\\laragon-7.0.6\\www\\usetwit\\database\\migrations\\2025_03_09_131418_create_bom_operations_table.php(14): Illuminate\\Support\\Facades\\Facade::__callStatic('create', Array)
#7 C:\\laragon-7.0.6\\www\\usetwit\\vendor\\laravel\\framework\\src\\Illuminate\\Database\\Migrations\\Migrator.php(507): Illuminate\\Database\\Migrations\\Migration@anonymous->up()
#8 C:\\laragon-7.0.6\\www\\usetwit\\vendor\\laravel\\framework\\src\\Illuminate\\Database\\Migrations\\Migrator.php(432): Illuminate\\Database\\Migrations\\Migrator->runMethod(Object(Illuminate\\Database\\MySqlConnection), Object(Illuminate\\Database\\Migrations\\Migration@anonymous), 'up')
#9 C:\\laragon-7.0.6\\www\\usetwit\\vendor\\laravel\\framework\\src\\Illuminate\\Database\\Migrations\\Migrator.php(441): Illuminate\\Database\\Migrations\\Migrator->{closure:Illuminate\\Database\\Migrations\\Migrator::runMigration():428}()
#10 C:\\laragon-7.0.6\\www\\usetwit\\vendor\\laravel\\framework\\src\\Illuminate\\Database\\Migrations\\Migrator.php(244): Illuminate\\Database\\Migrations\\Migrator->runMigration(Object(Illuminate\\Database\\Migrations\\Migration@anonymous), 'up')
#11 C:\\laragon-7.0.6\\www\\usetwit\\vendor\\laravel\\framework\\src\\Illuminate\\Console\\View\\Components\\Task.php(40): Illuminate\\Database\\Migrations\\Migrator->{closure:Illuminate\\Database\\Migrations\\Migrator::runUp():244}()
#12 C:\\laragon-7.0.6\\www\\usetwit\\vendor\\laravel\\framework\\src\\Illuminate\\Database\\Migrations\\Migrator.php(798): Illuminate\\Console\\View\\Components\\Task->render('2025_03_09_1314...', Object(Closure))
#13 C:\\laragon-7.0.6\\www\\usetwit\\vendor\\laravel\\framework\\src\\Illuminate\\Database\\Migrations\\Migrator.php(244): Illuminate\\Database\\Migrations\\Migrator->write('Illuminate\\\\Cons...', '2025_03_09_1314...', Object(Closure))
#14 C:\\laragon-7.0.6\\www\\usetwit\\vendor\\laravel\\framework\\src\\Illuminate\\Database\\Migrations\\Migrator.php(211): Illuminate\\Database\\Migrations\\Migrator->runUp('C:\\\\laragon-7.0....', 1, false)
#15 C:\\laragon-7.0.6\\www\\usetwit\\vendor\\laravel\\framework\\src\\Illuminate\\Database\\Migrations\\Migrator.php(138): Illuminate\\Database\\Migrations\\Migrator->runPending(Array, Array)
#16 C:\\laragon-7.0.6\\www\\usetwit\\vendor\\laravel\\framework\\src\\Illuminate\\Database\\Console\\Migrations\\MigrateCommand.php(117): Illuminate\\Database\\Migrations\\Migrator->run(Array, Array)
#17 C:\\laragon-7.0.6\\www\\usetwit\\vendor\\laravel\\framework\\src\\Illuminate\\Database\\Migrations\\Migrator.php(658): Illuminate\\Database\\Console\\Migrations\\MigrateCommand->{closure:Illuminate\\Database\\Console\\Migrations\\MigrateCommand::runMigrations():110}()
#18 C:\\laragon-7.0.6\\www\\usetwit\\vendor\\laravel\\framework\\src\\Illuminate\\Database\\Console\\Migrations\\MigrateCommand.php(110): Illuminate\\Database\\Migrations\\Migrator->usingConnection(NULL, Object(Closure))
#19 C:\\laragon-7.0.6\\www\\usetwit\\vendor\\laravel\\framework\\src\\Illuminate\\Database\\Console\\Migrations\\MigrateCommand.php(89): Illuminate\\Database\\Console\\Migrations\\MigrateCommand->runMigrations()
#20 C:\\laragon-7.0.6\\www\\usetwit\\vendor\\laravel\\framework\\src\\Illuminate\\Container\\BoundMethod.php(36): Illuminate\\Database\\Console\\Migrations\\MigrateCommand->handle()
#21 C:\\laragon-7.0.6\\www\\usetwit\\vendor\\laravel\\framework\\src\\Illuminate\\Container\\Util.php(43): Illuminate\\Container\\BoundMethod::{closure:Illuminate\\Container\\BoundMethod::call():35}()
#22 C:\\laragon-7.0.6\\www\\usetwit\\vendor\\laravel\\framework\\src\\Illuminate\\Container\\BoundMethod.php(96): Illuminate\\Container\\Util::unwrapIfClosure(Object(Closure))
#23 C:\\laragon-7.0.6\\www\\usetwit\\vendor\\laravel\\framework\\src\\Illuminate\\Container\\BoundMethod.php(35): Illuminate\\Container\\BoundMethod::callBoundMethod(Object(Illuminate\\Foundation\\Application), Array, Object(Closure))
#24 C:\\laragon-7.0.6\\www\\usetwit\\vendor\\laravel\\framework\\src\\Illuminate\\Container\\Container.php(754): Illuminate\\Container\\BoundMethod::call(Object(Illuminate\\Foundation\\Application), Array, Array, NULL)
#25 C:\\laragon-7.0.6\\www\\usetwit\\vendor\\laravel\\framework\\src\\Illuminate\\Console\\Command.php(213): Illuminate\\Container\\Container->call(Array)
#26 C:\\laragon-7.0.6\\www\\usetwit\\vendor\\symfony\\console\\Command\\Command.php(279): Illuminate\\Console\\Command->execute(Object(Symfony\\Component\\Console\\Input\\ArrayInput), Object(Illuminate\\Console\\OutputStyle))
#27 C:\\laragon-7.0.6\\www\\usetwit\\vendor\\laravel\\framework\\src\\Illuminate\\Console\\Command.php(182): Symfony\\Component\\Console\\Command\\Command->run(Object(Symfony\\Component\\Console\\Input\\ArrayInput), Object(Illuminate\\Console\\OutputStyle))
#28 C:\\laragon-7.0.6\\www\\usetwit\\vendor\\laravel\\framework\\src\\Illuminate\\Console\\Concerns\\CallsCommands.php(68): Illuminate\\Console\\Command->run(Object(Symfony\\Component\\Console\\Input\\ArrayInput), Object(Illuminate\\Console\\OutputStyle))
#29 C:\\laragon-7.0.6\\www\\usetwit\\vendor\\laravel\\framework\\src\\Illuminate\\Console\\Concerns\\CallsCommands.php(29): Illuminate\\Console\\Command->runCommand('migrate', Array, Object(Illuminate\\Console\\OutputStyle))
#30 C:\\laragon-7.0.6\\www\\usetwit\\vendor\\laravel\\framework\\src\\Illuminate\\Database\\Console\\Migrations\\RefreshCommand.php(65): Illuminate\\Console\\Command->call('migrate', Array)
#31 C:\\laragon-7.0.6\\www\\usetwit\\vendor\\laravel\\framework\\src\\Illuminate\\Container\\BoundMethod.php(36): Illuminate\\Database\\Console\\Migrations\\RefreshCommand->handle()
#32 C:\\laragon-7.0.6\\www\\usetwit\\vendor\\laravel\\framework\\src\\Illuminate\\Container\\Util.php(43): Illuminate\\Container\\BoundMethod::{closure:Illuminate\\Container\\BoundMethod::call():35}()
#33 C:\\laragon-7.0.6\\www\\usetwit\\vendor\\laravel\\framework\\src\\Illuminate\\Container\\BoundMethod.php(96): Illuminate\\Container\\Util::unwrapIfClosure(Object(Closure))
#34 C:\\laragon-7.0.6\\www\\usetwit\\vendor\\laravel\\framework\\src\\Illuminate\\Container\\BoundMethod.php(35): Illuminate\\Container\\BoundMethod::callBoundMethod(Object(Illuminate\\Foundation\\Application), Array, Object(Closure))
#35 C:\\laragon-7.0.6\\www\\usetwit\\vendor\\laravel\\framework\\src\\Illuminate\\Container\\Container.php(754): Illuminate\\Container\\BoundMethod::call(Object(Illuminate\\Foundation\\Application), Array, Array, NULL)
#36 C:\\laragon-7.0.6\\www\\usetwit\\vendor\\laravel\\framework\\src\\Illuminate\\Console\\Command.php(213): Illuminate\\Container\\Container->call(Array)
#37 C:\\laragon-7.0.6\\www\\usetwit\\vendor\\symfony\\console\\Command\\Command.php(279): Illuminate\\Console\\Command->execute(Object(Symfony\\Component\\Console\\Input\\ArrayInput), Object(Illuminate\\Console\\OutputStyle))
#38 C:\\laragon-7.0.6\\www\\usetwit\\vendor\\laravel\\framework\\src\\Illuminate\\Console\\Command.php(182): Symfony\\Component\\Console\\Command\\Command->run(Object(Symfony\\Component\\Console\\Input\\ArrayInput), Object(Illuminate\\Console\\OutputStyle))
#39 C:\\laragon-7.0.6\\www\\usetwit\\vendor\\laravel\\framework\\src\\Illuminate\\Console\\Concerns\\CallsCommands.php(68): Illuminate\\Console\\Command->run(Object(Symfony\\Component\\Console\\Input\\ArrayInput), Object(Illuminate\\Console\\OutputStyle))
#40 C:\\laragon-7.0.6\\www\\usetwit\\vendor\\laravel\\framework\\src\\Illuminate\\Console\\Concerns\\CallsCommands.php(29): Illuminate\\Console\\Command->runCommand('migrate:refresh', Array, Object(Illuminate\\Console\\OutputStyle))
#41 C:\\laragon-7.0.6\\www\\usetwit\\app\\Console\\Commands\\RefreshAndSeedCommand.php(29): Illuminate\\Console\\Command->call('migrate:refresh')
#42 C:\\laragon-7.0.6\\www\\usetwit\\vendor\\laravel\\framework\\src\\Illuminate\\Container\\BoundMethod.php(36): App\\Console\\Commands\\RefreshAndSeedCommand->handle()
#43 C:\\laragon-7.0.6\\www\\usetwit\\vendor\\laravel\\framework\\src\\Illuminate\\Container\\Util.php(43): Illuminate\\Container\\BoundMethod::{closure:Illuminate\\Container\\BoundMethod::call():35}()
#44 C:\\laragon-7.0.6\\www\\usetwit\\vendor\\laravel\\framework\\src\\Illuminate\\Container\\BoundMethod.php(96): Illuminate\\Container\\Util::unwrapIfClosure(Object(Closure))
#45 C:\\laragon-7.0.6\\www\\usetwit\\vendor\\laravel\\framework\\src\\Illuminate\\Container\\BoundMethod.php(35): Illuminate\\Container\\BoundMethod::callBoundMethod(Object(Illuminate\\Foundation\\Application), Array, Object(Closure))
#46 C:\\laragon-7.0.6\\www\\usetwit\\vendor\\laravel\\framework\\src\\Illuminate\\Container\\Container.php(754): Illuminate\\Container\\BoundMethod::call(Object(Illuminate\\Foundation\\Application), Array, Array, NULL)
#47 C:\\laragon-7.0.6\\www\\usetwit\\vendor\\laravel\\framework\\src\\Illuminate\\Console\\Command.php(213): Illuminate\\Container\\Container->call(Array)
#48 C:\\laragon-7.0.6\\www\\usetwit\\vendor\\symfony\\console\\Command\\Command.php(279): Illuminate\\Console\\Command->execute(Object(Symfony\\Component\\Console\\Input\\ArgvInput), Object(Illuminate\\Console\\OutputStyle))
#49 C:\\laragon-7.0.6\\www\\usetwit\\vendor\\laravel\\framework\\src\\Illuminate\\Console\\Command.php(182): Symfony\\Component\\Console\\Command\\Command->run(Object(Symfony\\Component\\Console\\Input\\ArgvInput), Object(Illuminate\\Console\\OutputStyle))
#50 C:\\laragon-7.0.6\\www\\usetwit\\vendor\\symfony\\console\\Application.php(1094): Illuminate\\Console\\Command->run(Object(Symfony\\Component\\Console\\Input\\ArgvInput), Object(Symfony\\Component\\Console\\Output\\ConsoleOutput))
#51 C:\\laragon-7.0.6\\www\\usetwit\\vendor\\symfony\\console\\Application.php(342): Symfony\\Component\\Console\\Application->doRunCommand(Object(App\\Console\\Commands\\RefreshAndSeedCommand), Object(Symfony\\Component\\Console\\Input\\ArgvInput), Object(Symfony\\Component\\Console\\Output\\ConsoleOutput))
#52 C:\\laragon-7.0.6\\www\\usetwit\\vendor\\symfony\\console\\Application.php(193): Symfony\\Component\\Console\\Application->doRun(Object(Symfony\\Component\\Console\\Input\\ArgvInput), Object(Symfony\\Component\\Console\\Output\\ConsoleOutput))
#53 C:\\laragon-7.0.6\\www\\usetwit\\vendor\\laravel\\framework\\src\\Illuminate\\Foundation\\Console\\Kernel.php(198): Symfony\\Component\\Console\\Application->run(Object(Symfony\\Component\\Console\\Input\\ArgvInput), Object(Symfony\\Component\\Console\\Output\\ConsoleOutput))
#54 C:\\laragon-7.0.6\\www\\usetwit\\vendor\\laravel\\framework\\src\\Illuminate\\Foundation\\Application.php(1235): Illuminate\\Foundation\\Console\\Kernel->handle(Object(Symfony\\Component\\Console\\Input\\ArgvInput), Object(Symfony\\Component\\Console\\Output\\ConsoleOutput))
#55 C:\\laragon-7.0.6\\www\\usetwit\\artisan(13): Illuminate\\Foundation\\Application->handleCommand(Object(Symfony\\Component\\Console\\Input\\ArgvInput))
#56 {main}

[previous exception] [object] (PDOException(code: HY000): SQLSTATE[HY000]: General error: 1824 Failed to open the referenced table 'bom_versions' at C:\\laragon-7.0.6\\www\\usetwit\\vendor\\laravel\\framework\\src\\Illuminate\\Database\\Connection.php:569)
[stacktrace]
#0 C:\\laragon-7.0.6\\www\\usetwit\\vendor\\laravel\\framework\\src\\Illuminate\\Database\\Connection.php(569): PDOStatement->execute()
#1 C:\\laragon-7.0.6\\www\\usetwit\\vendor\\laravel\\framework\\src\\Illuminate\\Database\\Connection.php(810): Illuminate\\Database\\Connection->{closure:Illuminate\\Database\\Connection::statement():558}('alter table `bo...', Array)
#2 C:\\laragon-7.0.6\\www\\usetwit\\vendor\\laravel\\framework\\src\\Illuminate\\Database\\Connection.php(777): Illuminate\\Database\\Connection->runQueryCallback('alter table `bo...', Array, Object(Closure))
#3 C:\\laragon-7.0.6\\www\\usetwit\\vendor\\laravel\\framework\\src\\Illuminate\\Database\\Connection.php(558): Illuminate\\Database\\Connection->run('alter table `bo...', Array, Object(Closure))
#4 C:\\laragon-7.0.6\\www\\usetwit\\vendor\\laravel\\framework\\src\\Illuminate\\Database\\Schema\\Blueprint.php(120): Illuminate\\Database\\Connection->statement('alter table `bo...')
#5 C:\\laragon-7.0.6\\www\\usetwit\\vendor\\laravel\\framework\\src\\Illuminate\\Database\\Schema\\Builder.php(619): Illuminate\\Database\\Schema\\Blueprint->build()
#6 C:\\laragon-7.0.6\\www\\usetwit\\vendor\\laravel\\framework\\src\\Illuminate\\Database\\Schema\\Builder.php(473): Illuminate\\Database\\Schema\\Builder->build(Object(Illuminate\\Database\\Schema\\Blueprint))
#7 C:\\laragon-7.0.6\\www\\usetwit\\vendor\\laravel\\framework\\src\\Illuminate\\Support\\Facades\\Facade.php(361): Illuminate\\Database\\Schema\\Builder->create('bom_operations', Object(Closure))
#8 C:\\laragon-7.0.6\\www\\usetwit\\database\\migrations\\2025_03_09_131418_create_bom_operations_table.php(14): Illuminate\\Support\\Facades\\Facade::__callStatic('create', Array)
#9 C:\\laragon-7.0.6\\www\\usetwit\\vendor\\laravel\\framework\\src\\Illuminate\\Database\\Migrations\\Migrator.php(507): Illuminate\\Database\\Migrations\\Migration@anonymous->up()
#10 C:\\laragon-7.0.6\\www\\usetwit\\vendor\\laravel\\framework\\src\\Illuminate\\Database\\Migrations\\Migrator.php(432): Illuminate\\Database\\Migrations\\Migrator->runMethod(Object(Illuminate\\Database\\MySqlConnection), Object(Illuminate\\Database\\Migrations\\Migration@anonymous), 'up')
#11 C:\\laragon-7.0.6\\www\\usetwit\\vendor\\laravel\\framework\\src\\Illuminate\\Database\\Migrations\\Migrator.php(441): Illuminate\\Database\\Migrations\\Migrator->{closure:Illuminate\\Database\\Migrations\\Migrator::runMigration():428}()
#12 C:\\laragon-7.0.6\\www\\usetwit\\vendor\\laravel\\framework\\src\\Illuminate\\Database\\Migrations\\Migrator.php(244): Illuminate\\Database\\Migrations\\Migrator->runMigration(Object(Illuminate\\Database\\Migrations\\Migration@anonymous), 'up')
#13 C:\\laragon-7.0.6\\www\\usetwit\\vendor\\laravel\\framework\\src\\Illuminate\\Console\\View\\Components\\Task.php(40): Illuminate\\Database\\Migrations\\Migrator->{closure:Illuminate\\Database\\Migrations\\Migrator::runUp():244}()
#14 C:\\laragon-7.0.6\\www\\usetwit\\vendor\\laravel\\framework\\src\\Illuminate\\Database\\Migrations\\Migrator.php(798): Illuminate\\Console\\View\\Components\\Task->render('2025_03_09_1314...', Object(Closure))
#15 C:\\laragon-7.0.6\\www\\usetwit\\vendor\\laravel\\framework\\src\\Illuminate\\Database\\Migrations\\Migrator.php(244): Illuminate\\Database\\Migrations\\Migrator->write('Illuminate\\\\Cons...', '2025_03_09_1314...', Object(Closure))
#16 C:\\laragon-7.0.6\\www\\usetwit\\vendor\\laravel\\framework\\src\\Illuminate\\Database\\Migrations\\Migrator.php(211): Illuminate\\Database\\Migrations\\Migrator->runUp('C:\\\\laragon-7.0....', 1, false)
#17 C:\\laragon-7.0.6\\www\\usetwit\\vendor\\laravel\\framework\\src\\Illuminate\\Database\\Migrations\\Migrator.php(138): Illuminate\\Database\\Migrations\\Migrator->runPending(Array, Array)
#18 C:\\laragon-7.0.6\\www\\usetwit\\vendor\\laravel\\framework\\src\\Illuminate\\Database\\Console\\Migrations\\MigrateCommand.php(117): Illuminate\\Database\\Migrations\\Migrator->run(Array, Array)
#19 C:\\laragon-7.0.6\\www\\usetwit\\vendor\\laravel\\framework\\src\\Illuminate\\Database\\Migrations\\Migrator.php(658): Illuminate\\Database\\Console\\Migrations\\MigrateCommand->{closure:Illuminate\\Database\\Console\\Migrations\\MigrateCommand::runMigrations():110}()
#20 C:\\laragon-7.0.6\\www\\usetwit\\vendor\\laravel\\framework\\src\\Illuminate\\Database\\Console\\Migrations\\MigrateCommand.php(110): Illuminate\\Database\\Migrations\\Migrator->usingConnection(NULL, Object(Closure))
#21 C:\\laragon-7.0.6\\www\\usetwit\\vendor\\laravel\\framework\\src\\Illuminate\\Database\\Console\\Migrations\\MigrateCommand.php(89): Illuminate\\Database\\Console\\Migrations\\MigrateCommand->runMigrations()
#22 C:\\laragon-7.0.6\\www\\usetwit\\vendor\\laravel\\framework\\src\\Illuminate\\Container\\BoundMethod.php(36): Illuminate\\Database\\Console\\Migrations\\MigrateCommand->handle()
#23 C:\\laragon-7.0.6\\www\\usetwit\\vendor\\laravel\\framework\\src\\Illuminate\\Container\\Util.php(43): Illuminate\\Container\\BoundMethod::{closure:Illuminate\\Container\\BoundMethod::call():35}()
#24 C:\\laragon-7.0.6\\www\\usetwit\\vendor\\laravel\\framework\\src\\Illuminate\\Container\\BoundMethod.php(96): Illuminate\\Container\\Util::unwrapIfClosure(Object(Closure))
#25 C:\\laragon-7.0.6\\www\\usetwit\\vendor\\laravel\\framework\\src\\Illuminate\\Container\\BoundMethod.php(35): Illuminate\\Container\\BoundMethod::callBoundMethod(Object(Illuminate\\Foundation\\Application), Array, Object(Closure))
#26 C:\\laragon-7.0.6\\www\\usetwit\\vendor\\laravel\\framework\\src\\Illuminate\\Container\\Container.php(754): Illuminate\\Container\\BoundMethod::call(Object(Illuminate\\Foundation\\Application), Array, Array, NULL)
#27 C:\\laragon-7.0.6\\www\\usetwit\\vendor\\laravel\\framework\\src\\Illuminate\\Console\\Command.php(213): Illuminate\\Container\\Container->call(Array)
#28 C:\\laragon-7.0.6\\www\\usetwit\\vendor\\symfony\\console\\Command\\Command.php(279): Illuminate\\Console\\Command->execute(Object(Symfony\\Component\\Console\\Input\\ArrayInput), Object(Illuminate\\Console\\OutputStyle))
#29 C:\\laragon-7.0.6\\www\\usetwit\\vendor\\laravel\\framework\\src\\Illuminate\\Console\\Command.php(182): Symfony\\Component\\Console\\Command\\Command->run(Object(Symfony\\Component\\Console\\Input\\ArrayInput), Object(Illuminate\\Console\\OutputStyle))
#30 C:\\laragon-7.0.6\\www\\usetwit\\vendor\\laravel\\framework\\src\\Illuminate\\Console\\Concerns\\CallsCommands.php(68): Illuminate\\Console\\Command->run(Object(Symfony\\Component\\Console\\Input\\ArrayInput), Object(Illuminate\\Console\\OutputStyle))
#31 C:\\laragon-7.0.6\\www\\usetwit\\vendor\\laravel\\framework\\src\\Illuminate\\Console\\Concerns\\CallsCommands.php(29): Illuminate\\Console\\Command->runCommand('migrate', Array, Object(Illuminate\\Console\\OutputStyle))
#32 C:\\laragon-7.0.6\\www\\usetwit\\vendor\\laravel\\framework\\src\\Illuminate\\Database\\Console\\Migrations\\RefreshCommand.php(65): Illuminate\\Console\\Command->call('migrate', Array)
#33 C:\\laragon-7.0.6\\www\\usetwit\\vendor\\laravel\\framework\\src\\Illuminate\\Container\\BoundMethod.php(36): Illuminate\\Database\\Console\\Migrations\\RefreshCommand->handle()
#34 C:\\laragon-7.0.6\\www\\usetwit\\vendor\\laravel\\framework\\src\\Illuminate\\Container\\Util.php(43): Illuminate\\Container\\BoundMethod::{closure:Illuminate\\Container\\BoundMethod::call():35}()
#35 C:\\laragon-7.0.6\\www\\usetwit\\vendor\\laravel\\framework\\src\\Illuminate\\Container\\BoundMethod.php(96): Illuminate\\Container\\Util::unwrapIfClosure(Object(Closure))
#36 C:\\laragon-7.0.6\\www\\usetwit\\vendor\\laravel\\framework\\src\\Illuminate\\Container\\BoundMethod.php(35): Illuminate\\Container\\BoundMethod::callBoundMethod(Object(Illuminate\\Foundation\\Application), Array, Object(Closure))
#37 C:\\laragon-7.0.6\\www\\usetwit\\vendor\\laravel\\framework\\src\\Illuminate\\Container\\Container.php(754): Illuminate\\Container\\BoundMethod::call(Object(Illuminate\\Foundation\\Application), Array, Array, NULL)
#38 C:\\laragon-7.0.6\\www\\usetwit\\vendor\\laravel\\framework\\src\\Illuminate\\Console\\Command.php(213): Illuminate\\Container\\Container->call(Array)
#39 C:\\laragon-7.0.6\\www\\usetwit\\vendor\\symfony\\console\\Command\\Command.php(279): Illuminate\\Console\\Command->execute(Object(Symfony\\Component\\Console\\Input\\ArrayInput), Object(Illuminate\\Console\\OutputStyle))
#40 C:\\laragon-7.0.6\\www\\usetwit\\vendor\\laravel\\framework\\src\\Illuminate\\Console\\Command.php(182): Symfony\\Component\\Console\\Command\\Command->run(Object(Symfony\\Component\\Console\\Input\\ArrayInput), Object(Illuminate\\Console\\OutputStyle))
#41 C:\\laragon-7.0.6\\www\\usetwit\\vendor\\laravel\\framework\\src\\Illuminate\\Console\\Concerns\\CallsCommands.php(68): Illuminate\\Console\\Command->run(Object(Symfony\\Component\\Console\\Input\\ArrayInput), Object(Illuminate\\Console\\OutputStyle))
#42 C:\\laragon-7.0.6\\www\\usetwit\\vendor\\laravel\\framework\\src\\Illuminate\\Console\\Concerns\\CallsCommands.php(29): Illuminate\\Console\\Command->runCommand('migrate:refresh', Array, Object(Illuminate\\Console\\OutputStyle))
#43 C:\\laragon-7.0.6\\www\\usetwit\\app\\Console\\Commands\\RefreshAndSeedCommand.php(29): Illuminate\\Console\\Command->call('migrate:refresh')
#44 C:\\laragon-7.0.6\\www\\usetwit\\vendor\\laravel\\framework\\src\\Illuminate\\Container\\BoundMethod.php(36): App\\Console\\Commands\\RefreshAndSeedCommand->handle()
#45 C:\\laragon-7.0.6\\www\\usetwit\\vendor\\laravel\\framework\\src\\Illuminate\\Container\\Util.php(43): Illuminate\\Container\\BoundMethod::{closure:Illuminate\\Container\\BoundMethod::call():35}()
#46 C:\\laragon-7.0.6\\www\\usetwit\\vendor\\laravel\\framework\\src\\Illuminate\\Container\\BoundMethod.php(96): Illuminate\\Container\\Util::unwrapIfClosure(Object(Closure))
#47 C:\\laragon-7.0.6\\www\\usetwit\\vendor\\laravel\\framework\\src\\Illuminate\\Container\\BoundMethod.php(35): Illuminate\\Container\\BoundMethod::callBoundMethod(Object(Illuminate\\Foundation\\Application), Array, Object(Closure))
#48 C:\\laragon-7.0.6\\www\\usetwit\\vendor\\laravel\\framework\\src\\Illuminate\\Container\\Container.php(754): Illuminate\\Container\\BoundMethod::call(Object(Illuminate\\Foundation\\Application), Array, Array, NULL)
#49 C:\\laragon-7.0.6\\www\\usetwit\\vendor\\laravel\\framework\\src\\Illuminate\\Console\\Command.php(213): Illuminate\\Container\\Container->call(Array)
#50 C:\\laragon-7.0.6\\www\\usetwit\\vendor\\symfony\\console\\Command\\Command.php(279): Illuminate\\Console\\Command->execute(Object(Symfony\\Component\\Console\\Input\\ArgvInput), Object(Illuminate\\Console\\OutputStyle))
#51 C:\\laragon-7.0.6\\www\\usetwit\\vendor\\laravel\\framework\\src\\Illuminate\\Console\\Command.php(182): Symfony\\Component\\Console\\Command\\Command->run(Object(Symfony\\Component\\Console\\Input\\ArgvInput), Object(Illuminate\\Console\\OutputStyle))
#52 C:\\laragon-7.0.6\\www\\usetwit\\vendor\\symfony\\console\\Application.php(1094): Illuminate\\Console\\Command->run(Object(Symfony\\Component\\Console\\Input\\ArgvInput), Object(Symfony\\Component\\Console\\Output\\ConsoleOutput))
#53 C:\\laragon-7.0.6\\www\\usetwit\\vendor\\symfony\\console\\Application.php(342): Symfony\\Component\\Console\\Application->doRunCommand(Object(App\\Console\\Commands\\RefreshAndSeedCommand), Object(Symfony\\Component\\Console\\Input\\ArgvInput), Object(Symfony\\Component\\Console\\Output\\ConsoleOutput))
#54 C:\\laragon-7.0.6\\www\\usetwit\\vendor\\symfony\\console\\Application.php(193): Symfony\\Component\\Console\\Application->doRun(Object(Symfony\\Component\\Console\\Input\\ArgvInput), Object(Symfony\\Component\\Console\\Output\\ConsoleOutput))
#55 C:\\laragon-7.0.6\\www\\usetwit\\vendor\\laravel\\framework\\src\\Illuminate\\Foundation\\Console\\Kernel.php(198): Symfony\\Component\\Console\\Application->run(Object(Symfony\\Component\\Console\\Input\\ArgvInput), Object(Symfony\\Component\\Console\\Output\\ConsoleOutput))
#56 C:\\laragon-7.0.6\\www\\usetwit\\vendor\\laravel\\framework\\src\\Illuminate\\Foundation\\Application.php(1235): Illuminate\\Foundation\\Console\\Kernel->handle(Object(Symfony\\Component\\Console\\Input\\ArgvInput), Object(Symfony\\Component\\Console\\Output\\ConsoleOutput))
#57 C:\\laragon-7.0.6\\www\\usetwit\\artisan(13): Illuminate\\Foundation\\Application->handleCommand(Object(Symfony\\Component\\Console\\Input\\ArgvInput))
#58 {main}
"} 
[2025-03-12 23:17:36] local.ERROR: SQLSTATE[42S22]: Column not found: 1054 Unknown column 'bom_id' in 'field list' (Connection: mysql, SQL: insert into `bom_operations` (`bom_id`, `operation_id`, `calendar_id`, `type`, `buffer_duration_type`, `x`, `y`, `color`, `buffer_duration`, `instructions`, `bom_version_id`, `updated_at`, `created_at`) values (53, 1, 2, process, ?, 140, 50, red, ?, ?, 1, 2025-03-12 23:17:36, 2025-03-12 23:17:36)) {"exception":"[object] (Illuminate\\Database\\QueryException(code: 42S22): SQLSTATE[42S22]: Column not found: 1054 Unknown column 'bom_id' in 'field list' (Connection: mysql, SQL: insert into `bom_operations` (`bom_id`, `operation_id`, `calendar_id`, `type`, `buffer_duration_type`, `x`, `y`, `color`, `buffer_duration`, `instructions`, `bom_version_id`, `updated_at`, `created_at`) values (53, 1, 2, process, ?, 140, 50, red, ?, ?, 1, 2025-03-12 23:17:36, 2025-03-12 23:17:36)) at C:\\laragon-7.0.6\\www\\usetwit\\vendor\\laravel\\framework\\src\\Illuminate\\Database\\Connection.php:823)
[stacktrace]
#0 C:\\laragon-7.0.6\\www\\usetwit\\vendor\\laravel\\framework\\src\\Illuminate\\Database\\Connection.php(777): Illuminate\\Database\\Connection->runQueryCallback('insert into `bo...', Array, Object(Closure))
#1 C:\\laragon-7.0.6\\www\\usetwit\\vendor\\laravel\\framework\\src\\Illuminate\\Database\\MySqlConnection.php(42): Illuminate\\Database\\Connection->run('insert into `bo...', Array, Object(Closure))
#2 C:\\laragon-7.0.6\\www\\usetwit\\vendor\\laravel\\framework\\src\\Illuminate\\Database\\Query\\Processors\\MySqlProcessor.php(35): Illuminate\\Database\\MySqlConnection->insert('insert into `bo...', Array, 'id')
#3 C:\\laragon-7.0.6\\www\\usetwit\\vendor\\laravel\\framework\\src\\Illuminate\\Database\\Query\\Builder.php(3767): Illuminate\\Database\\Query\\Processors\\MySqlProcessor->processInsertGetId(Object(Illuminate\\Database\\Query\\Builder), 'insert into `bo...', Array, 'id')
#4 C:\\laragon-7.0.6\\www\\usetwit\\vendor\\laravel\\framework\\src\\Illuminate\\Database\\Eloquent\\Builder.php(2141): Illuminate\\Database\\Query\\Builder->insertGetId(Array, 'id')
#5 C:\\laragon-7.0.6\\www\\usetwit\\vendor\\laravel\\framework\\src\\Illuminate\\Database\\Eloquent\\Model.php(1359): Illuminate\\Database\\Eloquent\\Builder->__call('insertGetId', Array)
#6 C:\\laragon-7.0.6\\www\\usetwit\\vendor\\laravel\\framework\\src\\Illuminate\\Database\\Eloquent\\Model.php(1324): Illuminate\\Database\\Eloquent\\Model->insertAndSetId(Object(Illuminate\\Database\\Eloquent\\Builder), Array)
#7 C:\\laragon-7.0.6\\www\\usetwit\\vendor\\laravel\\framework\\src\\Illuminate\\Database\\Eloquent\\Model.php(1163): Illuminate\\Database\\Eloquent\\Model->performInsert(Object(Illuminate\\Database\\Eloquent\\Builder))
#8 C:\\laragon-7.0.6\\www\\usetwit\\vendor\\laravel\\framework\\src\\Illuminate\\Database\\Eloquent\\Factories\\Factory.php(352): Illuminate\\Database\\Eloquent\\Model->save()
#9 C:\\laragon-7.0.6\\www\\usetwit\\vendor\\laravel\\framework\\src\\Illuminate\\Collections\\Traits\\EnumeratesValues.php(261): Illuminate\\Database\\Eloquent\\Factories\\Factory->{closure:Illuminate\\Database\\Eloquent\\Factories\\Factory::store():347}(Object(App\\Models\\BomOperation), 0)
#10 C:\\laragon-7.0.6\\www\\usetwit\\vendor\\laravel\\framework\\src\\Illuminate\\Database\\Eloquent\\Factories\\Factory.php(347): Illuminate\\Support\\Collection->each(Object(Closure))
#11 C:\\laragon-7.0.6\\www\\usetwit\\vendor\\laravel\\framework\\src\\Illuminate\\Database\\Eloquent\\Factories\\Factory.php(303): Illuminate\\Database\\Eloquent\\Factories\\Factory->store(Object(Illuminate\\Support\\Collection))
#12 C:\\laragon-7.0.6\\www\\usetwit\\vendor\\laravel\\framework\\src\\Illuminate\\Database\\Eloquent\\Factories\\Factory.php(297): Illuminate\\Database\\Eloquent\\Factories\\Factory->create(Array, NULL)
#13 C:\\laragon-7.0.6\\www\\usetwit\\database\\seeders\\BomOperationsSeeder.php(28): Illuminate\\Database\\Eloquent\\Factories\\Factory->create(Array)
#14 C:\\laragon-7.0.6\\www\\usetwit\\vendor\\laravel\\framework\\src\\Illuminate\\Container\\BoundMethod.php(36): Database\\Seeders\\BomOperationsSeeder->run()
#15 C:\\laragon-7.0.6\\www\\usetwit\\vendor\\laravel\\framework\\src\\Illuminate\\Container\\Util.php(43): Illuminate\\Container\\BoundMethod::{closure:Illuminate\\Container\\BoundMethod::call():35}()
#16 C:\\laragon-7.0.6\\www\\usetwit\\vendor\\laravel\\framework\\src\\Illuminate\\Container\\BoundMethod.php(96): Illuminate\\Container\\Util::unwrapIfClosure(Object(Closure))
#17 C:\\laragon-7.0.6\\www\\usetwit\\vendor\\laravel\\framework\\src\\Illuminate\\Container\\BoundMethod.php(35): Illuminate\\Container\\BoundMethod::callBoundMethod(Object(Illuminate\\Foundation\\Application), Array, Object(Closure))
#18 C:\\laragon-7.0.6\\www\\usetwit\\vendor\\laravel\\framework\\src\\Illuminate\\Container\\Container.php(754): Illuminate\\Container\\BoundMethod::call(Object(Illuminate\\Foundation\\Application), Array, Array, NULL)
#19 C:\\laragon-7.0.6\\www\\usetwit\\vendor\\laravel\\framework\\src\\Illuminate\\Database\\Seeder.php(188): Illuminate\\Container\\Container->call(Array, Array)
#20 C:\\laragon-7.0.6\\www\\usetwit\\vendor\\laravel\\framework\\src\\Illuminate\\Database\\Seeder.php(197): Illuminate\\Database\\Seeder->{closure:Illuminate\\Database\\Seeder::__invoke():187}()
#21 C:\\laragon-7.0.6\\www\\usetwit\\vendor\\laravel\\framework\\src\\Illuminate\\Database\\Seeder.php(61): Illuminate\\Database\\Seeder->__invoke(Array)
#22 C:\\laragon-7.0.6\\www\\usetwit\\database\\seeders\\DatabaseSeeder.php(14): Illuminate\\Database\\Seeder->call('Database\\\\Seeder...')
#23 C:\\laragon-7.0.6\\www\\usetwit\\vendor\\laravel\\framework\\src\\Illuminate\\Container\\BoundMethod.php(36): Database\\Seeders\\DatabaseSeeder->run()
#24 C:\\laragon-7.0.6\\www\\usetwit\\vendor\\laravel\\framework\\src\\Illuminate\\Container\\Util.php(43): Illuminate\\Container\\BoundMethod::{closure:Illuminate\\Container\\BoundMethod::call():35}()
#25 C:\\laragon-7.0.6\\www\\usetwit\\vendor\\laravel\\framework\\src\\Illuminate\\Container\\BoundMethod.php(96): Illuminate\\Container\\Util::unwrapIfClosure(Object(Closure))
#26 C:\\laragon-7.0.6\\www\\usetwit\\vendor\\laravel\\framework\\src\\Illuminate\\Container\\BoundMethod.php(35): Illuminate\\Container\\BoundMethod::callBoundMethod(Object(Illuminate\\Foundation\\Application), Array, Object(Closure))
#27 C:\\laragon-7.0.6\\www\\usetwit\\vendor\\laravel\\framework\\src\\Illuminate\\Container\\Container.php(754): Illuminate\\Container\\BoundMethod::call(Object(Illuminate\\Foundation\\Application), Array, Array, NULL)
#28 C:\\laragon-7.0.6\\www\\usetwit\\vendor\\laravel\\framework\\src\\Illuminate\\Database\\Seeder.php(188): Illuminate\\Container\\Container->call(Array, Array)
#29 C:\\laragon-7.0.6\\www\\usetwit\\vendor\\laravel\\framework\\src\\Illuminate\\Database\\Seeder.php(197): Illuminate\\Database\\Seeder->{closure:Illuminate\\Database\\Seeder::__invoke():187}()
#30 C:\\laragon-7.0.6\\www\\usetwit\\vendor\\laravel\\framework\\src\\Illuminate\\Database\\Console\\Seeds\\SeedCommand.php(70): Illuminate\\Database\\Seeder->__invoke()
#31 C:\\laragon-7.0.6\\www\\usetwit\\vendor\\laravel\\framework\\src\\Illuminate\\Database\\Eloquent\\Concerns\\GuardsAttributes.php(155): Illuminate\\Database\\Console\\Seeds\\SeedCommand->{closure:Illuminate\\Database\\Console\\Seeds\\SeedCommand::handle():69}()
#32 C:\\laragon-7.0.6\\www\\usetwit\\vendor\\laravel\\framework\\src\\Illuminate\\Database\\Console\\Seeds\\SeedCommand.php(69): Illuminate\\Database\\Eloquent\\Model::unguarded(Object(Closure))
#33 C:\\laragon-7.0.6\\www\\usetwit\\vendor\\laravel\\framework\\src\\Illuminate\\Container\\BoundMethod.php(36): Illuminate\\Database\\Console\\Seeds\\SeedCommand->handle()
#34 C:\\laragon-7.0.6\\www\\usetwit\\vendor\\laravel\\framework\\src\\Illuminate\\Container\\Util.php(43): Illuminate\\Container\\BoundMethod::{closure:Illuminate\\Container\\BoundMethod::call():35}()
#35 C:\\laragon-7.0.6\\www\\usetwit\\vendor\\laravel\\framework\\src\\Illuminate\\Container\\BoundMethod.php(96): Illuminate\\Container\\Util::unwrapIfClosure(Object(Closure))
#36 C:\\laragon-7.0.6\\www\\usetwit\\vendor\\laravel\\framework\\src\\Illuminate\\Container\\BoundMethod.php(35): Illuminate\\Container\\BoundMethod::callBoundMethod(Object(Illuminate\\Foundation\\Application), Array, Object(Closure))
#37 C:\\laragon-7.0.6\\www\\usetwit\\vendor\\laravel\\framework\\src\\Illuminate\\Container\\Container.php(754): Illuminate\\Container\\BoundMethod::call(Object(Illuminate\\Foundation\\Application), Array, Array, NULL)
#38 C:\\laragon-7.0.6\\www\\usetwit\\vendor\\laravel\\framework\\src\\Illuminate\\Console\\Command.php(213): Illuminate\\Container\\Container->call(Array)
#39 C:\\laragon-7.0.6\\www\\usetwit\\vendor\\symfony\\console\\Command\\Command.php(279): Illuminate\\Console\\Command->execute(Object(Symfony\\Component\\Console\\Input\\ArrayInput), Object(Illuminate\\Console\\OutputStyle))
#40 C:\\laragon-7.0.6\\www\\usetwit\\vendor\\laravel\\framework\\src\\Illuminate\\Console\\Command.php(182): Symfony\\Component\\Console\\Command\\Command->run(Object(Symfony\\Component\\Console\\Input\\ArrayInput), Object(Illuminate\\Console\\OutputStyle))
#41 C:\\laragon-7.0.6\\www\\usetwit\\vendor\\laravel\\framework\\src\\Illuminate\\Console\\Concerns\\CallsCommands.php(68): Illuminate\\Console\\Command->run(Object(Symfony\\Component\\Console\\Input\\ArrayInput), Object(Illuminate\\Console\\OutputStyle))
#42 C:\\laragon-7.0.6\\www\\usetwit\\vendor\\laravel\\framework\\src\\Illuminate\\Console\\Concerns\\CallsCommands.php(29): Illuminate\\Console\\Command->runCommand('db:seed', Array, Object(Illuminate\\Console\\OutputStyle))
#43 C:\\laragon-7.0.6\\www\\usetwit\\app\\Console\\Commands\\RefreshAndSeedCommand.php(32): Illuminate\\Console\\Command->call('db:seed')
#44 C:\\laragon-7.0.6\\www\\usetwit\\vendor\\laravel\\framework\\src\\Illuminate\\Container\\BoundMethod.php(36): App\\Console\\Commands\\RefreshAndSeedCommand->handle()
#45 C:\\laragon-7.0.6\\www\\usetwit\\vendor\\laravel\\framework\\src\\Illuminate\\Container\\Util.php(43): Illuminate\\Container\\BoundMethod::{closure:Illuminate\\Container\\BoundMethod::call():35}()
#46 C:\\laragon-7.0.6\\www\\usetwit\\vendor\\laravel\\framework\\src\\Illuminate\\Container\\BoundMethod.php(96): Illuminate\\Container\\Util::unwrapIfClosure(Object(Closure))
#47 C:\\laragon-7.0.6\\www\\usetwit\\vendor\\laravel\\framework\\src\\Illuminate\\Container\\BoundMethod.php(35): Illuminate\\Container\\BoundMethod::callBoundMethod(Object(Illuminate\\Foundation\\Application), Array, Object(Closure))
#48 C:\\laragon-7.0.6\\www\\usetwit\\vendor\\laravel\\framework\\src\\Illuminate\\Container\\Container.php(754): Illuminate\\Container\\BoundMethod::call(Object(Illuminate\\Foundation\\Application), Array, Array, NULL)
#49 C:\\laragon-7.0.6\\www\\usetwit\\vendor\\laravel\\framework\\src\\Illuminate\\Console\\Command.php(213): Illuminate\\Container\\Container->call(Array)
#50 C:\\laragon-7.0.6\\www\\usetwit\\vendor\\symfony\\console\\Command\\Command.php(279): Illuminate\\Console\\Command->execute(Object(Symfony\\Component\\Console\\Input\\ArgvInput), Object(Illuminate\\Console\\OutputStyle))
#51 C:\\laragon-7.0.6\\www\\usetwit\\vendor\\laravel\\framework\\src\\Illuminate\\Console\\Command.php(182): Symfony\\Component\\Console\\Command\\Command->run(Object(Symfony\\Component\\Console\\Input\\ArgvInput), Object(Illuminate\\Console\\OutputStyle))
#52 C:\\laragon-7.0.6\\www\\usetwit\\vendor\\symfony\\console\\Application.php(1094): Illuminate\\Console\\Command->run(Object(Symfony\\Component\\Console\\Input\\ArgvInput), Object(Symfony\\Component\\Console\\Output\\ConsoleOutput))
#53 C:\\laragon-7.0.6\\www\\usetwit\\vendor\\symfony\\console\\Application.php(342): Symfony\\Component\\Console\\Application->doRunCommand(Object(App\\Console\\Commands\\RefreshAndSeedCommand), Object(Symfony\\Component\\Console\\Input\\ArgvInput), Object(Symfony\\Component\\Console\\Output\\ConsoleOutput))
#54 C:\\laragon-7.0.6\\www\\usetwit\\vendor\\symfony\\console\\Application.php(193): Symfony\\Component\\Console\\Application->doRun(Object(Symfony\\Component\\Console\\Input\\ArgvInput), Object(Symfony\\Component\\Console\\Output\\ConsoleOutput))
#55 C:\\laragon-7.0.6\\www\\usetwit\\vendor\\laravel\\framework\\src\\Illuminate\\Foundation\\Console\\Kernel.php(198): Symfony\\Component\\Console\\Application->run(Object(Symfony\\Component\\Console\\Input\\ArgvInput), Object(Symfony\\Component\\Console\\Output\\ConsoleOutput))
#56 C:\\laragon-7.0.6\\www\\usetwit\\vendor\\laravel\\framework\\src\\Illuminate\\Foundation\\Application.php(1235): Illuminate\\Foundation\\Console\\Kernel->handle(Object(Symfony\\Component\\Console\\Input\\ArgvInput), Object(Symfony\\Component\\Console\\Output\\ConsoleOutput))
#57 C:\\laragon-7.0.6\\www\\usetwit\\artisan(13): Illuminate\\Foundation\\Application->handleCommand(Object(Symfony\\Component\\Console\\Input\\ArgvInput))
#58 {main}

[previous exception] [object] (PDOException(code: 42S22): SQLSTATE[42S22]: Column not found: 1054 Unknown column 'bom_id' in 'field list' at C:\\laragon-7.0.6\\www\\usetwit\\vendor\\laravel\\framework\\src\\Illuminate\\Database\\MySqlConnection.php:47)
[stacktrace]
#0 C:\\laragon-7.0.6\\www\\usetwit\\vendor\\laravel\\framework\\src\\Illuminate\\Database\\MySqlConnection.php(47): PDO->prepare('insert into `bo...')
#1 C:\\laragon-7.0.6\\www\\usetwit\\vendor\\laravel\\framework\\src\\Illuminate\\Database\\Connection.php(810): Illuminate\\Database\\MySqlConnection->{closure:Illuminate\\Database\\MySqlConnection::insert():42}('insert into `bo...', Array)
#2 C:\\laragon-7.0.6\\www\\usetwit\\vendor\\laravel\\framework\\src\\Illuminate\\Database\\Connection.php(777): Illuminate\\Database\\Connection->runQueryCallback('insert into `bo...', Array, Object(Closure))
#3 C:\\laragon-7.0.6\\www\\usetwit\\vendor\\laravel\\framework\\src\\Illuminate\\Database\\MySqlConnection.php(42): Illuminate\\Database\\Connection->run('insert into `bo...', Array, Object(Closure))
#4 C:\\laragon-7.0.6\\www\\usetwit\\vendor\\laravel\\framework\\src\\Illuminate\\Database\\Query\\Processors\\MySqlProcessor.php(35): Illuminate\\Database\\MySqlConnection->insert('insert into `bo...', Array, 'id')
#5 C:\\laragon-7.0.6\\www\\usetwit\\vendor\\laravel\\framework\\src\\Illuminate\\Database\\Query\\Builder.php(3767): Illuminate\\Database\\Query\\Processors\\MySqlProcessor->processInsertGetId(Object(Illuminate\\Database\\Query\\Builder), 'insert into `bo...', Array, 'id')
#6 C:\\laragon-7.0.6\\www\\usetwit\\vendor\\laravel\\framework\\src\\Illuminate\\Database\\Eloquent\\Builder.php(2141): Illuminate\\Database\\Query\\Builder->insertGetId(Array, 'id')
#7 C:\\laragon-7.0.6\\www\\usetwit\\vendor\\laravel\\framework\\src\\Illuminate\\Database\\Eloquent\\Model.php(1359): Illuminate\\Database\\Eloquent\\Builder->__call('insertGetId', Array)
#8 C:\\laragon-7.0.6\\www\\usetwit\\vendor\\laravel\\framework\\src\\Illuminate\\Database\\Eloquent\\Model.php(1324): Illuminate\\Database\\Eloquent\\Model->insertAndSetId(Object(Illuminate\\Database\\Eloquent\\Builder), Array)
#9 C:\\laragon-7.0.6\\www\\usetwit\\vendor\\laravel\\framework\\src\\Illuminate\\Database\\Eloquent\\Model.php(1163): Illuminate\\Database\\Eloquent\\Model->performInsert(Object(Illuminate\\Database\\Eloquent\\Builder))
#10 C:\\laragon-7.0.6\\www\\usetwit\\vendor\\laravel\\framework\\src\\Illuminate\\Database\\Eloquent\\Factories\\Factory.php(352): Illuminate\\Database\\Eloquent\\Model->save()
#11 C:\\laragon-7.0.6\\www\\usetwit\\vendor\\laravel\\framework\\src\\Illuminate\\Collections\\Traits\\EnumeratesValues.php(261): Illuminate\\Database\\Eloquent\\Factories\\Factory->{closure:Illuminate\\Database\\Eloquent\\Factories\\Factory::store():347}(Object(App\\Models\\BomOperation), 0)
#12 C:\\laragon-7.0.6\\www\\usetwit\\vendor\\laravel\\framework\\src\\Illuminate\\Database\\Eloquent\\Factories\\Factory.php(347): Illuminate\\Support\\Collection->each(Object(Closure))
#13 C:\\laragon-7.0.6\\www\\usetwit\\vendor\\laravel\\framework\\src\\Illuminate\\Database\\Eloquent\\Factories\\Factory.php(303): Illuminate\\Database\\Eloquent\\Factories\\Factory->store(Object(Illuminate\\Support\\Collection))
#14 C:\\laragon-7.0.6\\www\\usetwit\\vendor\\laravel\\framework\\src\\Illuminate\\Database\\Eloquent\\Factories\\Factory.php(297): Illuminate\\Database\\Eloquent\\Factories\\Factory->create(Array, NULL)
#15 C:\\laragon-7.0.6\\www\\usetwit\\database\\seeders\\BomOperationsSeeder.php(28): Illuminate\\Database\\Eloquent\\Factories\\Factory->create(Array)
#16 C:\\laragon-7.0.6\\www\\usetwit\\vendor\\laravel\\framework\\src\\Illuminate\\Container\\BoundMethod.php(36): Database\\Seeders\\BomOperationsSeeder->run()
#17 C:\\laragon-7.0.6\\www\\usetwit\\vendor\\laravel\\framework\\src\\Illuminate\\Container\\Util.php(43): Illuminate\\Container\\BoundMethod::{closure:Illuminate\\Container\\BoundMethod::call():35}()
#18 C:\\laragon-7.0.6\\www\\usetwit\\vendor\\laravel\\framework\\src\\Illuminate\\Container\\BoundMethod.php(96): Illuminate\\Container\\Util::unwrapIfClosure(Object(Closure))
#19 C:\\laragon-7.0.6\\www\\usetwit\\vendor\\laravel\\framework\\src\\Illuminate\\Container\\BoundMethod.php(35): Illuminate\\Container\\BoundMethod::callBoundMethod(Object(Illuminate\\Foundation\\Application), Array, Object(Closure))
#20 C:\\laragon-7.0.6\\www\\usetwit\\vendor\\laravel\\framework\\src\\Illuminate\\Container\\Container.php(754): Illuminate\\Container\\BoundMethod::call(Object(Illuminate\\Foundation\\Application), Array, Array, NULL)
#21 C:\\laragon-7.0.6\\www\\usetwit\\vendor\\laravel\\framework\\src\\Illuminate\\Database\\Seeder.php(188): Illuminate\\Container\\Container->call(Array, Array)
#22 C:\\laragon-7.0.6\\www\\usetwit\\vendor\\laravel\\framework\\src\\Illuminate\\Database\\Seeder.php(197): Illuminate\\Database\\Seeder->{closure:Illuminate\\Database\\Seeder::__invoke():187}()
#23 C:\\laragon-7.0.6\\www\\usetwit\\vendor\\laravel\\framework\\src\\Illuminate\\Database\\Seeder.php(61): Illuminate\\Database\\Seeder->__invoke(Array)
#24 C:\\laragon-7.0.6\\www\\usetwit\\database\\seeders\\DatabaseSeeder.php(14): Illuminate\\Database\\Seeder->call('Database\\\\Seeder...')
#25 C:\\laragon-7.0.6\\www\\usetwit\\vendor\\laravel\\framework\\src\\Illuminate\\Container\\BoundMethod.php(36): Database\\Seeders\\DatabaseSeeder->run()
#26 C:\\laragon-7.0.6\\www\\usetwit\\vendor\\laravel\\framework\\src\\Illuminate\\Container\\Util.php(43): Illuminate\\Container\\BoundMethod::{closure:Illuminate\\Container\\BoundMethod::call():35}()
#27 C:\\laragon-7.0.6\\www\\usetwit\\vendor\\laravel\\framework\\src\\Illuminate\\Container\\BoundMethod.php(96): Illuminate\\Container\\Util::unwrapIfClosure(Object(Closure))
#28 C:\\laragon-7.0.6\\www\\usetwit\\vendor\\laravel\\framework\\src\\Illuminate\\Container\\BoundMethod.php(35): Illuminate\\Container\\BoundMethod::callBoundMethod(Object(Illuminate\\Foundation\\Application), Array, Object(Closure))
#29 C:\\laragon-7.0.6\\www\\usetwit\\vendor\\laravel\\framework\\src\\Illuminate\\Container\\Container.php(754): Illuminate\\Container\\BoundMethod::call(Object(Illuminate\\Foundation\\Application), Array, Array, NULL)
#30 C:\\laragon-7.0.6\\www\\usetwit\\vendor\\laravel\\framework\\src\\Illuminate\\Database\\Seeder.php(188): Illuminate\\Container\\Container->call(Array, Array)
#31 C:\\laragon-7.0.6\\www\\usetwit\\vendor\\laravel\\framework\\src\\Illuminate\\Database\\Seeder.php(197): Illuminate\\Database\\Seeder->{closure:Illuminate\\Database\\Seeder::__invoke():187}()
#32 C:\\laragon-7.0.6\\www\\usetwit\\vendor\\laravel\\framework\\src\\Illuminate\\Database\\Console\\Seeds\\SeedCommand.php(70): Illuminate\\Database\\Seeder->__invoke()
#33 C:\\laragon-7.0.6\\www\\usetwit\\vendor\\laravel\\framework\\src\\Illuminate\\Database\\Eloquent\\Concerns\\GuardsAttributes.php(155): Illuminate\\Database\\Console\\Seeds\\SeedCommand->{closure:Illuminate\\Database\\Console\\Seeds\\SeedCommand::handle():69}()
#34 C:\\laragon-7.0.6\\www\\usetwit\\vendor\\laravel\\framework\\src\\Illuminate\\Database\\Console\\Seeds\\SeedCommand.php(69): Illuminate\\Database\\Eloquent\\Model::unguarded(Object(Closure))
#35 C:\\laragon-7.0.6\\www\\usetwit\\vendor\\laravel\\framework\\src\\Illuminate\\Container\\BoundMethod.php(36): Illuminate\\Database\\Console\\Seeds\\SeedCommand->handle()
#36 C:\\laragon-7.0.6\\www\\usetwit\\vendor\\laravel\\framework\\src\\Illuminate\\Container\\Util.php(43): Illuminate\\Container\\BoundMethod::{closure:Illuminate\\Container\\BoundMethod::call():35}()
#37 C:\\laragon-7.0.6\\www\\usetwit\\vendor\\laravel\\framework\\src\\Illuminate\\Container\\BoundMethod.php(96): Illuminate\\Container\\Util::unwrapIfClosure(Object(Closure))
#38 C:\\laragon-7.0.6\\www\\usetwit\\vendor\\laravel\\framework\\src\\Illuminate\\Container\\BoundMethod.php(35): Illuminate\\Container\\BoundMethod::callBoundMethod(Object(Illuminate\\Foundation\\Application), Array, Object(Closure))
#39 C:\\laragon-7.0.6\\www\\usetwit\\vendor\\laravel\\framework\\src\\Illuminate\\Container\\Container.php(754): Illuminate\\Container\\BoundMethod::call(Object(Illuminate\\Foundation\\Application), Array, Array, NULL)
#40 C:\\laragon-7.0.6\\www\\usetwit\\vendor\\laravel\\framework\\src\\Illuminate\\Console\\Command.php(213): Illuminate\\Container\\Container->call(Array)
#41 C:\\laragon-7.0.6\\www\\usetwit\\vendor\\symfony\\console\\Command\\Command.php(279): Illuminate\\Console\\Command->execute(Object(Symfony\\Component\\Console\\Input\\ArrayInput), Object(Illuminate\\Console\\OutputStyle))
#42 C:\\laragon-7.0.6\\www\\usetwit\\vendor\\laravel\\framework\\src\\Illuminate\\Console\\Command.php(182): Symfony\\Component\\Console\\Command\\Command->run(Object(Symfony\\Component\\Console\\Input\\ArrayInput), Object(Illuminate\\Console\\OutputStyle))
#43 C:\\laragon-7.0.6\\www\\usetwit\\vendor\\laravel\\framework\\src\\Illuminate\\Console\\Concerns\\CallsCommands.php(68): Illuminate\\Console\\Command->run(Object(Symfony\\Component\\Console\\Input\\ArrayInput), Object(Illuminate\\Console\\OutputStyle))
#44 C:\\laragon-7.0.6\\www\\usetwit\\vendor\\laravel\\framework\\src\\Illuminate\\Console\\Concerns\\CallsCommands.php(29): Illuminate\\Console\\Command->runCommand('db:seed', Array, Object(Illuminate\\Console\\OutputStyle))
#45 C:\\laragon-7.0.6\\www\\usetwit\\app\\Console\\Commands\\RefreshAndSeedCommand.php(32): Illuminate\\Console\\Command->call('db:seed')
#46 C:\\laragon-7.0.6\\www\\usetwit\\vendor\\laravel\\framework\\src\\Illuminate\\Container\\BoundMethod.php(36): App\\Console\\Commands\\RefreshAndSeedCommand->handle()
#47 C:\\laragon-7.0.6\\www\\usetwit\\vendor\\laravel\\framework\\src\\Illuminate\\Container\\Util.php(43): Illuminate\\Container\\BoundMethod::{closure:Illuminate\\Container\\BoundMethod::call():35}()
#48 C:\\laragon-7.0.6\\www\\usetwit\\vendor\\laravel\\framework\\src\\Illuminate\\Container\\BoundMethod.php(96): Illuminate\\Container\\Util::unwrapIfClosure(Object(Closure))
#49 C:\\laragon-7.0.6\\www\\usetwit\\vendor\\laravel\\framework\\src\\Illuminate\\Container\\BoundMethod.php(35): Illuminate\\Container\\BoundMethod::callBoundMethod(Object(Illuminate\\Foundation\\Application), Array, Object(Closure))
#50 C:\\laragon-7.0.6\\www\\usetwit\\vendor\\laravel\\framework\\src\\Illuminate\\Container\\Container.php(754): Illuminate\\Container\\BoundMethod::call(Object(Illuminate\\Foundation\\Application), Array, Array, NULL)
#51 C:\\laragon-7.0.6\\www\\usetwit\\vendor\\laravel\\framework\\src\\Illuminate\\Console\\Command.php(213): Illuminate\\Container\\Container->call(Array)
#52 C:\\laragon-7.0.6\\www\\usetwit\\vendor\\symfony\\console\\Command\\Command.php(279): Illuminate\\Console\\Command->execute(Object(Symfony\\Component\\Console\\Input\\ArgvInput), Object(Illuminate\\Console\\OutputStyle))
#53 C:\\laragon-7.0.6\\www\\usetwit\\vendor\\laravel\\framework\\src\\Illuminate\\Console\\Command.php(182): Symfony\\Component\\Console\\Command\\Command->run(Object(Symfony\\Component\\Console\\Input\\ArgvInput), Object(Illuminate\\Console\\OutputStyle))
#54 C:\\laragon-7.0.6\\www\\usetwit\\vendor\\symfony\\console\\Application.php(1094): Illuminate\\Console\\Command->run(Object(Symfony\\Component\\Console\\Input\\ArgvInput), Object(Symfony\\Component\\Console\\Output\\ConsoleOutput))
#55 C:\\laragon-7.0.6\\www\\usetwit\\vendor\\symfony\\console\\Application.php(342): Symfony\\Component\\Console\\Application->doRunCommand(Object(App\\Console\\Commands\\RefreshAndSeedCommand), Object(Symfony\\Component\\Console\\Input\\ArgvInput), Object(Symfony\\Component\\Console\\Output\\ConsoleOutput))
#56 C:\\laragon-7.0.6\\www\\usetwit\\vendor\\symfony\\console\\Application.php(193): Symfony\\Component\\Console\\Application->doRun(Object(Symfony\\Component\\Console\\Input\\ArgvInput), Object(Symfony\\Component\\Console\\Output\\ConsoleOutput))
#57 C:\\laragon-7.0.6\\www\\usetwit\\vendor\\laravel\\framework\\src\\Illuminate\\Foundation\\Console\\Kernel.php(198): Symfony\\Component\\Console\\Application->run(Object(Symfony\\Component\\Console\\Input\\ArgvInput), Object(Symfony\\Component\\Console\\Output\\ConsoleOutput))
#58 C:\\laragon-7.0.6\\www\\usetwit\\vendor\\laravel\\framework\\src\\Illuminate\\Foundation\\Application.php(1235): Illuminate\\Foundation\\Console\\Kernel->handle(Object(Symfony\\Component\\Console\\Input\\ArgvInput), Object(Symfony\\Component\\Console\\Output\\ConsoleOutput))
#59 C:\\laragon-7.0.6\\www\\usetwit\\artisan(13): Illuminate\\Foundation\\Application->handleCommand(Object(Symfony\\Component\\Console\\Input\\ArgvInput))
#60 {main}
"} 
[2025-03-12 23:21:25] local.ERROR: SQLSTATE[22001]: String data, right truncated: 1406 Data too long for column 'address_line_3' at row 1 (Connection: mysql, SQL: insert into `addresses` (`address_line_1`, `address_line_2`, `address_line_3`, `postcode`, `country_code`, `country_name`, `addressable_type`, `addressable_id`, `deleted_at`, `created_at`, `updated_at`) values (7012 Predovic Lodge, New Maida, British Indian Ocean Territory (Chagos Archipelago), 50594, AL, Albania, App\Models\Location, 1, ?, 2025-03-12 23:21:25, 2025-03-12 23:21:25)) {"exception":"[object] (Illuminate\\Database\\QueryException(code: 22001): SQLSTATE[22001]: String data, right truncated: 1406 Data too long for column 'address_line_3' at row 1 (Connection: mysql, SQL: insert into `addresses` (`address_line_1`, `address_line_2`, `address_line_3`, `postcode`, `country_code`, `country_name`, `addressable_type`, `addressable_id`, `deleted_at`, `created_at`, `updated_at`) values (7012 Predovic Lodge, New Maida, British Indian Ocean Territory (Chagos Archipelago), 50594, AL, Albania, App\\Models\\Location, 1, ?, 2025-03-12 23:21:25, 2025-03-12 23:21:25)) at C:\\laragon-7.0.6\\www\\usetwit\\vendor\\laravel\\framework\\src\\Illuminate\\Database\\Connection.php:823)
[stacktrace]
#0 C:\\laragon-7.0.6\\www\\usetwit\\vendor\\laravel\\framework\\src\\Illuminate\\Database\\Connection.php(777): Illuminate\\Database\\Connection->runQueryCallback('insert into `ad...', Array, Object(Closure))
#1 C:\\laragon-7.0.6\\www\\usetwit\\vendor\\laravel\\framework\\src\\Illuminate\\Database\\MySqlConnection.php(42): Illuminate\\Database\\Connection->run('insert into `ad...', Array, Object(Closure))
#2 C:\\laragon-7.0.6\\www\\usetwit\\vendor\\laravel\\framework\\src\\Illuminate\\Database\\Query\\Processors\\MySqlProcessor.php(35): Illuminate\\Database\\MySqlConnection->insert('insert into `ad...', Array, 'id')
#3 C:\\laragon-7.0.6\\www\\usetwit\\vendor\\laravel\\framework\\src\\Illuminate\\Database\\Query\\Builder.php(3767): Illuminate\\Database\\Query\\Processors\\MySqlProcessor->processInsertGetId(Object(Illuminate\\Database\\Query\\Builder), 'insert into `ad...', Array, 'id')
#4 C:\\laragon-7.0.6\\www\\usetwit\\vendor\\laravel\\framework\\src\\Illuminate\\Database\\Eloquent\\Builder.php(2141): Illuminate\\Database\\Query\\Builder->insertGetId(Array, 'id')
#5 C:\\laragon-7.0.6\\www\\usetwit\\vendor\\laravel\\framework\\src\\Illuminate\\Database\\Eloquent\\Model.php(1359): Illuminate\\Database\\Eloquent\\Builder->__call('insertGetId', Array)
#6 C:\\laragon-7.0.6\\www\\usetwit\\vendor\\laravel\\framework\\src\\Illuminate\\Database\\Eloquent\\Model.php(1324): Illuminate\\Database\\Eloquent\\Model->insertAndSetId(Object(Illuminate\\Database\\Eloquent\\Builder), Array)
#7 C:\\laragon-7.0.6\\www\\usetwit\\vendor\\laravel\\framework\\src\\Illuminate\\Database\\Eloquent\\Model.php(1163): Illuminate\\Database\\Eloquent\\Model->performInsert(Object(Illuminate\\Database\\Eloquent\\Builder))
#8 C:\\laragon-7.0.6\\www\\usetwit\\vendor\\laravel\\framework\\src\\Illuminate\\Database\\Eloquent\\Relations\\HasOneOrMany.php(371): Illuminate\\Database\\Eloquent\\Model->save()
#9 C:\\laragon-7.0.6\\www\\usetwit\\vendor\\laravel\\framework\\src\\Illuminate\\Support\\helpers.php(399): Illuminate\\Database\\Eloquent\\Relations\\HasOneOrMany->{closure:Illuminate\\Database\\Eloquent\\Relations\\HasOneOrMany::create():368}(Object(App\\Models\\Address))
#10 C:\\laragon-7.0.6\\www\\usetwit\\vendor\\laravel\\framework\\src\\Illuminate\\Database\\Eloquent\\Relations\\HasOneOrMany.php(368): tap(Object(App\\Models\\Address), Object(Closure))
#11 C:\\laragon-7.0.6\\www\\usetwit\\database\\seeders\\LocationsSeeder.php(18): Illuminate\\Database\\Eloquent\\Relations\\HasOneOrMany->create(Array)
#12 C:\\laragon-7.0.6\\www\\usetwit\\vendor\\laravel\\framework\\src\\Illuminate\\Container\\BoundMethod.php(36): Database\\Seeders\\LocationsSeeder->run()
#13 C:\\laragon-7.0.6\\www\\usetwit\\vendor\\laravel\\framework\\src\\Illuminate\\Container\\Util.php(43): Illuminate\\Container\\BoundMethod::{closure:Illuminate\\Container\\BoundMethod::call():35}()
#14 C:\\laragon-7.0.6\\www\\usetwit\\vendor\\laravel\\framework\\src\\Illuminate\\Container\\BoundMethod.php(96): Illuminate\\Container\\Util::unwrapIfClosure(Object(Closure))
#15 C:\\laragon-7.0.6\\www\\usetwit\\vendor\\laravel\\framework\\src\\Illuminate\\Container\\BoundMethod.php(35): Illuminate\\Container\\BoundMethod::callBoundMethod(Object(Illuminate\\Foundation\\Application), Array, Object(Closure))
#16 C:\\laragon-7.0.6\\www\\usetwit\\vendor\\laravel\\framework\\src\\Illuminate\\Container\\Container.php(754): Illuminate\\Container\\BoundMethod::call(Object(Illuminate\\Foundation\\Application), Array, Array, NULL)
#17 C:\\laragon-7.0.6\\www\\usetwit\\vendor\\laravel\\framework\\src\\Illuminate\\Database\\Seeder.php(188): Illuminate\\Container\\Container->call(Array, Array)
#18 C:\\laragon-7.0.6\\www\\usetwit\\vendor\\laravel\\framework\\src\\Illuminate\\Database\\Seeder.php(197): Illuminate\\Database\\Seeder->{closure:Illuminate\\Database\\Seeder::__invoke():187}()
#19 C:\\laragon-7.0.6\\www\\usetwit\\vendor\\laravel\\framework\\src\\Illuminate\\Database\\Seeder.php(61): Illuminate\\Database\\Seeder->__invoke(Array)
#20 C:\\laragon-7.0.6\\www\\usetwit\\database\\seeders\\DatabaseSeeder.php(14): Illuminate\\Database\\Seeder->call('Database\\\\Seeder...')
#21 C:\\laragon-7.0.6\\www\\usetwit\\vendor\\laravel\\framework\\src\\Illuminate\\Container\\BoundMethod.php(36): Database\\Seeders\\DatabaseSeeder->run()
#22 C:\\laragon-7.0.6\\www\\usetwit\\vendor\\laravel\\framework\\src\\Illuminate\\Container\\Util.php(43): Illuminate\\Container\\BoundMethod::{closure:Illuminate\\Container\\BoundMethod::call():35}()
#23 C:\\laragon-7.0.6\\www\\usetwit\\vendor\\laravel\\framework\\src\\Illuminate\\Container\\BoundMethod.php(96): Illuminate\\Container\\Util::unwrapIfClosure(Object(Closure))
#24 C:\\laragon-7.0.6\\www\\usetwit\\vendor\\laravel\\framework\\src\\Illuminate\\Container\\BoundMethod.php(35): Illuminate\\Container\\BoundMethod::callBoundMethod(Object(Illuminate\\Foundation\\Application), Array, Object(Closure))
#25 C:\\laragon-7.0.6\\www\\usetwit\\vendor\\laravel\\framework\\src\\Illuminate\\Container\\Container.php(754): Illuminate\\Container\\BoundMethod::call(Object(Illuminate\\Foundation\\Application), Array, Array, NULL)
#26 C:\\laragon-7.0.6\\www\\usetwit\\vendor\\laravel\\framework\\src\\Illuminate\\Database\\Seeder.php(188): Illuminate\\Container\\Container->call(Array, Array)
#27 C:\\laragon-7.0.6\\www\\usetwit\\vendor\\laravel\\framework\\src\\Illuminate\\Database\\Seeder.php(197): Illuminate\\Database\\Seeder->{closure:Illuminate\\Database\\Seeder::__invoke():187}()
#28 C:\\laragon-7.0.6\\www\\usetwit\\vendor\\laravel\\framework\\src\\Illuminate\\Database\\Console\\Seeds\\SeedCommand.php(70): Illuminate\\Database\\Seeder->__invoke()
#29 C:\\laragon-7.0.6\\www\\usetwit\\vendor\\laravel\\framework\\src\\Illuminate\\Database\\Eloquent\\Concerns\\GuardsAttributes.php(155): Illuminate\\Database\\Console\\Seeds\\SeedCommand->{closure:Illuminate\\Database\\Console\\Seeds\\SeedCommand::handle():69}()
#30 C:\\laragon-7.0.6\\www\\usetwit\\vendor\\laravel\\framework\\src\\Illuminate\\Database\\Console\\Seeds\\SeedCommand.php(69): Illuminate\\Database\\Eloquent\\Model::unguarded(Object(Closure))
#31 C:\\laragon-7.0.6\\www\\usetwit\\vendor\\laravel\\framework\\src\\Illuminate\\Container\\BoundMethod.php(36): Illuminate\\Database\\Console\\Seeds\\SeedCommand->handle()
#32 C:\\laragon-7.0.6\\www\\usetwit\\vendor\\laravel\\framework\\src\\Illuminate\\Container\\Util.php(43): Illuminate\\Container\\BoundMethod::{closure:Illuminate\\Container\\BoundMethod::call():35}()
#33 C:\\laragon-7.0.6\\www\\usetwit\\vendor\\laravel\\framework\\src\\Illuminate\\Container\\BoundMethod.php(96): Illuminate\\Container\\Util::unwrapIfClosure(Object(Closure))
#34 C:\\laragon-7.0.6\\www\\usetwit\\vendor\\laravel\\framework\\src\\Illuminate\\Container\\BoundMethod.php(35): Illuminate\\Container\\BoundMethod::callBoundMethod(Object(Illuminate\\Foundation\\Application), Array, Object(Closure))
#35 C:\\laragon-7.0.6\\www\\usetwit\\vendor\\laravel\\framework\\src\\Illuminate\\Container\\Container.php(754): Illuminate\\Container\\BoundMethod::call(Object(Illuminate\\Foundation\\Application), Array, Array, NULL)
#36 C:\\laragon-7.0.6\\www\\usetwit\\vendor\\laravel\\framework\\src\\Illuminate\\Console\\Command.php(213): Illuminate\\Container\\Container->call(Array)
#37 C:\\laragon-7.0.6\\www\\usetwit\\vendor\\symfony\\console\\Command\\Command.php(279): Illuminate\\Console\\Command->execute(Object(Symfony\\Component\\Console\\Input\\ArrayInput), Object(Illuminate\\Console\\OutputStyle))
#38 C:\\laragon-7.0.6\\www\\usetwit\\vendor\\laravel\\framework\\src\\Illuminate\\Console\\Command.php(182): Symfony\\Component\\Console\\Command\\Command->run(Object(Symfony\\Component\\Console\\Input\\ArrayInput), Object(Illuminate\\Console\\OutputStyle))
#39 C:\\laragon-7.0.6\\www\\usetwit\\vendor\\laravel\\framework\\src\\Illuminate\\Console\\Concerns\\CallsCommands.php(68): Illuminate\\Console\\Command->run(Object(Symfony\\Component\\Console\\Input\\ArrayInput), Object(Illuminate\\Console\\OutputStyle))
#40 C:\\laragon-7.0.6\\www\\usetwit\\vendor\\laravel\\framework\\src\\Illuminate\\Console\\Concerns\\CallsCommands.php(29): Illuminate\\Console\\Command->runCommand('db:seed', Array, Object(Illuminate\\Console\\OutputStyle))
#41 C:\\laragon-7.0.6\\www\\usetwit\\app\\Console\\Commands\\RefreshAndSeedCommand.php(32): Illuminate\\Console\\Command->call('db:seed')
#42 C:\\laragon-7.0.6\\www\\usetwit\\vendor\\laravel\\framework\\src\\Illuminate\\Container\\BoundMethod.php(36): App\\Console\\Commands\\RefreshAndSeedCommand->handle()
#43 C:\\laragon-7.0.6\\www\\usetwit\\vendor\\laravel\\framework\\src\\Illuminate\\Container\\Util.php(43): Illuminate\\Container\\BoundMethod::{closure:Illuminate\\Container\\BoundMethod::call():35}()
#44 C:\\laragon-7.0.6\\www\\usetwit\\vendor\\laravel\\framework\\src\\Illuminate\\Container\\BoundMethod.php(96): Illuminate\\Container\\Util::unwrapIfClosure(Object(Closure))
#45 C:\\laragon-7.0.6\\www\\usetwit\\vendor\\laravel\\framework\\src\\Illuminate\\Container\\BoundMethod.php(35): Illuminate\\Container\\BoundMethod::callBoundMethod(Object(Illuminate\\Foundation\\Application), Array, Object(Closure))
#46 C:\\laragon-7.0.6\\www\\usetwit\\vendor\\laravel\\framework\\src\\Illuminate\\Container\\Container.php(754): Illuminate\\Container\\BoundMethod::call(Object(Illuminate\\Foundation\\Application), Array, Array, NULL)
#47 C:\\laragon-7.0.6\\www\\usetwit\\vendor\\laravel\\framework\\src\\Illuminate\\Console\\Command.php(213): Illuminate\\Container\\Container->call(Array)
#48 C:\\laragon-7.0.6\\www\\usetwit\\vendor\\symfony\\console\\Command\\Command.php(279): Illuminate\\Console\\Command->execute(Object(Symfony\\Component\\Console\\Input\\ArgvInput), Object(Illuminate\\Console\\OutputStyle))
#49 C:\\laragon-7.0.6\\www\\usetwit\\vendor\\laravel\\framework\\src\\Illuminate\\Console\\Command.php(182): Symfony\\Component\\Console\\Command\\Command->run(Object(Symfony\\Component\\Console\\Input\\ArgvInput), Object(Illuminate\\Console\\OutputStyle))
#50 C:\\laragon-7.0.6\\www\\usetwit\\vendor\\symfony\\console\\Application.php(1094): Illuminate\\Console\\Command->run(Object(Symfony\\Component\\Console\\Input\\ArgvInput), Object(Symfony\\Component\\Console\\Output\\ConsoleOutput))
#51 C:\\laragon-7.0.6\\www\\usetwit\\vendor\\symfony\\console\\Application.php(342): Symfony\\Component\\Console\\Application->doRunCommand(Object(App\\Console\\Commands\\RefreshAndSeedCommand), Object(Symfony\\Component\\Console\\Input\\ArgvInput), Object(Symfony\\Component\\Console\\Output\\ConsoleOutput))
#52 C:\\laragon-7.0.6\\www\\usetwit\\vendor\\symfony\\console\\Application.php(193): Symfony\\Component\\Console\\Application->doRun(Object(Symfony\\Component\\Console\\Input\\ArgvInput), Object(Symfony\\Component\\Console\\Output\\ConsoleOutput))
#53 C:\\laragon-7.0.6\\www\\usetwit\\vendor\\laravel\\framework\\src\\Illuminate\\Foundation\\Console\\Kernel.php(198): Symfony\\Component\\Console\\Application->run(Object(Symfony\\Component\\Console\\Input\\ArgvInput), Object(Symfony\\Component\\Console\\Output\\ConsoleOutput))
#54 C:\\laragon-7.0.6\\www\\usetwit\\vendor\\laravel\\framework\\src\\Illuminate\\Foundation\\Application.php(1235): Illuminate\\Foundation\\Console\\Kernel->handle(Object(Symfony\\Component\\Console\\Input\\ArgvInput), Object(Symfony\\Component\\Console\\Output\\ConsoleOutput))
#55 C:\\laragon-7.0.6\\www\\usetwit\\artisan(13): Illuminate\\Foundation\\Application->handleCommand(Object(Symfony\\Component\\Console\\Input\\ArgvInput))
#56 {main}

[previous exception] [object] (PDOException(code: 22001): SQLSTATE[22001]: String data, right truncated: 1406 Data too long for column 'address_line_3' at row 1 at C:\\laragon-7.0.6\\www\\usetwit\\vendor\\laravel\\framework\\src\\Illuminate\\Database\\MySqlConnection.php:53)
[stacktrace]
#0 C:\\laragon-7.0.6\\www\\usetwit\\vendor\\laravel\\framework\\src\\Illuminate\\Database\\MySqlConnection.php(53): PDOStatement->execute()
#1 C:\\laragon-7.0.6\\www\\usetwit\\vendor\\laravel\\framework\\src\\Illuminate\\Database\\Connection.php(810): Illuminate\\Database\\MySqlConnection->{closure:Illuminate\\Database\\MySqlConnection::insert():42}('insert into `ad...', Array)
#2 C:\\laragon-7.0.6\\www\\usetwit\\vendor\\laravel\\framework\\src\\Illuminate\\Database\\Connection.php(777): Illuminate\\Database\\Connection->runQueryCallback('insert into `ad...', Array, Object(Closure))
#3 C:\\laragon-7.0.6\\www\\usetwit\\vendor\\laravel\\framework\\src\\Illuminate\\Database\\MySqlConnection.php(42): Illuminate\\Database\\Connection->run('insert into `ad...', Array, Object(Closure))
#4 C:\\laragon-7.0.6\\www\\usetwit\\vendor\\laravel\\framework\\src\\Illuminate\\Database\\Query\\Processors\\MySqlProcessor.php(35): Illuminate\\Database\\MySqlConnection->insert('insert into `ad...', Array, 'id')
#5 C:\\laragon-7.0.6\\www\\usetwit\\vendor\\laravel\\framework\\src\\Illuminate\\Database\\Query\\Builder.php(3767): Illuminate\\Database\\Query\\Processors\\MySqlProcessor->processInsertGetId(Object(Illuminate\\Database\\Query\\Builder), 'insert into `ad...', Array, 'id')
#6 C:\\laragon-7.0.6\\www\\usetwit\\vendor\\laravel\\framework\\src\\Illuminate\\Database\\Eloquent\\Builder.php(2141): Illuminate\\Database\\Query\\Builder->insertGetId(Array, 'id')
#7 C:\\laragon-7.0.6\\www\\usetwit\\vendor\\laravel\\framework\\src\\Illuminate\\Database\\Eloquent\\Model.php(1359): Illuminate\\Database\\Eloquent\\Builder->__call('insertGetId', Array)
#8 C:\\laragon-7.0.6\\www\\usetwit\\vendor\\laravel\\framework\\src\\Illuminate\\Database\\Eloquent\\Model.php(1324): Illuminate\\Database\\Eloquent\\Model->insertAndSetId(Object(Illuminate\\Database\\Eloquent\\Builder), Array)
#9 C:\\laragon-7.0.6\\www\\usetwit\\vendor\\laravel\\framework\\src\\Illuminate\\Database\\Eloquent\\Model.php(1163): Illuminate\\Database\\Eloquent\\Model->performInsert(Object(Illuminate\\Database\\Eloquent\\Builder))
#10 C:\\laragon-7.0.6\\www\\usetwit\\vendor\\laravel\\framework\\src\\Illuminate\\Database\\Eloquent\\Relations\\HasOneOrMany.php(371): Illuminate\\Database\\Eloquent\\Model->save()
#11 C:\\laragon-7.0.6\\www\\usetwit\\vendor\\laravel\\framework\\src\\Illuminate\\Support\\helpers.php(399): Illuminate\\Database\\Eloquent\\Relations\\HasOneOrMany->{closure:Illuminate\\Database\\Eloquent\\Relations\\HasOneOrMany::create():368}(Object(App\\Models\\Address))
#12 C:\\laragon-7.0.6\\www\\usetwit\\vendor\\laravel\\framework\\src\\Illuminate\\Database\\Eloquent\\Relations\\HasOneOrMany.php(368): tap(Object(App\\Models\\Address), Object(Closure))
#13 C:\\laragon-7.0.6\\www\\usetwit\\database\\seeders\\LocationsSeeder.php(18): Illuminate\\Database\\Eloquent\\Relations\\HasOneOrMany->create(Array)
#14 C:\\laragon-7.0.6\\www\\usetwit\\vendor\\laravel\\framework\\src\\Illuminate\\Container\\BoundMethod.php(36): Database\\Seeders\\LocationsSeeder->run()
#15 C:\\laragon-7.0.6\\www\\usetwit\\vendor\\laravel\\framework\\src\\Illuminate\\Container\\Util.php(43): Illuminate\\Container\\BoundMethod::{closure:Illuminate\\Container\\BoundMethod::call():35}()
#16 C:\\laragon-7.0.6\\www\\usetwit\\vendor\\laravel\\framework\\src\\Illuminate\\Container\\BoundMethod.php(96): Illuminate\\Container\\Util::unwrapIfClosure(Object(Closure))
#17 C:\\laragon-7.0.6\\www\\usetwit\\vendor\\laravel\\framework\\src\\Illuminate\\Container\\BoundMethod.php(35): Illuminate\\Container\\BoundMethod::callBoundMethod(Object(Illuminate\\Foundation\\Application), Array, Object(Closure))
#18 C:\\laragon-7.0.6\\www\\usetwit\\vendor\\laravel\\framework\\src\\Illuminate\\Container\\Container.php(754): Illuminate\\Container\\BoundMethod::call(Object(Illuminate\\Foundation\\Application), Array, Array, NULL)
#19 C:\\laragon-7.0.6\\www\\usetwit\\vendor\\laravel\\framework\\src\\Illuminate\\Database\\Seeder.php(188): Illuminate\\Container\\Container->call(Array, Array)
#20 C:\\laragon-7.0.6\\www\\usetwit\\vendor\\laravel\\framework\\src\\Illuminate\\Database\\Seeder.php(197): Illuminate\\Database\\Seeder->{closure:Illuminate\\Database\\Seeder::__invoke():187}()
#21 C:\\laragon-7.0.6\\www\\usetwit\\vendor\\laravel\\framework\\src\\Illuminate\\Database\\Seeder.php(61): Illuminate\\Database\\Seeder->__invoke(Array)
#22 C:\\laragon-7.0.6\\www\\usetwit\\database\\seeders\\DatabaseSeeder.php(14): Illuminate\\Database\\Seeder->call('Database\\\\Seeder...')
#23 C:\\laragon-7.0.6\\www\\usetwit\\vendor\\laravel\\framework\\src\\Illuminate\\Container\\BoundMethod.php(36): Database\\Seeders\\DatabaseSeeder->run()
#24 C:\\laragon-7.0.6\\www\\usetwit\\vendor\\laravel\\framework\\src\\Illuminate\\Container\\Util.php(43): Illuminate\\Container\\BoundMethod::{closure:Illuminate\\Container\\BoundMethod::call():35}()
#25 C:\\laragon-7.0.6\\www\\usetwit\\vendor\\laravel\\framework\\src\\Illuminate\\Container\\BoundMethod.php(96): Illuminate\\Container\\Util::unwrapIfClosure(Object(Closure))
#26 C:\\laragon-7.0.6\\www\\usetwit\\vendor\\laravel\\framework\\src\\Illuminate\\Container\\BoundMethod.php(35): Illuminate\\Container\\BoundMethod::callBoundMethod(Object(Illuminate\\Foundation\\Application), Array, Object(Closure))
#27 C:\\laragon-7.0.6\\www\\usetwit\\vendor\\laravel\\framework\\src\\Illuminate\\Container\\Container.php(754): Illuminate\\Container\\BoundMethod::call(Object(Illuminate\\Foundation\\Application), Array, Array, NULL)
#28 C:\\laragon-7.0.6\\www\\usetwit\\vendor\\laravel\\framework\\src\\Illuminate\\Database\\Seeder.php(188): Illuminate\\Container\\Container->call(Array, Array)
#29 C:\\laragon-7.0.6\\www\\usetwit\\vendor\\laravel\\framework\\src\\Illuminate\\Database\\Seeder.php(197): Illuminate\\Database\\Seeder->{closure:Illuminate\\Database\\Seeder::__invoke():187}()
#30 C:\\laragon-7.0.6\\www\\usetwit\\vendor\\laravel\\framework\\src\\Illuminate\\Database\\Console\\Seeds\\SeedCommand.php(70): Illuminate\\Database\\Seeder->__invoke()
#31 C:\\laragon-7.0.6\\www\\usetwit\\vendor\\laravel\\framework\\src\\Illuminate\\Database\\Eloquent\\Concerns\\GuardsAttributes.php(155): Illuminate\\Database\\Console\\Seeds\\SeedCommand->{closure:Illuminate\\Database\\Console\\Seeds\\SeedCommand::handle():69}()
#32 C:\\laragon-7.0.6\\www\\usetwit\\vendor\\laravel\\framework\\src\\Illuminate\\Database\\Console\\Seeds\\SeedCommand.php(69): Illuminate\\Database\\Eloquent\\Model::unguarded(Object(Closure))
#33 C:\\laragon-7.0.6\\www\\usetwit\\vendor\\laravel\\framework\\src\\Illuminate\\Container\\BoundMethod.php(36): Illuminate\\Database\\Console\\Seeds\\SeedCommand->handle()
#34 C:\\laragon-7.0.6\\www\\usetwit\\vendor\\laravel\\framework\\src\\Illuminate\\Container\\Util.php(43): Illuminate\\Container\\BoundMethod::{closure:Illuminate\\Container\\BoundMethod::call():35}()
#35 C:\\laragon-7.0.6\\www\\usetwit\\vendor\\laravel\\framework\\src\\Illuminate\\Container\\BoundMethod.php(96): Illuminate\\Container\\Util::unwrapIfClosure(Object(Closure))
#36 C:\\laragon-7.0.6\\www\\usetwit\\vendor\\laravel\\framework\\src\\Illuminate\\Container\\BoundMethod.php(35): Illuminate\\Container\\BoundMethod::callBoundMethod(Object(Illuminate\\Foundation\\Application), Array, Object(Closure))
#37 C:\\laragon-7.0.6\\www\\usetwit\\vendor\\laravel\\framework\\src\\Illuminate\\Container\\Container.php(754): Illuminate\\Container\\BoundMethod::call(Object(Illuminate\\Foundation\\Application), Array, Array, NULL)
#38 C:\\laragon-7.0.6\\www\\usetwit\\vendor\\laravel\\framework\\src\\Illuminate\\Console\\Command.php(213): Illuminate\\Container\\Container->call(Array)
#39 C:\\laragon-7.0.6\\www\\usetwit\\vendor\\symfony\\console\\Command\\Command.php(279): Illuminate\\Console\\Command->execute(Object(Symfony\\Component\\Console\\Input\\ArrayInput), Object(Illuminate\\Console\\OutputStyle))
#40 C:\\laragon-7.0.6\\www\\usetwit\\vendor\\laravel\\framework\\src\\Illuminate\\Console\\Command.php(182): Symfony\\Component\\Console\\Command\\Command->run(Object(Symfony\\Component\\Console\\Input\\ArrayInput), Object(Illuminate\\Console\\OutputStyle))
#41 C:\\laragon-7.0.6\\www\\usetwit\\vendor\\laravel\\framework\\src\\Illuminate\\Console\\Concerns\\CallsCommands.php(68): Illuminate\\Console\\Command->run(Object(Symfony\\Component\\Console\\Input\\ArrayInput), Object(Illuminate\\Console\\OutputStyle))
#42 C:\\laragon-7.0.6\\www\\usetwit\\vendor\\laravel\\framework\\src\\Illuminate\\Console\\Concerns\\CallsCommands.php(29): Illuminate\\Console\\Command->runCommand('db:seed', Array, Object(Illuminate\\Console\\OutputStyle))
#43 C:\\laragon-7.0.6\\www\\usetwit\\app\\Console\\Commands\\RefreshAndSeedCommand.php(32): Illuminate\\Console\\Command->call('db:seed')
#44 C:\\laragon-7.0.6\\www\\usetwit\\vendor\\laravel\\framework\\src\\Illuminate\\Container\\BoundMethod.php(36): App\\Console\\Commands\\RefreshAndSeedCommand->handle()
#45 C:\\laragon-7.0.6\\www\\usetwit\\vendor\\laravel\\framework\\src\\Illuminate\\Container\\Util.php(43): Illuminate\\Container\\BoundMethod::{closure:Illuminate\\Container\\BoundMethod::call():35}()
#46 C:\\laragon-7.0.6\\www\\usetwit\\vendor\\laravel\\framework\\src\\Illuminate\\Container\\BoundMethod.php(96): Illuminate\\Container\\Util::unwrapIfClosure(Object(Closure))
#47 C:\\laragon-7.0.6\\www\\usetwit\\vendor\\laravel\\framework\\src\\Illuminate\\Container\\BoundMethod.php(35): Illuminate\\Container\\BoundMethod::callBoundMethod(Object(Illuminate\\Foundation\\Application), Array, Object(Closure))
#48 C:\\laragon-7.0.6\\www\\usetwit\\vendor\\laravel\\framework\\src\\Illuminate\\Container\\Container.php(754): Illuminate\\Container\\BoundMethod::call(Object(Illuminate\\Foundation\\Application), Array, Array, NULL)
#49 C:\\laragon-7.0.6\\www\\usetwit\\vendor\\laravel\\framework\\src\\Illuminate\\Console\\Command.php(213): Illuminate\\Container\\Container->call(Array)
#50 C:\\laragon-7.0.6\\www\\usetwit\\vendor\\symfony\\console\\Command\\Command.php(279): Illuminate\\Console\\Command->execute(Object(Symfony\\Component\\Console\\Input\\ArgvInput), Object(Illuminate\\Console\\OutputStyle))
#51 C:\\laragon-7.0.6\\www\\usetwit\\vendor\\laravel\\framework\\src\\Illuminate\\Console\\Command.php(182): Symfony\\Component\\Console\\Command\\Command->run(Object(Symfony\\Component\\Console\\Input\\ArgvInput), Object(Illuminate\\Console\\OutputStyle))
#52 C:\\laragon-7.0.6\\www\\usetwit\\vendor\\symfony\\console\\Application.php(1094): Illuminate\\Console\\Command->run(Object(Symfony\\Component\\Console\\Input\\ArgvInput), Object(Symfony\\Component\\Console\\Output\\ConsoleOutput))
#53 C:\\laragon-7.0.6\\www\\usetwit\\vendor\\symfony\\console\\Application.php(342): Symfony\\Component\\Console\\Application->doRunCommand(Object(App\\Console\\Commands\\RefreshAndSeedCommand), Object(Symfony\\Component\\Console\\Input\\ArgvInput), Object(Symfony\\Component\\Console\\Output\\ConsoleOutput))
#54 C:\\laragon-7.0.6\\www\\usetwit\\vendor\\symfony\\console\\Application.php(193): Symfony\\Component\\Console\\Application->doRun(Object(Symfony\\Component\\Console\\Input\\ArgvInput), Object(Symfony\\Component\\Console\\Output\\ConsoleOutput))
#55 C:\\laragon-7.0.6\\www\\usetwit\\vendor\\laravel\\framework\\src\\Illuminate\\Foundation\\Console\\Kernel.php(198): Symfony\\Component\\Console\\Application->run(Object(Symfony\\Component\\Console\\Input\\ArgvInput), Object(Symfony\\Component\\Console\\Output\\ConsoleOutput))
#56 C:\\laragon-7.0.6\\www\\usetwit\\vendor\\laravel\\framework\\src\\Illuminate\\Foundation\\Application.php(1235): Illuminate\\Foundation\\Console\\Kernel->handle(Object(Symfony\\Component\\Console\\Input\\ArgvInput), Object(Symfony\\Component\\Console\\Output\\ConsoleOutput))
#57 C:\\laragon-7.0.6\\www\\usetwit\\artisan(13): Illuminate\\Foundation\\Application->handleCommand(Object(Symfony\\Component\\Console\\Input\\ArgvInput))
#58 {main}
"} 
[2025-03-12 23:22:05] local.ERROR: SQLSTATE[42S22]: Column not found: 1054 Unknown column 'bom_id' in 'field list' (Connection: mysql, SQL: insert into `bom_operations` (`bom_id`, `operation_id`, `calendar_id`, `type`, `buffer_duration_type`, `x`, `y`, `color`, `buffer_duration`, `instructions`, `bom_version_id`, `updated_at`, `created_at`) values (53, 1, 2, process, ?, 140, 50, teal, ?, Ipsa est possimus repudiandae sint voluptatibus., 1, 2025-03-12 23:22:05, 2025-03-12 23:22:05)) {"exception":"[object] (Illuminate\\Database\\QueryException(code: 42S22): SQLSTATE[42S22]: Column not found: 1054 Unknown column 'bom_id' in 'field list' (Connection: mysql, SQL: insert into `bom_operations` (`bom_id`, `operation_id`, `calendar_id`, `type`, `buffer_duration_type`, `x`, `y`, `color`, `buffer_duration`, `instructions`, `bom_version_id`, `updated_at`, `created_at`) values (53, 1, 2, process, ?, 140, 50, teal, ?, Ipsa est possimus repudiandae sint voluptatibus., 1, 2025-03-12 23:22:05, 2025-03-12 23:22:05)) at C:\\laragon-7.0.6\\www\\usetwit\\vendor\\laravel\\framework\\src\\Illuminate\\Database\\Connection.php:823)
[stacktrace]
#0 C:\\laragon-7.0.6\\www\\usetwit\\vendor\\laravel\\framework\\src\\Illuminate\\Database\\Connection.php(777): Illuminate\\Database\\Connection->runQueryCallback('insert into `bo...', Array, Object(Closure))
#1 C:\\laragon-7.0.6\\www\\usetwit\\vendor\\laravel\\framework\\src\\Illuminate\\Database\\MySqlConnection.php(42): Illuminate\\Database\\Connection->run('insert into `bo...', Array, Object(Closure))
#2 C:\\laragon-7.0.6\\www\\usetwit\\vendor\\laravel\\framework\\src\\Illuminate\\Database\\Query\\Processors\\MySqlProcessor.php(35): Illuminate\\Database\\MySqlConnection->insert('insert into `bo...', Array, 'id')
#3 C:\\laragon-7.0.6\\www\\usetwit\\vendor\\laravel\\framework\\src\\Illuminate\\Database\\Query\\Builder.php(3767): Illuminate\\Database\\Query\\Processors\\MySqlProcessor->processInsertGetId(Object(Illuminate\\Database\\Query\\Builder), 'insert into `bo...', Array, 'id')
#4 C:\\laragon-7.0.6\\www\\usetwit\\vendor\\laravel\\framework\\src\\Illuminate\\Database\\Eloquent\\Builder.php(2141): Illuminate\\Database\\Query\\Builder->insertGetId(Array, 'id')
#5 C:\\laragon-7.0.6\\www\\usetwit\\vendor\\laravel\\framework\\src\\Illuminate\\Database\\Eloquent\\Model.php(1359): Illuminate\\Database\\Eloquent\\Builder->__call('insertGetId', Array)
#6 C:\\laragon-7.0.6\\www\\usetwit\\vendor\\laravel\\framework\\src\\Illuminate\\Database\\Eloquent\\Model.php(1324): Illuminate\\Database\\Eloquent\\Model->insertAndSetId(Object(Illuminate\\Database\\Eloquent\\Builder), Array)
#7 C:\\laragon-7.0.6\\www\\usetwit\\vendor\\laravel\\framework\\src\\Illuminate\\Database\\Eloquent\\Model.php(1163): Illuminate\\Database\\Eloquent\\Model->performInsert(Object(Illuminate\\Database\\Eloquent\\Builder))
#8 C:\\laragon-7.0.6\\www\\usetwit\\vendor\\laravel\\framework\\src\\Illuminate\\Database\\Eloquent\\Factories\\Factory.php(352): Illuminate\\Database\\Eloquent\\Model->save()
#9 C:\\laragon-7.0.6\\www\\usetwit\\vendor\\laravel\\framework\\src\\Illuminate\\Collections\\Traits\\EnumeratesValues.php(261): Illuminate\\Database\\Eloquent\\Factories\\Factory->{closure:Illuminate\\Database\\Eloquent\\Factories\\Factory::store():347}(Object(App\\Models\\BomOperation), 0)
#10 C:\\laragon-7.0.6\\www\\usetwit\\vendor\\laravel\\framework\\src\\Illuminate\\Database\\Eloquent\\Factories\\Factory.php(347): Illuminate\\Support\\Collection->each(Object(Closure))
#11 C:\\laragon-7.0.6\\www\\usetwit\\vendor\\laravel\\framework\\src\\Illuminate\\Database\\Eloquent\\Factories\\Factory.php(303): Illuminate\\Database\\Eloquent\\Factories\\Factory->store(Object(Illuminate\\Support\\Collection))
#12 C:\\laragon-7.0.6\\www\\usetwit\\vendor\\laravel\\framework\\src\\Illuminate\\Database\\Eloquent\\Factories\\Factory.php(297): Illuminate\\Database\\Eloquent\\Factories\\Factory->create(Array, NULL)
#13 C:\\laragon-7.0.6\\www\\usetwit\\database\\seeders\\BomOperationsSeeder.php(28): Illuminate\\Database\\Eloquent\\Factories\\Factory->create(Array)
#14 C:\\laragon-7.0.6\\www\\usetwit\\vendor\\laravel\\framework\\src\\Illuminate\\Container\\BoundMethod.php(36): Database\\Seeders\\BomOperationsSeeder->run()
#15 C:\\laragon-7.0.6\\www\\usetwit\\vendor\\laravel\\framework\\src\\Illuminate\\Container\\Util.php(43): Illuminate\\Container\\BoundMethod::{closure:Illuminate\\Container\\BoundMethod::call():35}()
#16 C:\\laragon-7.0.6\\www\\usetwit\\vendor\\laravel\\framework\\src\\Illuminate\\Container\\BoundMethod.php(96): Illuminate\\Container\\Util::unwrapIfClosure(Object(Closure))
#17 C:\\laragon-7.0.6\\www\\usetwit\\vendor\\laravel\\framework\\src\\Illuminate\\Container\\BoundMethod.php(35): Illuminate\\Container\\BoundMethod::callBoundMethod(Object(Illuminate\\Foundation\\Application), Array, Object(Closure))
#18 C:\\laragon-7.0.6\\www\\usetwit\\vendor\\laravel\\framework\\src\\Illuminate\\Container\\Container.php(754): Illuminate\\Container\\BoundMethod::call(Object(Illuminate\\Foundation\\Application), Array, Array, NULL)
#19 C:\\laragon-7.0.6\\www\\usetwit\\vendor\\laravel\\framework\\src\\Illuminate\\Database\\Seeder.php(188): Illuminate\\Container\\Container->call(Array, Array)
#20 C:\\laragon-7.0.6\\www\\usetwit\\vendor\\laravel\\framework\\src\\Illuminate\\Database\\Seeder.php(197): Illuminate\\Database\\Seeder->{closure:Illuminate\\Database\\Seeder::__invoke():187}()
#21 C:\\laragon-7.0.6\\www\\usetwit\\vendor\\laravel\\framework\\src\\Illuminate\\Database\\Seeder.php(61): Illuminate\\Database\\Seeder->__invoke(Array)
#22 C:\\laragon-7.0.6\\www\\usetwit\\database\\seeders\\DatabaseSeeder.php(14): Illuminate\\Database\\Seeder->call('Database\\\\Seeder...')
#23 C:\\laragon-7.0.6\\www\\usetwit\\vendor\\laravel\\framework\\src\\Illuminate\\Container\\BoundMethod.php(36): Database\\Seeders\\DatabaseSeeder->run()
#24 C:\\laragon-7.0.6\\www\\usetwit\\vendor\\laravel\\framework\\src\\Illuminate\\Container\\Util.php(43): Illuminate\\Container\\BoundMethod::{closure:Illuminate\\Container\\BoundMethod::call():35}()
#25 C:\\laragon-7.0.6\\www\\usetwit\\vendor\\laravel\\framework\\src\\Illuminate\\Container\\BoundMethod.php(96): Illuminate\\Container\\Util::unwrapIfClosure(Object(Closure))
#26 C:\\laragon-7.0.6\\www\\usetwit\\vendor\\laravel\\framework\\src\\Illuminate\\Container\\BoundMethod.php(35): Illuminate\\Container\\BoundMethod::callBoundMethod(Object(Illuminate\\Foundation\\Application), Array, Object(Closure))
#27 C:\\laragon-7.0.6\\www\\usetwit\\vendor\\laravel\\framework\\src\\Illuminate\\Container\\Container.php(754): Illuminate\\Container\\BoundMethod::call(Object(Illuminate\\Foundation\\Application), Array, Array, NULL)
#28 C:\\laragon-7.0.6\\www\\usetwit\\vendor\\laravel\\framework\\src\\Illuminate\\Database\\Seeder.php(188): Illuminate\\Container\\Container->call(Array, Array)
#29 C:\\laragon-7.0.6\\www\\usetwit\\vendor\\laravel\\framework\\src\\Illuminate\\Database\\Seeder.php(197): Illuminate\\Database\\Seeder->{closure:Illuminate\\Database\\Seeder::__invoke():187}()
#30 C:\\laragon-7.0.6\\www\\usetwit\\vendor\\laravel\\framework\\src\\Illuminate\\Database\\Console\\Seeds\\SeedCommand.php(70): Illuminate\\Database\\Seeder->__invoke()
#31 C:\\laragon-7.0.6\\www\\usetwit\\vendor\\laravel\\framework\\src\\Illuminate\\Database\\Eloquent\\Concerns\\GuardsAttributes.php(155): Illuminate\\Database\\Console\\Seeds\\SeedCommand->{closure:Illuminate\\Database\\Console\\Seeds\\SeedCommand::handle():69}()
#32 C:\\laragon-7.0.6\\www\\usetwit\\vendor\\laravel\\framework\\src\\Illuminate\\Database\\Console\\Seeds\\SeedCommand.php(69): Illuminate\\Database\\Eloquent\\Model::unguarded(Object(Closure))
#33 C:\\laragon-7.0.6\\www\\usetwit\\vendor\\laravel\\framework\\src\\Illuminate\\Container\\BoundMethod.php(36): Illuminate\\Database\\Console\\Seeds\\SeedCommand->handle()
#34 C:\\laragon-7.0.6\\www\\usetwit\\vendor\\laravel\\framework\\src\\Illuminate\\Container\\Util.php(43): Illuminate\\Container\\BoundMethod::{closure:Illuminate\\Container\\BoundMethod::call():35}()
#35 C:\\laragon-7.0.6\\www\\usetwit\\vendor\\laravel\\framework\\src\\Illuminate\\Container\\BoundMethod.php(96): Illuminate\\Container\\Util::unwrapIfClosure(Object(Closure))
#36 C:\\laragon-7.0.6\\www\\usetwit\\vendor\\laravel\\framework\\src\\Illuminate\\Container\\BoundMethod.php(35): Illuminate\\Container\\BoundMethod::callBoundMethod(Object(Illuminate\\Foundation\\Application), Array, Object(Closure))
#37 C:\\laragon-7.0.6\\www\\usetwit\\vendor\\laravel\\framework\\src\\Illuminate\\Container\\Container.php(754): Illuminate\\Container\\BoundMethod::call(Object(Illuminate\\Foundation\\Application), Array, Array, NULL)
#38 C:\\laragon-7.0.6\\www\\usetwit\\vendor\\laravel\\framework\\src\\Illuminate\\Console\\Command.php(213): Illuminate\\Container\\Container->call(Array)
#39 C:\\laragon-7.0.6\\www\\usetwit\\vendor\\symfony\\console\\Command\\Command.php(279): Illuminate\\Console\\Command->execute(Object(Symfony\\Component\\Console\\Input\\ArrayInput), Object(Illuminate\\Console\\OutputStyle))
#40 C:\\laragon-7.0.6\\www\\usetwit\\vendor\\laravel\\framework\\src\\Illuminate\\Console\\Command.php(182): Symfony\\Component\\Console\\Command\\Command->run(Object(Symfony\\Component\\Console\\Input\\ArrayInput), Object(Illuminate\\Console\\OutputStyle))
#41 C:\\laragon-7.0.6\\www\\usetwit\\vendor\\laravel\\framework\\src\\Illuminate\\Console\\Concerns\\CallsCommands.php(68): Illuminate\\Console\\Command->run(Object(Symfony\\Component\\Console\\Input\\ArrayInput), Object(Illuminate\\Console\\OutputStyle))
#42 C:\\laragon-7.0.6\\www\\usetwit\\vendor\\laravel\\framework\\src\\Illuminate\\Console\\Concerns\\CallsCommands.php(29): Illuminate\\Console\\Command->runCommand('db:seed', Array, Object(Illuminate\\Console\\OutputStyle))
#43 C:\\laragon-7.0.6\\www\\usetwit\\app\\Console\\Commands\\RefreshAndSeedCommand.php(32): Illuminate\\Console\\Command->call('db:seed')
#44 C:\\laragon-7.0.6\\www\\usetwit\\vendor\\laravel\\framework\\src\\Illuminate\\Container\\BoundMethod.php(36): App\\Console\\Commands\\RefreshAndSeedCommand->handle()
#45 C:\\laragon-7.0.6\\www\\usetwit\\vendor\\laravel\\framework\\src\\Illuminate\\Container\\Util.php(43): Illuminate\\Container\\BoundMethod::{closure:Illuminate\\Container\\BoundMethod::call():35}()
#46 C:\\laragon-7.0.6\\www\\usetwit\\vendor\\laravel\\framework\\src\\Illuminate\\Container\\BoundMethod.php(96): Illuminate\\Container\\Util::unwrapIfClosure(Object(Closure))
#47 C:\\laragon-7.0.6\\www\\usetwit\\vendor\\laravel\\framework\\src\\Illuminate\\Container\\BoundMethod.php(35): Illuminate\\Container\\BoundMethod::callBoundMethod(Object(Illuminate\\Foundation\\Application), Array, Object(Closure))
#48 C:\\laragon-7.0.6\\www\\usetwit\\vendor\\laravel\\framework\\src\\Illuminate\\Container\\Container.php(754): Illuminate\\Container\\BoundMethod::call(Object(Illuminate\\Foundation\\Application), Array, Array, NULL)
#49 C:\\laragon-7.0.6\\www\\usetwit\\vendor\\laravel\\framework\\src\\Illuminate\\Console\\Command.php(213): Illuminate\\Container\\Container->call(Array)
#50 C:\\laragon-7.0.6\\www\\usetwit\\vendor\\symfony\\console\\Command\\Command.php(279): Illuminate\\Console\\Command->execute(Object(Symfony\\Component\\Console\\Input\\ArgvInput), Object(Illuminate\\Console\\OutputStyle))
#51 C:\\laragon-7.0.6\\www\\usetwit\\vendor\\laravel\\framework\\src\\Illuminate\\Console\\Command.php(182): Symfony\\Component\\Console\\Command\\Command->run(Object(Symfony\\Component\\Console\\Input\\ArgvInput), Object(Illuminate\\Console\\OutputStyle))
#52 C:\\laragon-7.0.6\\www\\usetwit\\vendor\\symfony\\console\\Application.php(1094): Illuminate\\Console\\Command->run(Object(Symfony\\Component\\Console\\Input\\ArgvInput), Object(Symfony\\Component\\Console\\Output\\ConsoleOutput))
#53 C:\\laragon-7.0.6\\www\\usetwit\\vendor\\symfony\\console\\Application.php(342): Symfony\\Component\\Console\\Application->doRunCommand(Object(App\\Console\\Commands\\RefreshAndSeedCommand), Object(Symfony\\Component\\Console\\Input\\ArgvInput), Object(Symfony\\Component\\Console\\Output\\ConsoleOutput))
#54 C:\\laragon-7.0.6\\www\\usetwit\\vendor\\symfony\\console\\Application.php(193): Symfony\\Component\\Console\\Application->doRun(Object(Symfony\\Component\\Console\\Input\\ArgvInput), Object(Symfony\\Component\\Console\\Output\\ConsoleOutput))
#55 C:\\laragon-7.0.6\\www\\usetwit\\vendor\\laravel\\framework\\src\\Illuminate\\Foundation\\Console\\Kernel.php(198): Symfony\\Component\\Console\\Application->run(Object(Symfony\\Component\\Console\\Input\\ArgvInput), Object(Symfony\\Component\\Console\\Output\\ConsoleOutput))
#56 C:\\laragon-7.0.6\\www\\usetwit\\vendor\\laravel\\framework\\src\\Illuminate\\Foundation\\Application.php(1235): Illuminate\\Foundation\\Console\\Kernel->handle(Object(Symfony\\Component\\Console\\Input\\ArgvInput), Object(Symfony\\Component\\Console\\Output\\ConsoleOutput))
#57 C:\\laragon-7.0.6\\www\\usetwit\\artisan(13): Illuminate\\Foundation\\Application->handleCommand(Object(Symfony\\Component\\Console\\Input\\ArgvInput))
#58 {main}

[previous exception] [object] (PDOException(code: 42S22): SQLSTATE[42S22]: Column not found: 1054 Unknown column 'bom_id' in 'field list' at C:\\laragon-7.0.6\\www\\usetwit\\vendor\\laravel\\framework\\src\\Illuminate\\Database\\MySqlConnection.php:47)
[stacktrace]
#0 C:\\laragon-7.0.6\\www\\usetwit\\vendor\\laravel\\framework\\src\\Illuminate\\Database\\MySqlConnection.php(47): PDO->prepare('insert into `bo...')
#1 C:\\laragon-7.0.6\\www\\usetwit\\vendor\\laravel\\framework\\src\\Illuminate\\Database\\Connection.php(810): Illuminate\\Database\\MySqlConnection->{closure:Illuminate\\Database\\MySqlConnection::insert():42}('insert into `bo...', Array)
#2 C:\\laragon-7.0.6\\www\\usetwit\\vendor\\laravel\\framework\\src\\Illuminate\\Database\\Connection.php(777): Illuminate\\Database\\Connection->runQueryCallback('insert into `bo...', Array, Object(Closure))
#3 C:\\laragon-7.0.6\\www\\usetwit\\vendor\\laravel\\framework\\src\\Illuminate\\Database\\MySqlConnection.php(42): Illuminate\\Database\\Connection->run('insert into `bo...', Array, Object(Closure))
#4 C:\\laragon-7.0.6\\www\\usetwit\\vendor\\laravel\\framework\\src\\Illuminate\\Database\\Query\\Processors\\MySqlProcessor.php(35): Illuminate\\Database\\MySqlConnection->insert('insert into `bo...', Array, 'id')
#5 C:\\laragon-7.0.6\\www\\usetwit\\vendor\\laravel\\framework\\src\\Illuminate\\Database\\Query\\Builder.php(3767): Illuminate\\Database\\Query\\Processors\\MySqlProcessor->processInsertGetId(Object(Illuminate\\Database\\Query\\Builder), 'insert into `bo...', Array, 'id')
#6 C:\\laragon-7.0.6\\www\\usetwit\\vendor\\laravel\\framework\\src\\Illuminate\\Database\\Eloquent\\Builder.php(2141): Illuminate\\Database\\Query\\Builder->insertGetId(Array, 'id')
#7 C:\\laragon-7.0.6\\www\\usetwit\\vendor\\laravel\\framework\\src\\Illuminate\\Database\\Eloquent\\Model.php(1359): Illuminate\\Database\\Eloquent\\Builder->__call('insertGetId', Array)
#8 C:\\laragon-7.0.6\\www\\usetwit\\vendor\\laravel\\framework\\src\\Illuminate\\Database\\Eloquent\\Model.php(1324): Illuminate\\Database\\Eloquent\\Model->insertAndSetId(Object(Illuminate\\Database\\Eloquent\\Builder), Array)
#9 C:\\laragon-7.0.6\\www\\usetwit\\vendor\\laravel\\framework\\src\\Illuminate\\Database\\Eloquent\\Model.php(1163): Illuminate\\Database\\Eloquent\\Model->performInsert(Object(Illuminate\\Database\\Eloquent\\Builder))
#10 C:\\laragon-7.0.6\\www\\usetwit\\vendor\\laravel\\framework\\src\\Illuminate\\Database\\Eloquent\\Factories\\Factory.php(352): Illuminate\\Database\\Eloquent\\Model->save()
#11 C:\\laragon-7.0.6\\www\\usetwit\\vendor\\laravel\\framework\\src\\Illuminate\\Collections\\Traits\\EnumeratesValues.php(261): Illuminate\\Database\\Eloquent\\Factories\\Factory->{closure:Illuminate\\Database\\Eloquent\\Factories\\Factory::store():347}(Object(App\\Models\\BomOperation), 0)
#12 C:\\laragon-7.0.6\\www\\usetwit\\vendor\\laravel\\framework\\src\\Illuminate\\Database\\Eloquent\\Factories\\Factory.php(347): Illuminate\\Support\\Collection->each(Object(Closure))
#13 C:\\laragon-7.0.6\\www\\usetwit\\vendor\\laravel\\framework\\src\\Illuminate\\Database\\Eloquent\\Factories\\Factory.php(303): Illuminate\\Database\\Eloquent\\Factories\\Factory->store(Object(Illuminate\\Support\\Collection))
#14 C:\\laragon-7.0.6\\www\\usetwit\\vendor\\laravel\\framework\\src\\Illuminate\\Database\\Eloquent\\Factories\\Factory.php(297): Illuminate\\Database\\Eloquent\\Factories\\Factory->create(Array, NULL)
#15 C:\\laragon-7.0.6\\www\\usetwit\\database\\seeders\\BomOperationsSeeder.php(28): Illuminate\\Database\\Eloquent\\Factories\\Factory->create(Array)
#16 C:\\laragon-7.0.6\\www\\usetwit\\vendor\\laravel\\framework\\src\\Illuminate\\Container\\BoundMethod.php(36): Database\\Seeders\\BomOperationsSeeder->run()
#17 C:\\laragon-7.0.6\\www\\usetwit\\vendor\\laravel\\framework\\src\\Illuminate\\Container\\Util.php(43): Illuminate\\Container\\BoundMethod::{closure:Illuminate\\Container\\BoundMethod::call():35}()
#18 C:\\laragon-7.0.6\\www\\usetwit\\vendor\\laravel\\framework\\src\\Illuminate\\Container\\BoundMethod.php(96): Illuminate\\Container\\Util::unwrapIfClosure(Object(Closure))
#19 C:\\laragon-7.0.6\\www\\usetwit\\vendor\\laravel\\framework\\src\\Illuminate\\Container\\BoundMethod.php(35): Illuminate\\Container\\BoundMethod::callBoundMethod(Object(Illuminate\\Foundation\\Application), Array, Object(Closure))
#20 C:\\laragon-7.0.6\\www\\usetwit\\vendor\\laravel\\framework\\src\\Illuminate\\Container\\Container.php(754): Illuminate\\Container\\BoundMethod::call(Object(Illuminate\\Foundation\\Application), Array, Array, NULL)
#21 C:\\laragon-7.0.6\\www\\usetwit\\vendor\\laravel\\framework\\src\\Illuminate\\Database\\Seeder.php(188): Illuminate\\Container\\Container->call(Array, Array)
#22 C:\\laragon-7.0.6\\www\\usetwit\\vendor\\laravel\\framework\\src\\Illuminate\\Database\\Seeder.php(197): Illuminate\\Database\\Seeder->{closure:Illuminate\\Database\\Seeder::__invoke():187}()
#23 C:\\laragon-7.0.6\\www\\usetwit\\vendor\\laravel\\framework\\src\\Illuminate\\Database\\Seeder.php(61): Illuminate\\Database\\Seeder->__invoke(Array)
#24 C:\\laragon-7.0.6\\www\\usetwit\\database\\seeders\\DatabaseSeeder.php(14): Illuminate\\Database\\Seeder->call('Database\\\\Seeder...')
#25 C:\\laragon-7.0.6\\www\\usetwit\\vendor\\laravel\\framework\\src\\Illuminate\\Container\\BoundMethod.php(36): Database\\Seeders\\DatabaseSeeder->run()
#26 C:\\laragon-7.0.6\\www\\usetwit\\vendor\\laravel\\framework\\src\\Illuminate\\Container\\Util.php(43): Illuminate\\Container\\BoundMethod::{closure:Illuminate\\Container\\BoundMethod::call():35}()
#27 C:\\laragon-7.0.6\\www\\usetwit\\vendor\\laravel\\framework\\src\\Illuminate\\Container\\BoundMethod.php(96): Illuminate\\Container\\Util::unwrapIfClosure(Object(Closure))
#28 C:\\laragon-7.0.6\\www\\usetwit\\vendor\\laravel\\framework\\src\\Illuminate\\Container\\BoundMethod.php(35): Illuminate\\Container\\BoundMethod::callBoundMethod(Object(Illuminate\\Foundation\\Application), Array, Object(Closure))
#29 C:\\laragon-7.0.6\\www\\usetwit\\vendor\\laravel\\framework\\src\\Illuminate\\Container\\Container.php(754): Illuminate\\Container\\BoundMethod::call(Object(Illuminate\\Foundation\\Application), Array, Array, NULL)
#30 C:\\laragon-7.0.6\\www\\usetwit\\vendor\\laravel\\framework\\src\\Illuminate\\Database\\Seeder.php(188): Illuminate\\Container\\Container->call(Array, Array)
#31 C:\\laragon-7.0.6\\www\\usetwit\\vendor\\laravel\\framework\\src\\Illuminate\\Database\\Seeder.php(197): Illuminate\\Database\\Seeder->{closure:Illuminate\\Database\\Seeder::__invoke():187}()
#32 C:\\laragon-7.0.6\\www\\usetwit\\vendor\\laravel\\framework\\src\\Illuminate\\Database\\Console\\Seeds\\SeedCommand.php(70): Illuminate\\Database\\Seeder->__invoke()
#33 C:\\laragon-7.0.6\\www\\usetwit\\vendor\\laravel\\framework\\src\\Illuminate\\Database\\Eloquent\\Concerns\\GuardsAttributes.php(155): Illuminate\\Database\\Console\\Seeds\\SeedCommand->{closure:Illuminate\\Database\\Console\\Seeds\\SeedCommand::handle():69}()
#34 C:\\laragon-7.0.6\\www\\usetwit\\vendor\\laravel\\framework\\src\\Illuminate\\Database\\Console\\Seeds\\SeedCommand.php(69): Illuminate\\Database\\Eloquent\\Model::unguarded(Object(Closure))
#35 C:\\laragon-7.0.6\\www\\usetwit\\vendor\\laravel\\framework\\src\\Illuminate\\Container\\BoundMethod.php(36): Illuminate\\Database\\Console\\Seeds\\SeedCommand->handle()
#36 C:\\laragon-7.0.6\\www\\usetwit\\vendor\\laravel\\framework\\src\\Illuminate\\Container\\Util.php(43): Illuminate\\Container\\BoundMethod::{closure:Illuminate\\Container\\BoundMethod::call():35}()
#37 C:\\laragon-7.0.6\\www\\usetwit\\vendor\\laravel\\framework\\src\\Illuminate\\Container\\BoundMethod.php(96): Illuminate\\Container\\Util::unwrapIfClosure(Object(Closure))
#38 C:\\laragon-7.0.6\\www\\usetwit\\vendor\\laravel\\framework\\src\\Illuminate\\Container\\BoundMethod.php(35): Illuminate\\Container\\BoundMethod::callBoundMethod(Object(Illuminate\\Foundation\\Application), Array, Object(Closure))
#39 C:\\laragon-7.0.6\\www\\usetwit\\vendor\\laravel\\framework\\src\\Illuminate\\Container\\Container.php(754): Illuminate\\Container\\BoundMethod::call(Object(Illuminate\\Foundation\\Application), Array, Array, NULL)
#40 C:\\laragon-7.0.6\\www\\usetwit\\vendor\\laravel\\framework\\src\\Illuminate\\Console\\Command.php(213): Illuminate\\Container\\Container->call(Array)
#41 C:\\laragon-7.0.6\\www\\usetwit\\vendor\\symfony\\console\\Command\\Command.php(279): Illuminate\\Console\\Command->execute(Object(Symfony\\Component\\Console\\Input\\ArrayInput), Object(Illuminate\\Console\\OutputStyle))
#42 C:\\laragon-7.0.6\\www\\usetwit\\vendor\\laravel\\framework\\src\\Illuminate\\Console\\Command.php(182): Symfony\\Component\\Console\\Command\\Command->run(Object(Symfony\\Component\\Console\\Input\\ArrayInput), Object(Illuminate\\Console\\OutputStyle))
#43 C:\\laragon-7.0.6\\www\\usetwit\\vendor\\laravel\\framework\\src\\Illuminate\\Console\\Concerns\\CallsCommands.php(68): Illuminate\\Console\\Command->run(Object(Symfony\\Component\\Console\\Input\\ArrayInput), Object(Illuminate\\Console\\OutputStyle))
#44 C:\\laragon-7.0.6\\www\\usetwit\\vendor\\laravel\\framework\\src\\Illuminate\\Console\\Concerns\\CallsCommands.php(29): Illuminate\\Console\\Command->runCommand('db:seed', Array, Object(Illuminate\\Console\\OutputStyle))
#45 C:\\laragon-7.0.6\\www\\usetwit\\app\\Console\\Commands\\RefreshAndSeedCommand.php(32): Illuminate\\Console\\Command->call('db:seed')
#46 C:\\laragon-7.0.6\\www\\usetwit\\vendor\\laravel\\framework\\src\\Illuminate\\Container\\BoundMethod.php(36): App\\Console\\Commands\\RefreshAndSeedCommand->handle()
#47 C:\\laragon-7.0.6\\www\\usetwit\\vendor\\laravel\\framework\\src\\Illuminate\\Container\\Util.php(43): Illuminate\\Container\\BoundMethod::{closure:Illuminate\\Container\\BoundMethod::call():35}()
#48 C:\\laragon-7.0.6\\www\\usetwit\\vendor\\laravel\\framework\\src\\Illuminate\\Container\\BoundMethod.php(96): Illuminate\\Container\\Util::unwrapIfClosure(Object(Closure))
#49 C:\\laragon-7.0.6\\www\\usetwit\\vendor\\laravel\\framework\\src\\Illuminate\\Container\\BoundMethod.php(35): Illuminate\\Container\\BoundMethod::callBoundMethod(Object(Illuminate\\Foundation\\Application), Array, Object(Closure))
#50 C:\\laragon-7.0.6\\www\\usetwit\\vendor\\laravel\\framework\\src\\Illuminate\\Container\\Container.php(754): Illuminate\\Container\\BoundMethod::call(Object(Illuminate\\Foundation\\Application), Array, Array, NULL)
#51 C:\\laragon-7.0.6\\www\\usetwit\\vendor\\laravel\\framework\\src\\Illuminate\\Console\\Command.php(213): Illuminate\\Container\\Container->call(Array)
#52 C:\\laragon-7.0.6\\www\\usetwit\\vendor\\symfony\\console\\Command\\Command.php(279): Illuminate\\Console\\Command->execute(Object(Symfony\\Component\\Console\\Input\\ArgvInput), Object(Illuminate\\Console\\OutputStyle))
#53 C:\\laragon-7.0.6\\www\\usetwit\\vendor\\laravel\\framework\\src\\Illuminate\\Console\\Command.php(182): Symfony\\Component\\Console\\Command\\Command->run(Object(Symfony\\Component\\Console\\Input\\ArgvInput), Object(Illuminate\\Console\\OutputStyle))
#54 C:\\laragon-7.0.6\\www\\usetwit\\vendor\\symfony\\console\\Application.php(1094): Illuminate\\Console\\Command->run(Object(Symfony\\Component\\Console\\Input\\ArgvInput), Object(Symfony\\Component\\Console\\Output\\ConsoleOutput))
#55 C:\\laragon-7.0.6\\www\\usetwit\\vendor\\symfony\\console\\Application.php(342): Symfony\\Component\\Console\\Application->doRunCommand(Object(App\\Console\\Commands\\RefreshAndSeedCommand), Object(Symfony\\Component\\Console\\Input\\ArgvInput), Object(Symfony\\Component\\Console\\Output\\ConsoleOutput))
#56 C:\\laragon-7.0.6\\www\\usetwit\\vendor\\symfony\\console\\Application.php(193): Symfony\\Component\\Console\\Application->doRun(Object(Symfony\\Component\\Console\\Input\\ArgvInput), Object(Symfony\\Component\\Console\\Output\\ConsoleOutput))
#57 C:\\laragon-7.0.6\\www\\usetwit\\vendor\\laravel\\framework\\src\\Illuminate\\Foundation\\Console\\Kernel.php(198): Symfony\\Component\\Console\\Application->run(Object(Symfony\\Component\\Console\\Input\\ArgvInput), Object(Symfony\\Component\\Console\\Output\\ConsoleOutput))
#58 C:\\laragon-7.0.6\\www\\usetwit\\vendor\\laravel\\framework\\src\\Illuminate\\Foundation\\Application.php(1235): Illuminate\\Foundation\\Console\\Kernel->handle(Object(Symfony\\Component\\Console\\Input\\ArgvInput), Object(Symfony\\Component\\Console\\Output\\ConsoleOutput))
#59 C:\\laragon-7.0.6\\www\\usetwit\\artisan(13): Illuminate\\Foundation\\Application->handleCommand(Object(Symfony\\Component\\Console\\Input\\ArgvInput))
#60 {main}
"} 
[2025-03-12 23:23:40] local.ERROR: SQLSTATE[HY000]: General error: 1364 Field 'rate_ph' doesn't have a default value (Connection: mysql, SQL: insert into `bom_operations` (`bom_version_id`, `operation_id`, `calendar_id`, `type`, `buffer_duration_type`, `x`, `y`, `color`, `buffer_duration`, `instructions`, `updated_at`, `created_at`) values (1, 1, 2, process, ?, 140, 50, yellow, ?, Esse provident doloribus et nostrum aut., 2025-03-12 23:23:40, 2025-03-12 23:23:40)) {"exception":"[object] (Illuminate\\Database\\QueryException(code: HY000): SQLSTATE[HY000]: General error: 1364 Field 'rate_ph' doesn't have a default value (Connection: mysql, SQL: insert into `bom_operations` (`bom_version_id`, `operation_id`, `calendar_id`, `type`, `buffer_duration_type`, `x`, `y`, `color`, `buffer_duration`, `instructions`, `updated_at`, `created_at`) values (1, 1, 2, process, ?, 140, 50, yellow, ?, Esse provident doloribus et nostrum aut., 2025-03-12 23:23:40, 2025-03-12 23:23:40)) at C:\\laragon-7.0.6\\www\\usetwit\\vendor\\laravel\\framework\\src\\Illuminate\\Database\\Connection.php:823)
[stacktrace]
#0 C:\\laragon-7.0.6\\www\\usetwit\\vendor\\laravel\\framework\\src\\Illuminate\\Database\\Connection.php(777): Illuminate\\Database\\Connection->runQueryCallback('insert into `bo...', Array, Object(Closure))
#1 C:\\laragon-7.0.6\\www\\usetwit\\vendor\\laravel\\framework\\src\\Illuminate\\Database\\MySqlConnection.php(42): Illuminate\\Database\\Connection->run('insert into `bo...', Array, Object(Closure))
#2 C:\\laragon-7.0.6\\www\\usetwit\\vendor\\laravel\\framework\\src\\Illuminate\\Database\\Query\\Processors\\MySqlProcessor.php(35): Illuminate\\Database\\MySqlConnection->insert('insert into `bo...', Array, 'id')
#3 C:\\laragon-7.0.6\\www\\usetwit\\vendor\\laravel\\framework\\src\\Illuminate\\Database\\Query\\Builder.php(3767): Illuminate\\Database\\Query\\Processors\\MySqlProcessor->processInsertGetId(Object(Illuminate\\Database\\Query\\Builder), 'insert into `bo...', Array, 'id')
#4 C:\\laragon-7.0.6\\www\\usetwit\\vendor\\laravel\\framework\\src\\Illuminate\\Database\\Eloquent\\Builder.php(2141): Illuminate\\Database\\Query\\Builder->insertGetId(Array, 'id')
#5 C:\\laragon-7.0.6\\www\\usetwit\\vendor\\laravel\\framework\\src\\Illuminate\\Database\\Eloquent\\Model.php(1359): Illuminate\\Database\\Eloquent\\Builder->__call('insertGetId', Array)
#6 C:\\laragon-7.0.6\\www\\usetwit\\vendor\\laravel\\framework\\src\\Illuminate\\Database\\Eloquent\\Model.php(1324): Illuminate\\Database\\Eloquent\\Model->insertAndSetId(Object(Illuminate\\Database\\Eloquent\\Builder), Array)
#7 C:\\laragon-7.0.6\\www\\usetwit\\vendor\\laravel\\framework\\src\\Illuminate\\Database\\Eloquent\\Model.php(1163): Illuminate\\Database\\Eloquent\\Model->performInsert(Object(Illuminate\\Database\\Eloquent\\Builder))
#8 C:\\laragon-7.0.6\\www\\usetwit\\vendor\\laravel\\framework\\src\\Illuminate\\Database\\Eloquent\\Factories\\Factory.php(352): Illuminate\\Database\\Eloquent\\Model->save()
#9 C:\\laragon-7.0.6\\www\\usetwit\\vendor\\laravel\\framework\\src\\Illuminate\\Collections\\Traits\\EnumeratesValues.php(261): Illuminate\\Database\\Eloquent\\Factories\\Factory->{closure:Illuminate\\Database\\Eloquent\\Factories\\Factory::store():347}(Object(App\\Models\\BomOperation), 0)
#10 C:\\laragon-7.0.6\\www\\usetwit\\vendor\\laravel\\framework\\src\\Illuminate\\Database\\Eloquent\\Factories\\Factory.php(347): Illuminate\\Support\\Collection->each(Object(Closure))
#11 C:\\laragon-7.0.6\\www\\usetwit\\vendor\\laravel\\framework\\src\\Illuminate\\Database\\Eloquent\\Factories\\Factory.php(303): Illuminate\\Database\\Eloquent\\Factories\\Factory->store(Object(Illuminate\\Support\\Collection))
#12 C:\\laragon-7.0.6\\www\\usetwit\\vendor\\laravel\\framework\\src\\Illuminate\\Database\\Eloquent\\Factories\\Factory.php(297): Illuminate\\Database\\Eloquent\\Factories\\Factory->create(Array, NULL)
#13 C:\\laragon-7.0.6\\www\\usetwit\\database\\seeders\\BomOperationsSeeder.php(28): Illuminate\\Database\\Eloquent\\Factories\\Factory->create(Array)
#14 C:\\laragon-7.0.6\\www\\usetwit\\vendor\\laravel\\framework\\src\\Illuminate\\Container\\BoundMethod.php(36): Database\\Seeders\\BomOperationsSeeder->run()
#15 C:\\laragon-7.0.6\\www\\usetwit\\vendor\\laravel\\framework\\src\\Illuminate\\Container\\Util.php(43): Illuminate\\Container\\BoundMethod::{closure:Illuminate\\Container\\BoundMethod::call():35}()
#16 C:\\laragon-7.0.6\\www\\usetwit\\vendor\\laravel\\framework\\src\\Illuminate\\Container\\BoundMethod.php(96): Illuminate\\Container\\Util::unwrapIfClosure(Object(Closure))
#17 C:\\laragon-7.0.6\\www\\usetwit\\vendor\\laravel\\framework\\src\\Illuminate\\Container\\BoundMethod.php(35): Illuminate\\Container\\BoundMethod::callBoundMethod(Object(Illuminate\\Foundation\\Application), Array, Object(Closure))
#18 C:\\laragon-7.0.6\\www\\usetwit\\vendor\\laravel\\framework\\src\\Illuminate\\Container\\Container.php(754): Illuminate\\Container\\BoundMethod::call(Object(Illuminate\\Foundation\\Application), Array, Array, NULL)
#19 C:\\laragon-7.0.6\\www\\usetwit\\vendor\\laravel\\framework\\src\\Illuminate\\Database\\Seeder.php(188): Illuminate\\Container\\Container->call(Array, Array)
#20 C:\\laragon-7.0.6\\www\\usetwit\\vendor\\laravel\\framework\\src\\Illuminate\\Database\\Seeder.php(197): Illuminate\\Database\\Seeder->{closure:Illuminate\\Database\\Seeder::__invoke():187}()
#21 C:\\laragon-7.0.6\\www\\usetwit\\vendor\\laravel\\framework\\src\\Illuminate\\Database\\Seeder.php(61): Illuminate\\Database\\Seeder->__invoke(Array)
#22 C:\\laragon-7.0.6\\www\\usetwit\\database\\seeders\\DatabaseSeeder.php(14): Illuminate\\Database\\Seeder->call('Database\\\\Seeder...')
#23 C:\\laragon-7.0.6\\www\\usetwit\\vendor\\laravel\\framework\\src\\Illuminate\\Container\\BoundMethod.php(36): Database\\Seeders\\DatabaseSeeder->run()
#24 C:\\laragon-7.0.6\\www\\usetwit\\vendor\\laravel\\framework\\src\\Illuminate\\Container\\Util.php(43): Illuminate\\Container\\BoundMethod::{closure:Illuminate\\Container\\BoundMethod::call():35}()
#25 C:\\laragon-7.0.6\\www\\usetwit\\vendor\\laravel\\framework\\src\\Illuminate\\Container\\BoundMethod.php(96): Illuminate\\Container\\Util::unwrapIfClosure(Object(Closure))
#26 C:\\laragon-7.0.6\\www\\usetwit\\vendor\\laravel\\framework\\src\\Illuminate\\Container\\BoundMethod.php(35): Illuminate\\Container\\BoundMethod::callBoundMethod(Object(Illuminate\\Foundation\\Application), Array, Object(Closure))
#27 C:\\laragon-7.0.6\\www\\usetwit\\vendor\\laravel\\framework\\src\\Illuminate\\Container\\Container.php(754): Illuminate\\Container\\BoundMethod::call(Object(Illuminate\\Foundation\\Application), Array, Array, NULL)
#28 C:\\laragon-7.0.6\\www\\usetwit\\vendor\\laravel\\framework\\src\\Illuminate\\Database\\Seeder.php(188): Illuminate\\Container\\Container->call(Array, Array)
#29 C:\\laragon-7.0.6\\www\\usetwit\\vendor\\laravel\\framework\\src\\Illuminate\\Database\\Seeder.php(197): Illuminate\\Database\\Seeder->{closure:Illuminate\\Database\\Seeder::__invoke():187}()
#30 C:\\laragon-7.0.6\\www\\usetwit\\vendor\\laravel\\framework\\src\\Illuminate\\Database\\Console\\Seeds\\SeedCommand.php(70): Illuminate\\Database\\Seeder->__invoke()
#31 C:\\laragon-7.0.6\\www\\usetwit\\vendor\\laravel\\framework\\src\\Illuminate\\Database\\Eloquent\\Concerns\\GuardsAttributes.php(155): Illuminate\\Database\\Console\\Seeds\\SeedCommand->{closure:Illuminate\\Database\\Console\\Seeds\\SeedCommand::handle():69}()
#32 C:\\laragon-7.0.6\\www\\usetwit\\vendor\\laravel\\framework\\src\\Illuminate\\Database\\Console\\Seeds\\SeedCommand.php(69): Illuminate\\Database\\Eloquent\\Model::unguarded(Object(Closure))
#33 C:\\laragon-7.0.6\\www\\usetwit\\vendor\\laravel\\framework\\src\\Illuminate\\Container\\BoundMethod.php(36): Illuminate\\Database\\Console\\Seeds\\SeedCommand->handle()
#34 C:\\laragon-7.0.6\\www\\usetwit\\vendor\\laravel\\framework\\src\\Illuminate\\Container\\Util.php(43): Illuminate\\Container\\BoundMethod::{closure:Illuminate\\Container\\BoundMethod::call():35}()
#35 C:\\laragon-7.0.6\\www\\usetwit\\vendor\\laravel\\framework\\src\\Illuminate\\Container\\BoundMethod.php(96): Illuminate\\Container\\Util::unwrapIfClosure(Object(Closure))
#36 C:\\laragon-7.0.6\\www\\usetwit\\vendor\\laravel\\framework\\src\\Illuminate\\Container\\BoundMethod.php(35): Illuminate\\Container\\BoundMethod::callBoundMethod(Object(Illuminate\\Foundation\\Application), Array, Object(Closure))
#37 C:\\laragon-7.0.6\\www\\usetwit\\vendor\\laravel\\framework\\src\\Illuminate\\Container\\Container.php(754): Illuminate\\Container\\BoundMethod::call(Object(Illuminate\\Foundation\\Application), Array, Array, NULL)
#38 C:\\laragon-7.0.6\\www\\usetwit\\vendor\\laravel\\framework\\src\\Illuminate\\Console\\Command.php(213): Illuminate\\Container\\Container->call(Array)
#39 C:\\laragon-7.0.6\\www\\usetwit\\vendor\\symfony\\console\\Command\\Command.php(279): Illuminate\\Console\\Command->execute(Object(Symfony\\Component\\Console\\Input\\ArrayInput), Object(Illuminate\\Console\\OutputStyle))
#40 C:\\laragon-7.0.6\\www\\usetwit\\vendor\\laravel\\framework\\src\\Illuminate\\Console\\Command.php(182): Symfony\\Component\\Console\\Command\\Command->run(Object(Symfony\\Component\\Console\\Input\\ArrayInput), Object(Illuminate\\Console\\OutputStyle))
#41 C:\\laragon-7.0.6\\www\\usetwit\\vendor\\laravel\\framework\\src\\Illuminate\\Console\\Concerns\\CallsCommands.php(68): Illuminate\\Console\\Command->run(Object(Symfony\\Component\\Console\\Input\\ArrayInput), Object(Illuminate\\Console\\OutputStyle))
#42 C:\\laragon-7.0.6\\www\\usetwit\\vendor\\laravel\\framework\\src\\Illuminate\\Console\\Concerns\\CallsCommands.php(29): Illuminate\\Console\\Command->runCommand('db:seed', Array, Object(Illuminate\\Console\\OutputStyle))
#43 C:\\laragon-7.0.6\\www\\usetwit\\app\\Console\\Commands\\RefreshAndSeedCommand.php(32): Illuminate\\Console\\Command->call('db:seed')
#44 C:\\laragon-7.0.6\\www\\usetwit\\vendor\\laravel\\framework\\src\\Illuminate\\Container\\BoundMethod.php(36): App\\Console\\Commands\\RefreshAndSeedCommand->handle()
#45 C:\\laragon-7.0.6\\www\\usetwit\\vendor\\laravel\\framework\\src\\Illuminate\\Container\\Util.php(43): Illuminate\\Container\\BoundMethod::{closure:Illuminate\\Container\\BoundMethod::call():35}()
#46 C:\\laragon-7.0.6\\www\\usetwit\\vendor\\laravel\\framework\\src\\Illuminate\\Container\\BoundMethod.php(96): Illuminate\\Container\\Util::unwrapIfClosure(Object(Closure))
#47 C:\\laragon-7.0.6\\www\\usetwit\\vendor\\laravel\\framework\\src\\Illuminate\\Container\\BoundMethod.php(35): Illuminate\\Container\\BoundMethod::callBoundMethod(Object(Illuminate\\Foundation\\Application), Array, Object(Closure))
#48 C:\\laragon-7.0.6\\www\\usetwit\\vendor\\laravel\\framework\\src\\Illuminate\\Container\\Container.php(754): Illuminate\\Container\\BoundMethod::call(Object(Illuminate\\Foundation\\Application), Array, Array, NULL)
#49 C:\\laragon-7.0.6\\www\\usetwit\\vendor\\laravel\\framework\\src\\Illuminate\\Console\\Command.php(213): Illuminate\\Container\\Container->call(Array)
#50 C:\\laragon-7.0.6\\www\\usetwit\\vendor\\symfony\\console\\Command\\Command.php(279): Illuminate\\Console\\Command->execute(Object(Symfony\\Component\\Console\\Input\\ArgvInput), Object(Illuminate\\Console\\OutputStyle))
#51 C:\\laragon-7.0.6\\www\\usetwit\\vendor\\laravel\\framework\\src\\Illuminate\\Console\\Command.php(182): Symfony\\Component\\Console\\Command\\Command->run(Object(Symfony\\Component\\Console\\Input\\ArgvInput), Object(Illuminate\\Console\\OutputStyle))
#52 C:\\laragon-7.0.6\\www\\usetwit\\vendor\\symfony\\console\\Application.php(1094): Illuminate\\Console\\Command->run(Object(Symfony\\Component\\Console\\Input\\ArgvInput), Object(Symfony\\Component\\Console\\Output\\ConsoleOutput))
#53 C:\\laragon-7.0.6\\www\\usetwit\\vendor\\symfony\\console\\Application.php(342): Symfony\\Component\\Console\\Application->doRunCommand(Object(App\\Console\\Commands\\RefreshAndSeedCommand), Object(Symfony\\Component\\Console\\Input\\ArgvInput), Object(Symfony\\Component\\Console\\Output\\ConsoleOutput))
#54 C:\\laragon-7.0.6\\www\\usetwit\\vendor\\symfony\\console\\Application.php(193): Symfony\\Component\\Console\\Application->doRun(Object(Symfony\\Component\\Console\\Input\\ArgvInput), Object(Symfony\\Component\\Console\\Output\\ConsoleOutput))
#55 C:\\laragon-7.0.6\\www\\usetwit\\vendor\\laravel\\framework\\src\\Illuminate\\Foundation\\Console\\Kernel.php(198): Symfony\\Component\\Console\\Application->run(Object(Symfony\\Component\\Console\\Input\\ArgvInput), Object(Symfony\\Component\\Console\\Output\\ConsoleOutput))
#56 C:\\laragon-7.0.6\\www\\usetwit\\vendor\\laravel\\framework\\src\\Illuminate\\Foundation\\Application.php(1235): Illuminate\\Foundation\\Console\\Kernel->handle(Object(Symfony\\Component\\Console\\Input\\ArgvInput), Object(Symfony\\Component\\Console\\Output\\ConsoleOutput))
#57 C:\\laragon-7.0.6\\www\\usetwit\\artisan(13): Illuminate\\Foundation\\Application->handleCommand(Object(Symfony\\Component\\Console\\Input\\ArgvInput))
#58 {main}

[previous exception] [object] (PDOException(code: HY000): SQLSTATE[HY000]: General error: 1364 Field 'rate_ph' doesn't have a default value at C:\\laragon-7.0.6\\www\\usetwit\\vendor\\laravel\\framework\\src\\Illuminate\\Database\\MySqlConnection.php:53)
[stacktrace]
#0 C:\\laragon-7.0.6\\www\\usetwit\\vendor\\laravel\\framework\\src\\Illuminate\\Database\\MySqlConnection.php(53): PDOStatement->execute()
#1 C:\\laragon-7.0.6\\www\\usetwit\\vendor\\laravel\\framework\\src\\Illuminate\\Database\\Connection.php(810): Illuminate\\Database\\MySqlConnection->{closure:Illuminate\\Database\\MySqlConnection::insert():42}('insert into `bo...', Array)
#2 C:\\laragon-7.0.6\\www\\usetwit\\vendor\\laravel\\framework\\src\\Illuminate\\Database\\Connection.php(777): Illuminate\\Database\\Connection->runQueryCallback('insert into `bo...', Array, Object(Closure))
#3 C:\\laragon-7.0.6\\www\\usetwit\\vendor\\laravel\\framework\\src\\Illuminate\\Database\\MySqlConnection.php(42): Illuminate\\Database\\Connection->run('insert into `bo...', Array, Object(Closure))
#4 C:\\laragon-7.0.6\\www\\usetwit\\vendor\\laravel\\framework\\src\\Illuminate\\Database\\Query\\Processors\\MySqlProcessor.php(35): Illuminate\\Database\\MySqlConnection->insert('insert into `bo...', Array, 'id')
#5 C:\\laragon-7.0.6\\www\\usetwit\\vendor\\laravel\\framework\\src\\Illuminate\\Database\\Query\\Builder.php(3767): Illuminate\\Database\\Query\\Processors\\MySqlProcessor->processInsertGetId(Object(Illuminate\\Database\\Query\\Builder), 'insert into `bo...', Array, 'id')
#6 C:\\laragon-7.0.6\\www\\usetwit\\vendor\\laravel\\framework\\src\\Illuminate\\Database\\Eloquent\\Builder.php(2141): Illuminate\\Database\\Query\\Builder->insertGetId(Array, 'id')
#7 C:\\laragon-7.0.6\\www\\usetwit\\vendor\\laravel\\framework\\src\\Illuminate\\Database\\Eloquent\\Model.php(1359): Illuminate\\Database\\Eloquent\\Builder->__call('insertGetId', Array)
#8 C:\\laragon-7.0.6\\www\\usetwit\\vendor\\laravel\\framework\\src\\Illuminate\\Database\\Eloquent\\Model.php(1324): Illuminate\\Database\\Eloquent\\Model->insertAndSetId(Object(Illuminate\\Database\\Eloquent\\Builder), Array)
#9 C:\\laragon-7.0.6\\www\\usetwit\\vendor\\laravel\\framework\\src\\Illuminate\\Database\\Eloquent\\Model.php(1163): Illuminate\\Database\\Eloquent\\Model->performInsert(Object(Illuminate\\Database\\Eloquent\\Builder))
#10 C:\\laragon-7.0.6\\www\\usetwit\\vendor\\laravel\\framework\\src\\Illuminate\\Database\\Eloquent\\Factories\\Factory.php(352): Illuminate\\Database\\Eloquent\\Model->save()
#11 C:\\laragon-7.0.6\\www\\usetwit\\vendor\\laravel\\framework\\src\\Illuminate\\Collections\\Traits\\EnumeratesValues.php(261): Illuminate\\Database\\Eloquent\\Factories\\Factory->{closure:Illuminate\\Database\\Eloquent\\Factories\\Factory::store():347}(Object(App\\Models\\BomOperation), 0)
#12 C:\\laragon-7.0.6\\www\\usetwit\\vendor\\laravel\\framework\\src\\Illuminate\\Database\\Eloquent\\Factories\\Factory.php(347): Illuminate\\Support\\Collection->each(Object(Closure))
#13 C:\\laragon-7.0.6\\www\\usetwit\\vendor\\laravel\\framework\\src\\Illuminate\\Database\\Eloquent\\Factories\\Factory.php(303): Illuminate\\Database\\Eloquent\\Factories\\Factory->store(Object(Illuminate\\Support\\Collection))
#14 C:\\laragon-7.0.6\\www\\usetwit\\vendor\\laravel\\framework\\src\\Illuminate\\Database\\Eloquent\\Factories\\Factory.php(297): Illuminate\\Database\\Eloquent\\Factories\\Factory->create(Array, NULL)
#15 C:\\laragon-7.0.6\\www\\usetwit\\database\\seeders\\BomOperationsSeeder.php(28): Illuminate\\Database\\Eloquent\\Factories\\Factory->create(Array)
#16 C:\\laragon-7.0.6\\www\\usetwit\\vendor\\laravel\\framework\\src\\Illuminate\\Container\\BoundMethod.php(36): Database\\Seeders\\BomOperationsSeeder->run()
#17 C:\\laragon-7.0.6\\www\\usetwit\\vendor\\laravel\\framework\\src\\Illuminate\\Container\\Util.php(43): Illuminate\\Container\\BoundMethod::{closure:Illuminate\\Container\\BoundMethod::call():35}()
#18 C:\\laragon-7.0.6\\www\\usetwit\\vendor\\laravel\\framework\\src\\Illuminate\\Container\\BoundMethod.php(96): Illuminate\\Container\\Util::unwrapIfClosure(Object(Closure))
#19 C:\\laragon-7.0.6\\www\\usetwit\\vendor\\laravel\\framework\\src\\Illuminate\\Container\\BoundMethod.php(35): Illuminate\\Container\\BoundMethod::callBoundMethod(Object(Illuminate\\Foundation\\Application), Array, Object(Closure))
#20 C:\\laragon-7.0.6\\www\\usetwit\\vendor\\laravel\\framework\\src\\Illuminate\\Container\\Container.php(754): Illuminate\\Container\\BoundMethod::call(Object(Illuminate\\Foundation\\Application), Array, Array, NULL)
#21 C:\\laragon-7.0.6\\www\\usetwit\\vendor\\laravel\\framework\\src\\Illuminate\\Database\\Seeder.php(188): Illuminate\\Container\\Container->call(Array, Array)
#22 C:\\laragon-7.0.6\\www\\usetwit\\vendor\\laravel\\framework\\src\\Illuminate\\Database\\Seeder.php(197): Illuminate\\Database\\Seeder->{closure:Illuminate\\Database\\Seeder::__invoke():187}()
#23 C:\\laragon-7.0.6\\www\\usetwit\\vendor\\laravel\\framework\\src\\Illuminate\\Database\\Seeder.php(61): Illuminate\\Database\\Seeder->__invoke(Array)
#24 C:\\laragon-7.0.6\\www\\usetwit\\database\\seeders\\DatabaseSeeder.php(14): Illuminate\\Database\\Seeder->call('Database\\\\Seeder...')
#25 C:\\laragon-7.0.6\\www\\usetwit\\vendor\\laravel\\framework\\src\\Illuminate\\Container\\BoundMethod.php(36): Database\\Seeders\\DatabaseSeeder->run()
#26 C:\\laragon-7.0.6\\www\\usetwit\\vendor\\laravel\\framework\\src\\Illuminate\\Container\\Util.php(43): Illuminate\\Container\\BoundMethod::{closure:Illuminate\\Container\\BoundMethod::call():35}()
#27 C:\\laragon-7.0.6\\www\\usetwit\\vendor\\laravel\\framework\\src\\Illuminate\\Container\\BoundMethod.php(96): Illuminate\\Container\\Util::unwrapIfClosure(Object(Closure))
#28 C:\\laragon-7.0.6\\www\\usetwit\\vendor\\laravel\\framework\\src\\Illuminate\\Container\\BoundMethod.php(35): Illuminate\\Container\\BoundMethod::callBoundMethod(Object(Illuminate\\Foundation\\Application), Array, Object(Closure))
#29 C:\\laragon-7.0.6\\www\\usetwit\\vendor\\laravel\\framework\\src\\Illuminate\\Container\\Container.php(754): Illuminate\\Container\\BoundMethod::call(Object(Illuminate\\Foundation\\Application), Array, Array, NULL)
#30 C:\\laragon-7.0.6\\www\\usetwit\\vendor\\laravel\\framework\\src\\Illuminate\\Database\\Seeder.php(188): Illuminate\\Container\\Container->call(Array, Array)
#31 C:\\laragon-7.0.6\\www\\usetwit\\vendor\\laravel\\framework\\src\\Illuminate\\Database\\Seeder.php(197): Illuminate\\Database\\Seeder->{closure:Illuminate\\Database\\Seeder::__invoke():187}()
#32 C:\\laragon-7.0.6\\www\\usetwit\\vendor\\laravel\\framework\\src\\Illuminate\\Database\\Console\\Seeds\\SeedCommand.php(70): Illuminate\\Database\\Seeder->__invoke()
#33 C:\\laragon-7.0.6\\www\\usetwit\\vendor\\laravel\\framework\\src\\Illuminate\\Database\\Eloquent\\Concerns\\GuardsAttributes.php(155): Illuminate\\Database\\Console\\Seeds\\SeedCommand->{closure:Illuminate\\Database\\Console\\Seeds\\SeedCommand::handle():69}()
#34 C:\\laragon-7.0.6\\www\\usetwit\\vendor\\laravel\\framework\\src\\Illuminate\\Database\\Console\\Seeds\\SeedCommand.php(69): Illuminate\\Database\\Eloquent\\Model::unguarded(Object(Closure))
#35 C:\\laragon-7.0.6\\www\\usetwit\\vendor\\laravel\\framework\\src\\Illuminate\\Container\\BoundMethod.php(36): Illuminate\\Database\\Console\\Seeds\\SeedCommand->handle()
#36 C:\\laragon-7.0.6\\www\\usetwit\\vendor\\laravel\\framework\\src\\Illuminate\\Container\\Util.php(43): Illuminate\\Container\\BoundMethod::{closure:Illuminate\\Container\\BoundMethod::call():35}()
#37 C:\\laragon-7.0.6\\www\\usetwit\\vendor\\laravel\\framework\\src\\Illuminate\\Container\\BoundMethod.php(96): Illuminate\\Container\\Util::unwrapIfClosure(Object(Closure))
#38 C:\\laragon-7.0.6\\www\\usetwit\\vendor\\laravel\\framework\\src\\Illuminate\\Container\\BoundMethod.php(35): Illuminate\\Container\\BoundMethod::callBoundMethod(Object(Illuminate\\Foundation\\Application), Array, Object(Closure))
#39 C:\\laragon-7.0.6\\www\\usetwit\\vendor\\laravel\\framework\\src\\Illuminate\\Container\\Container.php(754): Illuminate\\Container\\BoundMethod::call(Object(Illuminate\\Foundation\\Application), Array, Array, NULL)
#40 C:\\laragon-7.0.6\\www\\usetwit\\vendor\\laravel\\framework\\src\\Illuminate\\Console\\Command.php(213): Illuminate\\Container\\Container->call(Array)
#41 C:\\laragon-7.0.6\\www\\usetwit\\vendor\\symfony\\console\\Command\\Command.php(279): Illuminate\\Console\\Command->execute(Object(Symfony\\Component\\Console\\Input\\ArrayInput), Object(Illuminate\\Console\\OutputStyle))
#42 C:\\laragon-7.0.6\\www\\usetwit\\vendor\\laravel\\framework\\src\\Illuminate\\Console\\Command.php(182): Symfony\\Component\\Console\\Command\\Command->run(Object(Symfony\\Component\\Console\\Input\\ArrayInput), Object(Illuminate\\Console\\OutputStyle))
#43 C:\\laragon-7.0.6\\www\\usetwit\\vendor\\laravel\\framework\\src\\Illuminate\\Console\\Concerns\\CallsCommands.php(68): Illuminate\\Console\\Command->run(Object(Symfony\\Component\\Console\\Input\\ArrayInput), Object(Illuminate\\Console\\OutputStyle))
#44 C:\\laragon-7.0.6\\www\\usetwit\\vendor\\laravel\\framework\\src\\Illuminate\\Console\\Concerns\\CallsCommands.php(29): Illuminate\\Console\\Command->runCommand('db:seed', Array, Object(Illuminate\\Console\\OutputStyle))
#45 C:\\laragon-7.0.6\\www\\usetwit\\app\\Console\\Commands\\RefreshAndSeedCommand.php(32): Illuminate\\Console\\Command->call('db:seed')
#46 C:\\laragon-7.0.6\\www\\usetwit\\vendor\\laravel\\framework\\src\\Illuminate\\Container\\BoundMethod.php(36): App\\Console\\Commands\\RefreshAndSeedCommand->handle()
#47 C:\\laragon-7.0.6\\www\\usetwit\\vendor\\laravel\\framework\\src\\Illuminate\\Container\\Util.php(43): Illuminate\\Container\\BoundMethod::{closure:Illuminate\\Container\\BoundMethod::call():35}()
#48 C:\\laragon-7.0.6\\www\\usetwit\\vendor\\laravel\\framework\\src\\Illuminate\\Container\\BoundMethod.php(96): Illuminate\\Container\\Util::unwrapIfClosure(Object(Closure))
#49 C:\\laragon-7.0.6\\www\\usetwit\\vendor\\laravel\\framework\\src\\Illuminate\\Container\\BoundMethod.php(35): Illuminate\\Container\\BoundMethod::callBoundMethod(Object(Illuminate\\Foundation\\Application), Array, Object(Closure))
#50 C:\\laragon-7.0.6\\www\\usetwit\\vendor\\laravel\\framework\\src\\Illuminate\\Container\\Container.php(754): Illuminate\\Container\\BoundMethod::call(Object(Illuminate\\Foundation\\Application), Array, Array, NULL)
#51 C:\\laragon-7.0.6\\www\\usetwit\\vendor\\laravel\\framework\\src\\Illuminate\\Console\\Command.php(213): Illuminate\\Container\\Container->call(Array)
#52 C:\\laragon-7.0.6\\www\\usetwit\\vendor\\symfony\\console\\Command\\Command.php(279): Illuminate\\Console\\Command->execute(Object(Symfony\\Component\\Console\\Input\\ArgvInput), Object(Illuminate\\Console\\OutputStyle))
#53 C:\\laragon-7.0.6\\www\\usetwit\\vendor\\laravel\\framework\\src\\Illuminate\\Console\\Command.php(182): Symfony\\Component\\Console\\Command\\Command->run(Object(Symfony\\Component\\Console\\Input\\ArgvInput), Object(Illuminate\\Console\\OutputStyle))
#54 C:\\laragon-7.0.6\\www\\usetwit\\vendor\\symfony\\console\\Application.php(1094): Illuminate\\Console\\Command->run(Object(Symfony\\Component\\Console\\Input\\ArgvInput), Object(Symfony\\Component\\Console\\Output\\ConsoleOutput))
#55 C:\\laragon-7.0.6\\www\\usetwit\\vendor\\symfony\\console\\Application.php(342): Symfony\\Component\\Console\\Application->doRunCommand(Object(App\\Console\\Commands\\RefreshAndSeedCommand), Object(Symfony\\Component\\Console\\Input\\ArgvInput), Object(Symfony\\Component\\Console\\Output\\ConsoleOutput))
#56 C:\\laragon-7.0.6\\www\\usetwit\\vendor\\symfony\\console\\Application.php(193): Symfony\\Component\\Console\\Application->doRun(Object(Symfony\\Component\\Console\\Input\\ArgvInput), Object(Symfony\\Component\\Console\\Output\\ConsoleOutput))
#57 C:\\laragon-7.0.6\\www\\usetwit\\vendor\\laravel\\framework\\src\\Illuminate\\Foundation\\Console\\Kernel.php(198): Symfony\\Component\\Console\\Application->run(Object(Symfony\\Component\\Console\\Input\\ArgvInput), Object(Symfony\\Component\\Console\\Output\\ConsoleOutput))
#58 C:\\laragon-7.0.6\\www\\usetwit\\vendor\\laravel\\framework\\src\\Illuminate\\Foundation\\Application.php(1235): Illuminate\\Foundation\\Console\\Kernel->handle(Object(Symfony\\Component\\Console\\Input\\ArgvInput), Object(Symfony\\Component\\Console\\Output\\ConsoleOutput))
#59 C:\\laragon-7.0.6\\www\\usetwit\\artisan(13): Illuminate\\Foundation\\Application->handleCommand(Object(Symfony\\Component\\Console\\Input\\ArgvInput))
#60 {main}
"} 
[2025-03-12 23:24:26] local.ERROR: SQLSTATE[42S22]: Column not found: 1054 Unknown column 'cost_ph' in 'field list' (Connection: mysql, SQL: insert into `bom_operations` (`bom_version_id`, `operation_id`, `calendar_id`, `type`, `buffer_duration_type`, `cost_ph`, `x`, `y`, `color`, `buffer_duration`, `instructions`, `updated_at`, `created_at`) values (1, 1, 2, process, ?, 4353.94, 140, 50, green, ?, ?, 2025-03-12 23:24:26, 2025-03-12 23:24:26)) {"exception":"[object] (Illuminate\\Database\\QueryException(code: 42S22): SQLSTATE[42S22]: Column not found: 1054 Unknown column 'cost_ph' in 'field list' (Connection: mysql, SQL: insert into `bom_operations` (`bom_version_id`, `operation_id`, `calendar_id`, `type`, `buffer_duration_type`, `cost_ph`, `x`, `y`, `color`, `buffer_duration`, `instructions`, `updated_at`, `created_at`) values (1, 1, 2, process, ?, 4353.94, 140, 50, green, ?, ?, 2025-03-12 23:24:26, 2025-03-12 23:24:26)) at C:\\laragon-7.0.6\\www\\usetwit\\vendor\\laravel\\framework\\src\\Illuminate\\Database\\Connection.php:823)
[stacktrace]
#0 C:\\laragon-7.0.6\\www\\usetwit\\vendor\\laravel\\framework\\src\\Illuminate\\Database\\Connection.php(777): Illuminate\\Database\\Connection->runQueryCallback('insert into `bo...', Array, Object(Closure))
#1 C:\\laragon-7.0.6\\www\\usetwit\\vendor\\laravel\\framework\\src\\Illuminate\\Database\\MySqlConnection.php(42): Illuminate\\Database\\Connection->run('insert into `bo...', Array, Object(Closure))
#2 C:\\laragon-7.0.6\\www\\usetwit\\vendor\\laravel\\framework\\src\\Illuminate\\Database\\Query\\Processors\\MySqlProcessor.php(35): Illuminate\\Database\\MySqlConnection->insert('insert into `bo...', Array, 'id')
#3 C:\\laragon-7.0.6\\www\\usetwit\\vendor\\laravel\\framework\\src\\Illuminate\\Database\\Query\\Builder.php(3767): Illuminate\\Database\\Query\\Processors\\MySqlProcessor->processInsertGetId(Object(Illuminate\\Database\\Query\\Builder), 'insert into `bo...', Array, 'id')
#4 C:\\laragon-7.0.6\\www\\usetwit\\vendor\\laravel\\framework\\src\\Illuminate\\Database\\Eloquent\\Builder.php(2141): Illuminate\\Database\\Query\\Builder->insertGetId(Array, 'id')
#5 C:\\laragon-7.0.6\\www\\usetwit\\vendor\\laravel\\framework\\src\\Illuminate\\Database\\Eloquent\\Model.php(1359): Illuminate\\Database\\Eloquent\\Builder->__call('insertGetId', Array)
#6 C:\\laragon-7.0.6\\www\\usetwit\\vendor\\laravel\\framework\\src\\Illuminate\\Database\\Eloquent\\Model.php(1324): Illuminate\\Database\\Eloquent\\Model->insertAndSetId(Object(Illuminate\\Database\\Eloquent\\Builder), Array)
#7 C:\\laragon-7.0.6\\www\\usetwit\\vendor\\laravel\\framework\\src\\Illuminate\\Database\\Eloquent\\Model.php(1163): Illuminate\\Database\\Eloquent\\Model->performInsert(Object(Illuminate\\Database\\Eloquent\\Builder))
#8 C:\\laragon-7.0.6\\www\\usetwit\\vendor\\laravel\\framework\\src\\Illuminate\\Database\\Eloquent\\Factories\\Factory.php(352): Illuminate\\Database\\Eloquent\\Model->save()
#9 C:\\laragon-7.0.6\\www\\usetwit\\vendor\\laravel\\framework\\src\\Illuminate\\Collections\\Traits\\EnumeratesValues.php(261): Illuminate\\Database\\Eloquent\\Factories\\Factory->{closure:Illuminate\\Database\\Eloquent\\Factories\\Factory::store():347}(Object(App\\Models\\BomOperation), 0)
#10 C:\\laragon-7.0.6\\www\\usetwit\\vendor\\laravel\\framework\\src\\Illuminate\\Database\\Eloquent\\Factories\\Factory.php(347): Illuminate\\Support\\Collection->each(Object(Closure))
#11 C:\\laragon-7.0.6\\www\\usetwit\\vendor\\laravel\\framework\\src\\Illuminate\\Database\\Eloquent\\Factories\\Factory.php(303): Illuminate\\Database\\Eloquent\\Factories\\Factory->store(Object(Illuminate\\Support\\Collection))
#12 C:\\laragon-7.0.6\\www\\usetwit\\vendor\\laravel\\framework\\src\\Illuminate\\Database\\Eloquent\\Factories\\Factory.php(297): Illuminate\\Database\\Eloquent\\Factories\\Factory->create(Array, NULL)
#13 C:\\laragon-7.0.6\\www\\usetwit\\database\\seeders\\BomOperationsSeeder.php(28): Illuminate\\Database\\Eloquent\\Factories\\Factory->create(Array)
#14 C:\\laragon-7.0.6\\www\\usetwit\\vendor\\laravel\\framework\\src\\Illuminate\\Container\\BoundMethod.php(36): Database\\Seeders\\BomOperationsSeeder->run()
#15 C:\\laragon-7.0.6\\www\\usetwit\\vendor\\laravel\\framework\\src\\Illuminate\\Container\\Util.php(43): Illuminate\\Container\\BoundMethod::{closure:Illuminate\\Container\\BoundMethod::call():35}()
#16 C:\\laragon-7.0.6\\www\\usetwit\\vendor\\laravel\\framework\\src\\Illuminate\\Container\\BoundMethod.php(96): Illuminate\\Container\\Util::unwrapIfClosure(Object(Closure))
#17 C:\\laragon-7.0.6\\www\\usetwit\\vendor\\laravel\\framework\\src\\Illuminate\\Container\\BoundMethod.php(35): Illuminate\\Container\\BoundMethod::callBoundMethod(Object(Illuminate\\Foundation\\Application), Array, Object(Closure))
#18 C:\\laragon-7.0.6\\www\\usetwit\\vendor\\laravel\\framework\\src\\Illuminate\\Container\\Container.php(754): Illuminate\\Container\\BoundMethod::call(Object(Illuminate\\Foundation\\Application), Array, Array, NULL)
#19 C:\\laragon-7.0.6\\www\\usetwit\\vendor\\laravel\\framework\\src\\Illuminate\\Database\\Seeder.php(188): Illuminate\\Container\\Container->call(Array, Array)
#20 C:\\laragon-7.0.6\\www\\usetwit\\vendor\\laravel\\framework\\src\\Illuminate\\Database\\Seeder.php(197): Illuminate\\Database\\Seeder->{closure:Illuminate\\Database\\Seeder::__invoke():187}()
#21 C:\\laragon-7.0.6\\www\\usetwit\\vendor\\laravel\\framework\\src\\Illuminate\\Database\\Seeder.php(61): Illuminate\\Database\\Seeder->__invoke(Array)
#22 C:\\laragon-7.0.6\\www\\usetwit\\database\\seeders\\DatabaseSeeder.php(14): Illuminate\\Database\\Seeder->call('Database\\\\Seeder...')
#23 C:\\laragon-7.0.6\\www\\usetwit\\vendor\\laravel\\framework\\src\\Illuminate\\Container\\BoundMethod.php(36): Database\\Seeders\\DatabaseSeeder->run()
#24 C:\\laragon-7.0.6\\www\\usetwit\\vendor\\laravel\\framework\\src\\Illuminate\\Container\\Util.php(43): Illuminate\\Container\\BoundMethod::{closure:Illuminate\\Container\\BoundMethod::call():35}()
#25 C:\\laragon-7.0.6\\www\\usetwit\\vendor\\laravel\\framework\\src\\Illuminate\\Container\\BoundMethod.php(96): Illuminate\\Container\\Util::unwrapIfClosure(Object(Closure))
#26 C:\\laragon-7.0.6\\www\\usetwit\\vendor\\laravel\\framework\\src\\Illuminate\\Container\\BoundMethod.php(35): Illuminate\\Container\\BoundMethod::callBoundMethod(Object(Illuminate\\Foundation\\Application), Array, Object(Closure))
#27 C:\\laragon-7.0.6\\www\\usetwit\\vendor\\laravel\\framework\\src\\Illuminate\\Container\\Container.php(754): Illuminate\\Container\\BoundMethod::call(Object(Illuminate\\Foundation\\Application), Array, Array, NULL)
#28 C:\\laragon-7.0.6\\www\\usetwit\\vendor\\laravel\\framework\\src\\Illuminate\\Database\\Seeder.php(188): Illuminate\\Container\\Container->call(Array, Array)
#29 C:\\laragon-7.0.6\\www\\usetwit\\vendor\\laravel\\framework\\src\\Illuminate\\Database\\Seeder.php(197): Illuminate\\Database\\Seeder->{closure:Illuminate\\Database\\Seeder::__invoke():187}()
#30 C:\\laragon-7.0.6\\www\\usetwit\\vendor\\laravel\\framework\\src\\Illuminate\\Database\\Console\\Seeds\\SeedCommand.php(70): Illuminate\\Database\\Seeder->__invoke()
#31 C:\\laragon-7.0.6\\www\\usetwit\\vendor\\laravel\\framework\\src\\Illuminate\\Database\\Eloquent\\Concerns\\GuardsAttributes.php(155): Illuminate\\Database\\Console\\Seeds\\SeedCommand->{closure:Illuminate\\Database\\Console\\Seeds\\SeedCommand::handle():69}()
#32 C:\\laragon-7.0.6\\www\\usetwit\\vendor\\laravel\\framework\\src\\Illuminate\\Database\\Console\\Seeds\\SeedCommand.php(69): Illuminate\\Database\\Eloquent\\Model::unguarded(Object(Closure))
#33 C:\\laragon-7.0.6\\www\\usetwit\\vendor\\laravel\\framework\\src\\Illuminate\\Container\\BoundMethod.php(36): Illuminate\\Database\\Console\\Seeds\\SeedCommand->handle()
#34 C:\\laragon-7.0.6\\www\\usetwit\\vendor\\laravel\\framework\\src\\Illuminate\\Container\\Util.php(43): Illuminate\\Container\\BoundMethod::{closure:Illuminate\\Container\\BoundMethod::call():35}()
#35 C:\\laragon-7.0.6\\www\\usetwit\\vendor\\laravel\\framework\\src\\Illuminate\\Container\\BoundMethod.php(96): Illuminate\\Container\\Util::unwrapIfClosure(Object(Closure))
#36 C:\\laragon-7.0.6\\www\\usetwit\\vendor\\laravel\\framework\\src\\Illuminate\\Container\\BoundMethod.php(35): Illuminate\\Container\\BoundMethod::callBoundMethod(Object(Illuminate\\Foundation\\Application), Array, Object(Closure))
#37 C:\\laragon-7.0.6\\www\\usetwit\\vendor\\laravel\\framework\\src\\Illuminate\\Container\\Container.php(754): Illuminate\\Container\\BoundMethod::call(Object(Illuminate\\Foundation\\Application), Array, Array, NULL)
#38 C:\\laragon-7.0.6\\www\\usetwit\\vendor\\laravel\\framework\\src\\Illuminate\\Console\\Command.php(213): Illuminate\\Container\\Container->call(Array)
#39 C:\\laragon-7.0.6\\www\\usetwit\\vendor\\symfony\\console\\Command\\Command.php(279): Illuminate\\Console\\Command->execute(Object(Symfony\\Component\\Console\\Input\\ArrayInput), Object(Illuminate\\Console\\OutputStyle))
#40 C:\\laragon-7.0.6\\www\\usetwit\\vendor\\laravel\\framework\\src\\Illuminate\\Console\\Command.php(182): Symfony\\Component\\Console\\Command\\Command->run(Object(Symfony\\Component\\Console\\Input\\ArrayInput), Object(Illuminate\\Console\\OutputStyle))
#41 C:\\laragon-7.0.6\\www\\usetwit\\vendor\\laravel\\framework\\src\\Illuminate\\Console\\Concerns\\CallsCommands.php(68): Illuminate\\Console\\Command->run(Object(Symfony\\Component\\Console\\Input\\ArrayInput), Object(Illuminate\\Console\\OutputStyle))
#42 C:\\laragon-7.0.6\\www\\usetwit\\vendor\\laravel\\framework\\src\\Illuminate\\Console\\Concerns\\CallsCommands.php(29): Illuminate\\Console\\Command->runCommand('db:seed', Array, Object(Illuminate\\Console\\OutputStyle))
#43 C:\\laragon-7.0.6\\www\\usetwit\\app\\Console\\Commands\\RefreshAndSeedCommand.php(32): Illuminate\\Console\\Command->call('db:seed')
#44 C:\\laragon-7.0.6\\www\\usetwit\\vendor\\laravel\\framework\\src\\Illuminate\\Container\\BoundMethod.php(36): App\\Console\\Commands\\RefreshAndSeedCommand->handle()
#45 C:\\laragon-7.0.6\\www\\usetwit\\vendor\\laravel\\framework\\src\\Illuminate\\Container\\Util.php(43): Illuminate\\Container\\BoundMethod::{closure:Illuminate\\Container\\BoundMethod::call():35}()
#46 C:\\laragon-7.0.6\\www\\usetwit\\vendor\\laravel\\framework\\src\\Illuminate\\Container\\BoundMethod.php(96): Illuminate\\Container\\Util::unwrapIfClosure(Object(Closure))
#47 C:\\laragon-7.0.6\\www\\usetwit\\vendor\\laravel\\framework\\src\\Illuminate\\Container\\BoundMethod.php(35): Illuminate\\Container\\BoundMethod::callBoundMethod(Object(Illuminate\\Foundation\\Application), Array, Object(Closure))
#48 C:\\laragon-7.0.6\\www\\usetwit\\vendor\\laravel\\framework\\src\\Illuminate\\Container\\Container.php(754): Illuminate\\Container\\BoundMethod::call(Object(Illuminate\\Foundation\\Application), Array, Array, NULL)
#49 C:\\laragon-7.0.6\\www\\usetwit\\vendor\\laravel\\framework\\src\\Illuminate\\Console\\Command.php(213): Illuminate\\Container\\Container->call(Array)
#50 C:\\laragon-7.0.6\\www\\usetwit\\vendor\\symfony\\console\\Command\\Command.php(279): Illuminate\\Console\\Command->execute(Object(Symfony\\Component\\Console\\Input\\ArgvInput), Object(Illuminate\\Console\\OutputStyle))
#51 C:\\laragon-7.0.6\\www\\usetwit\\vendor\\laravel\\framework\\src\\Illuminate\\Console\\Command.php(182): Symfony\\Component\\Console\\Command\\Command->run(Object(Symfony\\Component\\Console\\Input\\ArgvInput), Object(Illuminate\\Console\\OutputStyle))
#52 C:\\laragon-7.0.6\\www\\usetwit\\vendor\\symfony\\console\\Application.php(1094): Illuminate\\Console\\Command->run(Object(Symfony\\Component\\Console\\Input\\ArgvInput), Object(Symfony\\Component\\Console\\Output\\ConsoleOutput))
#53 C:\\laragon-7.0.6\\www\\usetwit\\vendor\\symfony\\console\\Application.php(342): Symfony\\Component\\Console\\Application->doRunCommand(Object(App\\Console\\Commands\\RefreshAndSeedCommand), Object(Symfony\\Component\\Console\\Input\\ArgvInput), Object(Symfony\\Component\\Console\\Output\\ConsoleOutput))
#54 C:\\laragon-7.0.6\\www\\usetwit\\vendor\\symfony\\console\\Application.php(193): Symfony\\Component\\Console\\Application->doRun(Object(Symfony\\Component\\Console\\Input\\ArgvInput), Object(Symfony\\Component\\Console\\Output\\ConsoleOutput))
#55 C:\\laragon-7.0.6\\www\\usetwit\\vendor\\laravel\\framework\\src\\Illuminate\\Foundation\\Console\\Kernel.php(198): Symfony\\Component\\Console\\Application->run(Object(Symfony\\Component\\Console\\Input\\ArgvInput), Object(Symfony\\Component\\Console\\Output\\ConsoleOutput))
#56 C:\\laragon-7.0.6\\www\\usetwit\\vendor\\laravel\\framework\\src\\Illuminate\\Foundation\\Application.php(1235): Illuminate\\Foundation\\Console\\Kernel->handle(Object(Symfony\\Component\\Console\\Input\\ArgvInput), Object(Symfony\\Component\\Console\\Output\\ConsoleOutput))
#57 C:\\laragon-7.0.6\\www\\usetwit\\artisan(13): Illuminate\\Foundation\\Application->handleCommand(Object(Symfony\\Component\\Console\\Input\\ArgvInput))
#58 {main}

[previous exception] [object] (PDOException(code: 42S22): SQLSTATE[42S22]: Column not found: 1054 Unknown column 'cost_ph' in 'field list' at C:\\laragon-7.0.6\\www\\usetwit\\vendor\\laravel\\framework\\src\\Illuminate\\Database\\MySqlConnection.php:47)
[stacktrace]
#0 C:\\laragon-7.0.6\\www\\usetwit\\vendor\\laravel\\framework\\src\\Illuminate\\Database\\MySqlConnection.php(47): PDO->prepare('insert into `bo...')
#1 C:\\laragon-7.0.6\\www\\usetwit\\vendor\\laravel\\framework\\src\\Illuminate\\Database\\Connection.php(810): Illuminate\\Database\\MySqlConnection->{closure:Illuminate\\Database\\MySqlConnection::insert():42}('insert into `bo...', Array)
#2 C:\\laragon-7.0.6\\www\\usetwit\\vendor\\laravel\\framework\\src\\Illuminate\\Database\\Connection.php(777): Illuminate\\Database\\Connection->runQueryCallback('insert into `bo...', Array, Object(Closure))
#3 C:\\laragon-7.0.6\\www\\usetwit\\vendor\\laravel\\framework\\src\\Illuminate\\Database\\MySqlConnection.php(42): Illuminate\\Database\\Connection->run('insert into `bo...', Array, Object(Closure))
#4 C:\\laragon-7.0.6\\www\\usetwit\\vendor\\laravel\\framework\\src\\Illuminate\\Database\\Query\\Processors\\MySqlProcessor.php(35): Illuminate\\Database\\MySqlConnection->insert('insert into `bo...', Array, 'id')
#5 C:\\laragon-7.0.6\\www\\usetwit\\vendor\\laravel\\framework\\src\\Illuminate\\Database\\Query\\Builder.php(3767): Illuminate\\Database\\Query\\Processors\\MySqlProcessor->processInsertGetId(Object(Illuminate\\Database\\Query\\Builder), 'insert into `bo...', Array, 'id')
#6 C:\\laragon-7.0.6\\www\\usetwit\\vendor\\laravel\\framework\\src\\Illuminate\\Database\\Eloquent\\Builder.php(2141): Illuminate\\Database\\Query\\Builder->insertGetId(Array, 'id')
#7 C:\\laragon-7.0.6\\www\\usetwit\\vendor\\laravel\\framework\\src\\Illuminate\\Database\\Eloquent\\Model.php(1359): Illuminate\\Database\\Eloquent\\Builder->__call('insertGetId', Array)
#8 C:\\laragon-7.0.6\\www\\usetwit\\vendor\\laravel\\framework\\src\\Illuminate\\Database\\Eloquent\\Model.php(1324): Illuminate\\Database\\Eloquent\\Model->insertAndSetId(Object(Illuminate\\Database\\Eloquent\\Builder), Array)
#9 C:\\laragon-7.0.6\\www\\usetwit\\vendor\\laravel\\framework\\src\\Illuminate\\Database\\Eloquent\\Model.php(1163): Illuminate\\Database\\Eloquent\\Model->performInsert(Object(Illuminate\\Database\\Eloquent\\Builder))
#10 C:\\laragon-7.0.6\\www\\usetwit\\vendor\\laravel\\framework\\src\\Illuminate\\Database\\Eloquent\\Factories\\Factory.php(352): Illuminate\\Database\\Eloquent\\Model->save()
#11 C:\\laragon-7.0.6\\www\\usetwit\\vendor\\laravel\\framework\\src\\Illuminate\\Collections\\Traits\\EnumeratesValues.php(261): Illuminate\\Database\\Eloquent\\Factories\\Factory->{closure:Illuminate\\Database\\Eloquent\\Factories\\Factory::store():347}(Object(App\\Models\\BomOperation), 0)
#12 C:\\laragon-7.0.6\\www\\usetwit\\vendor\\laravel\\framework\\src\\Illuminate\\Database\\Eloquent\\Factories\\Factory.php(347): Illuminate\\Support\\Collection->each(Object(Closure))
#13 C:\\laragon-7.0.6\\www\\usetwit\\vendor\\laravel\\framework\\src\\Illuminate\\Database\\Eloquent\\Factories\\Factory.php(303): Illuminate\\Database\\Eloquent\\Factories\\Factory->store(Object(Illuminate\\Support\\Collection))
#14 C:\\laragon-7.0.6\\www\\usetwit\\vendor\\laravel\\framework\\src\\Illuminate\\Database\\Eloquent\\Factories\\Factory.php(297): Illuminate\\Database\\Eloquent\\Factories\\Factory->create(Array, NULL)
#15 C:\\laragon-7.0.6\\www\\usetwit\\database\\seeders\\BomOperationsSeeder.php(28): Illuminate\\Database\\Eloquent\\Factories\\Factory->create(Array)
#16 C:\\laragon-7.0.6\\www\\usetwit\\vendor\\laravel\\framework\\src\\Illuminate\\Container\\BoundMethod.php(36): Database\\Seeders\\BomOperationsSeeder->run()
#17 C:\\laragon-7.0.6\\www\\usetwit\\vendor\\laravel\\framework\\src\\Illuminate\\Container\\Util.php(43): Illuminate\\Container\\BoundMethod::{closure:Illuminate\\Container\\BoundMethod::call():35}()
#18 C:\\laragon-7.0.6\\www\\usetwit\\vendor\\laravel\\framework\\src\\Illuminate\\Container\\BoundMethod.php(96): Illuminate\\Container\\Util::unwrapIfClosure(Object(Closure))
#19 C:\\laragon-7.0.6\\www\\usetwit\\vendor\\laravel\\framework\\src\\Illuminate\\Container\\BoundMethod.php(35): Illuminate\\Container\\BoundMethod::callBoundMethod(Object(Illuminate\\Foundation\\Application), Array, Object(Closure))
#20 C:\\laragon-7.0.6\\www\\usetwit\\vendor\\laravel\\framework\\src\\Illuminate\\Container\\Container.php(754): Illuminate\\Container\\BoundMethod::call(Object(Illuminate\\Foundation\\Application), Array, Array, NULL)
#21 C:\\laragon-7.0.6\\www\\usetwit\\vendor\\laravel\\framework\\src\\Illuminate\\Database\\Seeder.php(188): Illuminate\\Container\\Container->call(Array, Array)
#22 C:\\laragon-7.0.6\\www\\usetwit\\vendor\\laravel\\framework\\src\\Illuminate\\Database\\Seeder.php(197): Illuminate\\Database\\Seeder->{closure:Illuminate\\Database\\Seeder::__invoke():187}()
#23 C:\\laragon-7.0.6\\www\\usetwit\\vendor\\laravel\\framework\\src\\Illuminate\\Database\\Seeder.php(61): Illuminate\\Database\\Seeder->__invoke(Array)
#24 C:\\laragon-7.0.6\\www\\usetwit\\database\\seeders\\DatabaseSeeder.php(14): Illuminate\\Database\\Seeder->call('Database\\\\Seeder...')
#25 C:\\laragon-7.0.6\\www\\usetwit\\vendor\\laravel\\framework\\src\\Illuminate\\Container\\BoundMethod.php(36): Database\\Seeders\\DatabaseSeeder->run()
#26 C:\\laragon-7.0.6\\www\\usetwit\\vendor\\laravel\\framework\\src\\Illuminate\\Container\\Util.php(43): Illuminate\\Container\\BoundMethod::{closure:Illuminate\\Container\\BoundMethod::call():35}()
#27 C:\\laragon-7.0.6\\www\\usetwit\\vendor\\laravel\\framework\\src\\Illuminate\\Container\\BoundMethod.php(96): Illuminate\\Container\\Util::unwrapIfClosure(Object(Closure))
#28 C:\\laragon-7.0.6\\www\\usetwit\\vendor\\laravel\\framework\\src\\Illuminate\\Container\\BoundMethod.php(35): Illuminate\\Container\\BoundMethod::callBoundMethod(Object(Illuminate\\Foundation\\Application), Array, Object(Closure))
#29 C:\\laragon-7.0.6\\www\\usetwit\\vendor\\laravel\\framework\\src\\Illuminate\\Container\\Container.php(754): Illuminate\\Container\\BoundMethod::call(Object(Illuminate\\Foundation\\Application), Array, Array, NULL)
#30 C:\\laragon-7.0.6\\www\\usetwit\\vendor\\laravel\\framework\\src\\Illuminate\\Database\\Seeder.php(188): Illuminate\\Container\\Container->call(Array, Array)
#31 C:\\laragon-7.0.6\\www\\usetwit\\vendor\\laravel\\framework\\src\\Illuminate\\Database\\Seeder.php(197): Illuminate\\Database\\Seeder->{closure:Illuminate\\Database\\Seeder::__invoke():187}()
#32 C:\\laragon-7.0.6\\www\\usetwit\\vendor\\laravel\\framework\\src\\Illuminate\\Database\\Console\\Seeds\\SeedCommand.php(70): Illuminate\\Database\\Seeder->__invoke()
#33 C:\\laragon-7.0.6\\www\\usetwit\\vendor\\laravel\\framework\\src\\Illuminate\\Database\\Eloquent\\Concerns\\GuardsAttributes.php(155): Illuminate\\Database\\Console\\Seeds\\SeedCommand->{closure:Illuminate\\Database\\Console\\Seeds\\SeedCommand::handle():69}()
#34 C:\\laragon-7.0.6\\www\\usetwit\\vendor\\laravel\\framework\\src\\Illuminate\\Database\\Console\\Seeds\\SeedCommand.php(69): Illuminate\\Database\\Eloquent\\Model::unguarded(Object(Closure))
#35 C:\\laragon-7.0.6\\www\\usetwit\\vendor\\laravel\\framework\\src\\Illuminate\\Container\\BoundMethod.php(36): Illuminate\\Database\\Console\\Seeds\\SeedCommand->handle()
#36 C:\\laragon-7.0.6\\www\\usetwit\\vendor\\laravel\\framework\\src\\Illuminate\\Container\\Util.php(43): Illuminate\\Container\\BoundMethod::{closure:Illuminate\\Container\\BoundMethod::call():35}()
#37 C:\\laragon-7.0.6\\www\\usetwit\\vendor\\laravel\\framework\\src\\Illuminate\\Container\\BoundMethod.php(96): Illuminate\\Container\\Util::unwrapIfClosure(Object(Closure))
#38 C:\\laragon-7.0.6\\www\\usetwit\\vendor\\laravel\\framework\\src\\Illuminate\\Container\\BoundMethod.php(35): Illuminate\\Container\\BoundMethod::callBoundMethod(Object(Illuminate\\Foundation\\Application), Array, Object(Closure))
#39 C:\\laragon-7.0.6\\www\\usetwit\\vendor\\laravel\\framework\\src\\Illuminate\\Container\\Container.php(754): Illuminate\\Container\\BoundMethod::call(Object(Illuminate\\Foundation\\Application), Array, Array, NULL)
#40 C:\\laragon-7.0.6\\www\\usetwit\\vendor\\laravel\\framework\\src\\Illuminate\\Console\\Command.php(213): Illuminate\\Container\\Container->call(Array)
#41 C:\\laragon-7.0.6\\www\\usetwit\\vendor\\symfony\\console\\Command\\Command.php(279): Illuminate\\Console\\Command->execute(Object(Symfony\\Component\\Console\\Input\\ArrayInput), Object(Illuminate\\Console\\OutputStyle))
#42 C:\\laragon-7.0.6\\www\\usetwit\\vendor\\laravel\\framework\\src\\Illuminate\\Console\\Command.php(182): Symfony\\Component\\Console\\Command\\Command->run(Object(Symfony\\Component\\Console\\Input\\ArrayInput), Object(Illuminate\\Console\\OutputStyle))
#43 C:\\laragon-7.0.6\\www\\usetwit\\vendor\\laravel\\framework\\src\\Illuminate\\Console\\Concerns\\CallsCommands.php(68): Illuminate\\Console\\Command->run(Object(Symfony\\Component\\Console\\Input\\ArrayInput), Object(Illuminate\\Console\\OutputStyle))
#44 C:\\laragon-7.0.6\\www\\usetwit\\vendor\\laravel\\framework\\src\\Illuminate\\Console\\Concerns\\CallsCommands.php(29): Illuminate\\Console\\Command->runCommand('db:seed', Array, Object(Illuminate\\Console\\OutputStyle))
#45 C:\\laragon-7.0.6\\www\\usetwit\\app\\Console\\Commands\\RefreshAndSeedCommand.php(32): Illuminate\\Console\\Command->call('db:seed')
#46 C:\\laragon-7.0.6\\www\\usetwit\\vendor\\laravel\\framework\\src\\Illuminate\\Container\\BoundMethod.php(36): App\\Console\\Commands\\RefreshAndSeedCommand->handle()
#47 C:\\laragon-7.0.6\\www\\usetwit\\vendor\\laravel\\framework\\src\\Illuminate\\Container\\Util.php(43): Illuminate\\Container\\BoundMethod::{closure:Illuminate\\Container\\BoundMethod::call():35}()
#48 C:\\laragon-7.0.6\\www\\usetwit\\vendor\\laravel\\framework\\src\\Illuminate\\Container\\BoundMethod.php(96): Illuminate\\Container\\Util::unwrapIfClosure(Object(Closure))
#49 C:\\laragon-7.0.6\\www\\usetwit\\vendor\\laravel\\framework\\src\\Illuminate\\Container\\BoundMethod.php(35): Illuminate\\Container\\BoundMethod::callBoundMethod(Object(Illuminate\\Foundation\\Application), Array, Object(Closure))
#50 C:\\laragon-7.0.6\\www\\usetwit\\vendor\\laravel\\framework\\src\\Illuminate\\Container\\Container.php(754): Illuminate\\Container\\BoundMethod::call(Object(Illuminate\\Foundation\\Application), Array, Array, NULL)
#51 C:\\laragon-7.0.6\\www\\usetwit\\vendor\\laravel\\framework\\src\\Illuminate\\Console\\Command.php(213): Illuminate\\Container\\Container->call(Array)
#52 C:\\laragon-7.0.6\\www\\usetwit\\vendor\\symfony\\console\\Command\\Command.php(279): Illuminate\\Console\\Command->execute(Object(Symfony\\Component\\Console\\Input\\ArgvInput), Object(Illuminate\\Console\\OutputStyle))
#53 C:\\laragon-7.0.6\\www\\usetwit\\vendor\\laravel\\framework\\src\\Illuminate\\Console\\Command.php(182): Symfony\\Component\\Console\\Command\\Command->run(Object(Symfony\\Component\\Console\\Input\\ArgvInput), Object(Illuminate\\Console\\OutputStyle))
#54 C:\\laragon-7.0.6\\www\\usetwit\\vendor\\symfony\\console\\Application.php(1094): Illuminate\\Console\\Command->run(Object(Symfony\\Component\\Console\\Input\\ArgvInput), Object(Symfony\\Component\\Console\\Output\\ConsoleOutput))
#55 C:\\laragon-7.0.6\\www\\usetwit\\vendor\\symfony\\console\\Application.php(342): Symfony\\Component\\Console\\Application->doRunCommand(Object(App\\Console\\Commands\\RefreshAndSeedCommand), Object(Symfony\\Component\\Console\\Input\\ArgvInput), Object(Symfony\\Component\\Console\\Output\\ConsoleOutput))
#56 C:\\laragon-7.0.6\\www\\usetwit\\vendor\\symfony\\console\\Application.php(193): Symfony\\Component\\Console\\Application->doRun(Object(Symfony\\Component\\Console\\Input\\ArgvInput), Object(Symfony\\Component\\Console\\Output\\ConsoleOutput))
#57 C:\\laragon-7.0.6\\www\\usetwit\\vendor\\laravel\\framework\\src\\Illuminate\\Foundation\\Console\\Kernel.php(198): Symfony\\Component\\Console\\Application->run(Object(Symfony\\Component\\Console\\Input\\ArgvInput), Object(Symfony\\Component\\Console\\Output\\ConsoleOutput))
#58 C:\\laragon-7.0.6\\www\\usetwit\\vendor\\laravel\\framework\\src\\Illuminate\\Foundation\\Application.php(1235): Illuminate\\Foundation\\Console\\Kernel->handle(Object(Symfony\\Component\\Console\\Input\\ArgvInput), Object(Symfony\\Component\\Console\\Output\\ConsoleOutput))
#59 C:\\laragon-7.0.6\\www\\usetwit\\artisan(13): Illuminate\\Foundation\\Application->handleCommand(Object(Symfony\\Component\\Console\\Input\\ArgvInput))
#60 {main}
"} 
[2025-03-12 23:26:46] local.ERROR: Missing required parameter for [Route: admin.bom-operations-network.update] [URI: admin/bom-operations-network/{bom_version}] [Missing parameter: bom_version]. {"userId":1,"exception":"[object] (Illuminate\\Routing\\Exceptions\\UrlGenerationException(code: 0): Missing required parameter for [Route: admin.bom-operations-network.update] [URI: admin/bom-operations-network/{bom_version}] [Missing parameter: bom_version]. at C:\\laragon-7.0.6\\www\\usetwit\\vendor\\laravel\\framework\\src\\Illuminate\\Routing\\Exceptions\\UrlGenerationException.php:35)
[stacktrace]
#0 C:\\laragon-7.0.6\\www\\usetwit\\vendor\\laravel\\framework\\src\\Illuminate\\Routing\\RouteUrlGenerator.php(90): Illuminate\\Routing\\Exceptions\\UrlGenerationException::forMissingParameters(Object(Illuminate\\Routing\\Route), Array)
#1 C:\\laragon-7.0.6\\www\\usetwit\\vendor\\laravel\\framework\\src\\Illuminate\\Routing\\UrlGenerator.php(554): Illuminate\\Routing\\RouteUrlGenerator->to(Object(Illuminate\\Routing\\Route), Array, true)
#2 C:\\laragon-7.0.6\\www\\usetwit\\vendor\\laravel\\framework\\src\\Illuminate\\Routing\\UrlGenerator.php(519): Illuminate\\Routing\\UrlGenerator->toRoute(Object(Illuminate\\Routing\\Route), Array, true)
#3 C:\\laragon-7.0.6\\www\\usetwit\\vendor\\laravel\\framework\\src\\Illuminate\\Foundation\\helpers.php(853): Illuminate\\Routing\\UrlGenerator->route('admin.bom-opera...', Object(App\\Models\\Bom), true)
#4 C:\\laragon-7.0.6\\www\\usetwit\\app\\Http\\Controllers\\Admin\\BomOperationsNetworkController.php(18): route('admin.bom-opera...', Object(App\\Models\\Bom))
#5 C:\\laragon-7.0.6\\www\\usetwit\\vendor\\laravel\\framework\\src\\Illuminate\\Routing\\ControllerDispatcher.php(47): App\\Http\\Controllers\\Admin\\BomOperationsNetworkController->edit(Object(App\\Models\\Bom), '1')
#6 C:\\laragon-7.0.6\\www\\usetwit\\vendor\\laravel\\framework\\src\\Illuminate\\Routing\\Route.php(266): Illuminate\\Routing\\ControllerDispatcher->dispatch(Object(Illuminate\\Routing\\Route), Object(App\\Http\\Controllers\\Admin\\BomOperationsNetworkController), 'edit')
#7 C:\\laragon-7.0.6\\www\\usetwit\\vendor\\laravel\\framework\\src\\Illuminate\\Routing\\Route.php(212): Illuminate\\Routing\\Route->runController()
#8 C:\\laragon-7.0.6\\www\\usetwit\\vendor\\laravel\\framework\\src\\Illuminate\\Routing\\Router.php(808): Illuminate\\Routing\\Route->run()
#9 C:\\laragon-7.0.6\\www\\usetwit\\vendor\\laravel\\framework\\src\\Illuminate\\Pipeline\\Pipeline.php(170): Illuminate\\Routing\\Router->{closure:Illuminate\\Routing\\Router::runRouteWithinStack():807}(Object(Illuminate\\Http\\Request))
#10 C:\\laragon-7.0.6\\www\\usetwit\\vendor\\laravel\\framework\\src\\Illuminate\\Auth\\Middleware\\Authorize.php(60): Illuminate\\Pipeline\\Pipeline->{closure:Illuminate\\Pipeline\\Pipeline::prepareDestination():168}(Object(Illuminate\\Http\\Request))
#11 C:\\laragon-7.0.6\\www\\usetwit\\vendor\\laravel\\framework\\src\\Illuminate\\Pipeline\\Pipeline.php(209): Illuminate\\Auth\\Middleware\\Authorize->handle(Object(Illuminate\\Http\\Request), Object(Closure), 'update', 'App\\\\Models\\\\Bom')
#12 C:\\laragon-7.0.6\\www\\usetwit\\vendor\\barryvdh\\laravel-debugbar\\src\\Middleware\\InjectDebugbar.php(66): Illuminate\\Pipeline\\Pipeline->{closure:{closure:Illuminate\\Pipeline\\Pipeline::carry():184}:185}(Object(Illuminate\\Http\\Request))
#13 C:\\laragon-7.0.6\\www\\usetwit\\vendor\\laravel\\framework\\src\\Illuminate\\Pipeline\\Pipeline.php(209): Barryvdh\\Debugbar\\Middleware\\InjectDebugbar->handle(Object(Illuminate\\Http\\Request), Object(Closure))
#14 C:\\laragon-7.0.6\\www\\usetwit\\vendor\\laravel\\framework\\src\\Illuminate\\Routing\\Middleware\\SubstituteBindings.php(51): Illuminate\\Pipeline\\Pipeline->{closure:{closure:Illuminate\\Pipeline\\Pipeline::carry():184}:185}(Object(Illuminate\\Http\\Request))
#15 C:\\laragon-7.0.6\\www\\usetwit\\vendor\\laravel\\framework\\src\\Illuminate\\Pipeline\\Pipeline.php(209): Illuminate\\Routing\\Middleware\\SubstituteBindings->handle(Object(Illuminate\\Http\\Request), Object(Closure))
#16 C:\\laragon-7.0.6\\www\\usetwit\\vendor\\laravel\\framework\\src\\Illuminate\\Auth\\Middleware\\Authenticate.php(64): Illuminate\\Pipeline\\Pipeline->{closure:{closure:Illuminate\\Pipeline\\Pipeline::carry():184}:185}(Object(Illuminate\\Http\\Request))
#17 C:\\laragon-7.0.6\\www\\usetwit\\vendor\\laravel\\framework\\src\\Illuminate\\Pipeline\\Pipeline.php(209): Illuminate\\Auth\\Middleware\\Authenticate->handle(Object(Illuminate\\Http\\Request), Object(Closure))
#18 C:\\laragon-7.0.6\\www\\usetwit\\vendor\\laravel\\framework\\src\\Illuminate\\Foundation\\Http\\Middleware\\VerifyCsrfToken.php(88): Illuminate\\Pipeline\\Pipeline->{closure:{closure:Illuminate\\Pipeline\\Pipeline::carry():184}:185}(Object(Illuminate\\Http\\Request))
#19 C:\\laragon-7.0.6\\www\\usetwit\\vendor\\laravel\\framework\\src\\Illuminate\\Pipeline\\Pipeline.php(209): Illuminate\\Foundation\\Http\\Middleware\\VerifyCsrfToken->handle(Object(Illuminate\\Http\\Request), Object(Closure))
#20 C:\\laragon-7.0.6\\www\\usetwit\\vendor\\laravel\\framework\\src\\Illuminate\\View\\Middleware\\ShareErrorsFromSession.php(49): Illuminate\\Pipeline\\Pipeline->{closure:{closure:Illuminate\\Pipeline\\Pipeline::carry():184}:185}(Object(Illuminate\\Http\\Request))
#21 C:\\laragon-7.0.6\\www\\usetwit\\vendor\\laravel\\framework\\src\\Illuminate\\Pipeline\\Pipeline.php(209): Illuminate\\View\\Middleware\\ShareErrorsFromSession->handle(Object(Illuminate\\Http\\Request), Object(Closure))
#22 C:\\laragon-7.0.6\\www\\usetwit\\vendor\\laravel\\framework\\src\\Illuminate\\Session\\Middleware\\StartSession.php(121): Illuminate\\Pipeline\\Pipeline->{closure:{closure:Illuminate\\Pipeline\\Pipeline::carry():184}:185}(Object(Illuminate\\Http\\Request))
#23 C:\\laragon-7.0.6\\www\\usetwit\\vendor\\laravel\\framework\\src\\Illuminate\\Session\\Middleware\\StartSession.php(64): Illuminate\\Session\\Middleware\\StartSession->handleStatefulRequest(Object(Illuminate\\Http\\Request), Object(Illuminate\\Session\\Store), Object(Closure))
#24 C:\\laragon-7.0.6\\www\\usetwit\\vendor\\laravel\\framework\\src\\Illuminate\\Pipeline\\Pipeline.php(209): Illuminate\\Session\\Middleware\\StartSession->handle(Object(Illuminate\\Http\\Request), Object(Closure))
#25 C:\\laragon-7.0.6\\www\\usetwit\\vendor\\laravel\\framework\\src\\Illuminate\\Cookie\\Middleware\\AddQueuedCookiesToResponse.php(37): Illuminate\\Pipeline\\Pipeline->{closure:{closure:Illuminate\\Pipeline\\Pipeline::carry():184}:185}(Object(Illuminate\\Http\\Request))
#26 C:\\laragon-7.0.6\\www\\usetwit\\vendor\\laravel\\framework\\src\\Illuminate\\Pipeline\\Pipeline.php(209): Illuminate\\Cookie\\Middleware\\AddQueuedCookiesToResponse->handle(Object(Illuminate\\Http\\Request), Object(Closure))
#27 C:\\laragon-7.0.6\\www\\usetwit\\vendor\\laravel\\framework\\src\\Illuminate\\Cookie\\Middleware\\EncryptCookies.php(75): Illuminate\\Pipeline\\Pipeline->{closure:{closure:Illuminate\\Pipeline\\Pipeline::carry():184}:185}(Object(Illuminate\\Http\\Request))
#28 C:\\laragon-7.0.6\\www\\usetwit\\vendor\\laravel\\framework\\src\\Illuminate\\Pipeline\\Pipeline.php(209): Illuminate\\Cookie\\Middleware\\EncryptCookies->handle(Object(Illuminate\\Http\\Request), Object(Closure))
#29 C:\\laragon-7.0.6\\www\\usetwit\\vendor\\laravel\\framework\\src\\Illuminate\\Pipeline\\Pipeline.php(127): Illuminate\\Pipeline\\Pipeline->{closure:{closure:Illuminate\\Pipeline\\Pipeline::carry():184}:185}(Object(Illuminate\\Http\\Request))
#30 C:\\laragon-7.0.6\\www\\usetwit\\vendor\\laravel\\framework\\src\\Illuminate\\Routing\\Router.php(807): Illuminate\\Pipeline\\Pipeline->then(Object(Closure))
#31 C:\\laragon-7.0.6\\www\\usetwit\\vendor\\laravel\\framework\\src\\Illuminate\\Routing\\Router.php(786): Illuminate\\Routing\\Router->runRouteWithinStack(Object(Illuminate\\Routing\\Route), Object(Illuminate\\Http\\Request))
#32 C:\\laragon-7.0.6\\www\\usetwit\\vendor\\laravel\\framework\\src\\Illuminate\\Routing\\Router.php(750): Illuminate\\Routing\\Router->runRoute(Object(Illuminate\\Http\\Request), Object(Illuminate\\Routing\\Route))
#33 C:\\laragon-7.0.6\\www\\usetwit\\vendor\\laravel\\framework\\src\\Illuminate\\Routing\\Router.php(739): Illuminate\\Routing\\Router->dispatchToRoute(Object(Illuminate\\Http\\Request))
#34 C:\\laragon-7.0.6\\www\\usetwit\\vendor\\laravel\\framework\\src\\Illuminate\\Foundation\\Http\\Kernel.php(201): Illuminate\\Routing\\Router->dispatch(Object(Illuminate\\Http\\Request))
#35 C:\\laragon-7.0.6\\www\\usetwit\\vendor\\laravel\\framework\\src\\Illuminate\\Pipeline\\Pipeline.php(170): Illuminate\\Foundation\\Http\\Kernel->{closure:Illuminate\\Foundation\\Http\\Kernel::dispatchToRouter():198}(Object(Illuminate\\Http\\Request))
#36 C:\\laragon-7.0.6\\www\\usetwit\\vendor\\barryvdh\\laravel-debugbar\\src\\Middleware\\InjectDebugbar.php(66): Illuminate\\Pipeline\\Pipeline->{closure:Illuminate\\Pipeline\\Pipeline::prepareDestination():168}(Object(Illuminate\\Http\\Request))
#37 C:\\laragon-7.0.6\\www\\usetwit\\vendor\\laravel\\framework\\src\\Illuminate\\Pipeline\\Pipeline.php(209): Barryvdh\\Debugbar\\Middleware\\InjectDebugbar->handle(Object(Illuminate\\Http\\Request), Object(Closure))
#38 C:\\laragon-7.0.6\\www\\usetwit\\vendor\\laravel\\framework\\src\\Illuminate\\Foundation\\Http\\Middleware\\TransformsRequest.php(21): Illuminate\\Pipeline\\Pipeline->{closure:{closure:Illuminate\\Pipeline\\Pipeline::carry():184}:185}(Object(Illuminate\\Http\\Request))
#39 C:\\laragon-7.0.6\\www\\usetwit\\vendor\\laravel\\framework\\src\\Illuminate\\Foundation\\Http\\Middleware\\ConvertEmptyStringsToNull.php(31): Illuminate\\Foundation\\Http\\Middleware\\TransformsRequest->handle(Object(Illuminate\\Http\\Request), Object(Closure))
#40 C:\\laragon-7.0.6\\www\\usetwit\\vendor\\laravel\\framework\\src\\Illuminate\\Pipeline\\Pipeline.php(209): Illuminate\\Foundation\\Http\\Middleware\\ConvertEmptyStringsToNull->handle(Object(Illuminate\\Http\\Request), Object(Closure))
#41 C:\\laragon-7.0.6\\www\\usetwit\\vendor\\laravel\\framework\\src\\Illuminate\\Foundation\\Http\\Middleware\\TransformsRequest.php(21): Illuminate\\Pipeline\\Pipeline->{closure:{closure:Illuminate\\Pipeline\\Pipeline::carry():184}:185}(Object(Illuminate\\Http\\Request))
#42 C:\\laragon-7.0.6\\www\\usetwit\\vendor\\laravel\\framework\\src\\Illuminate\\Foundation\\Http\\Middleware\\TrimStrings.php(51): Illuminate\\Foundation\\Http\\Middleware\\TransformsRequest->handle(Object(Illuminate\\Http\\Request), Object(Closure))
#43 C:\\laragon-7.0.6\\www\\usetwit\\vendor\\laravel\\framework\\src\\Illuminate\\Pipeline\\Pipeline.php(209): Illuminate\\Foundation\\Http\\Middleware\\TrimStrings->handle(Object(Illuminate\\Http\\Request), Object(Closure))
#44 C:\\laragon-7.0.6\\www\\usetwit\\vendor\\laravel\\framework\\src\\Illuminate\\Http\\Middleware\\ValidatePostSize.php(27): Illuminate\\Pipeline\\Pipeline->{closure:{closure:Illuminate\\Pipeline\\Pipeline::carry():184}:185}(Object(Illuminate\\Http\\Request))
#45 C:\\laragon-7.0.6\\www\\usetwit\\vendor\\laravel\\framework\\src\\Illuminate\\Pipeline\\Pipeline.php(209): Illuminate\\Http\\Middleware\\ValidatePostSize->handle(Object(Illuminate\\Http\\Request), Object(Closure))
#46 C:\\laragon-7.0.6\\www\\usetwit\\vendor\\laravel\\framework\\src\\Illuminate\\Foundation\\Http\\Middleware\\PreventRequestsDuringMaintenance.php(110): Illuminate\\Pipeline\\Pipeline->{closure:{closure:Illuminate\\Pipeline\\Pipeline::carry():184}:185}(Object(Illuminate\\Http\\Request))
#47 C:\\laragon-7.0.6\\www\\usetwit\\vendor\\laravel\\framework\\src\\Illuminate\\Pipeline\\Pipeline.php(209): Illuminate\\Foundation\\Http\\Middleware\\PreventRequestsDuringMaintenance->handle(Object(Illuminate\\Http\\Request), Object(Closure))
#48 C:\\laragon-7.0.6\\www\\usetwit\\vendor\\laravel\\framework\\src\\Illuminate\\Http\\Middleware\\HandleCors.php(49): Illuminate\\Pipeline\\Pipeline->{closure:{closure:Illuminate\\Pipeline\\Pipeline::carry():184}:185}(Object(Illuminate\\Http\\Request))
#49 C:\\laragon-7.0.6\\www\\usetwit\\vendor\\laravel\\framework\\src\\Illuminate\\Pipeline\\Pipeline.php(209): Illuminate\\Http\\Middleware\\HandleCors->handle(Object(Illuminate\\Http\\Request), Object(Closure))
#50 C:\\laragon-7.0.6\\www\\usetwit\\vendor\\laravel\\framework\\src\\Illuminate\\Http\\Middleware\\TrustProxies.php(58): Illuminate\\Pipeline\\Pipeline->{closure:{closure:Illuminate\\Pipeline\\Pipeline::carry():184}:185}(Object(Illuminate\\Http\\Request))
#51 C:\\laragon-7.0.6\\www\\usetwit\\vendor\\laravel\\framework\\src\\Illuminate\\Pipeline\\Pipeline.php(209): Illuminate\\Http\\Middleware\\TrustProxies->handle(Object(Illuminate\\Http\\Request), Object(Closure))
#52 C:\\laragon-7.0.6\\www\\usetwit\\vendor\\laravel\\framework\\src\\Illuminate\\Foundation\\Http\\Middleware\\InvokeDeferredCallbacks.php(22): Illuminate\\Pipeline\\Pipeline->{closure:{closure:Illuminate\\Pipeline\\Pipeline::carry():184}:185}(Object(Illuminate\\Http\\Request))
#53 C:\\laragon-7.0.6\\www\\usetwit\\vendor\\laravel\\framework\\src\\Illuminate\\Pipeline\\Pipeline.php(209): Illuminate\\Foundation\\Http\\Middleware\\InvokeDeferredCallbacks->handle(Object(Illuminate\\Http\\Request), Object(Closure))
#54 C:\\laragon-7.0.6\\www\\usetwit\\vendor\\laravel\\framework\\src\\Illuminate\\Http\\Middleware\\ValidatePathEncoding.php(26): Illuminate\\Pipeline\\Pipeline->{closure:{closure:Illuminate\\Pipeline\\Pipeline::carry():184}:185}(Object(Illuminate\\Http\\Request))
#55 C:\\laragon-7.0.6\\www\\usetwit\\vendor\\laravel\\framework\\src\\Illuminate\\Pipeline\\Pipeline.php(209): Illuminate\\Http\\Middleware\\ValidatePathEncoding->handle(Object(Illuminate\\Http\\Request), Object(Closure))
#56 C:\\laragon-7.0.6\\www\\usetwit\\vendor\\laravel\\framework\\src\\Illuminate\\Pipeline\\Pipeline.php(127): Illuminate\\Pipeline\\Pipeline->{closure:{closure:Illuminate\\Pipeline\\Pipeline::carry():184}:185}(Object(Illuminate\\Http\\Request))
#57 C:\\laragon-7.0.6\\www\\usetwit\\vendor\\laravel\\framework\\src\\Illuminate\\Foundation\\Http\\Kernel.php(176): Illuminate\\Pipeline\\Pipeline->then(Object(Closure))
#58 C:\\laragon-7.0.6\\www\\usetwit\\vendor\\laravel\\framework\\src\\Illuminate\\Foundation\\Http\\Kernel.php(145): Illuminate\\Foundation\\Http\\Kernel->sendRequestThroughRouter(Object(Illuminate\\Http\\Request))
#59 C:\\laragon-7.0.6\\www\\usetwit\\vendor\\laravel\\framework\\src\\Illuminate\\Foundation\\Application.php(1220): Illuminate\\Foundation\\Http\\Kernel->handle(Object(Illuminate\\Http\\Request))
#60 C:\\laragon-7.0.6\\www\\usetwit\\public\\index.php(17): Illuminate\\Foundation\\Application->handleRequest(Object(Illuminate\\Http\\Request))
#61 {main}
"} 
[2025-03-12 23:28:54] local.ERROR: Undefined variable $bom (View: C:\laragon-7.0.6\www\usetwit\resources\views\admin\bom-operations-network\edit.blade.php) {"userId":1,"exception":"[object] (Illuminate\\View\\ViewException(code: 0): Undefined variable $bom (View: C:\\laragon-7.0.6\\www\\usetwit\\resources\\views\\admin\\bom-operations-network\\edit.blade.php) at C:\\laragon-7.0.6\\www\\usetwit\\storage\\framework\\views\\c2346c40f1b9975edd7c43018f2ee98f.php:2)
[stacktrace]
#0 C:\\laragon-7.0.6\\www\\usetwit\\vendor\\laravel\\framework\\src\\Illuminate\\View\\Engines\\PhpEngine.php(60): Illuminate\\View\\Engines\\CompilerEngine->handleViewException(Object(ErrorException), 1)
#1 C:\\laragon-7.0.6\\www\\usetwit\\vendor\\laravel\\framework\\src\\Illuminate\\View\\Engines\\CompilerEngine.php(75): Illuminate\\View\\Engines\\PhpEngine->evaluatePath('C:\\\\laragon-7.0....', Array)
#2 C:\\laragon-7.0.6\\www\\usetwit\\vendor\\laravel\\framework\\src\\Illuminate\\View\\View.php(209): Illuminate\\View\\Engines\\CompilerEngine->get('C:\\\\laragon-7.0....', Array)
#3 C:\\laragon-7.0.6\\www\\usetwit\\vendor\\laravel\\framework\\src\\Illuminate\\View\\View.php(192): Illuminate\\View\\View->getContents()
#4 C:\\laragon-7.0.6\\www\\usetwit\\vendor\\laravel\\framework\\src\\Illuminate\\View\\View.php(161): Illuminate\\View\\View->renderContents()
#5 C:\\laragon-7.0.6\\www\\usetwit\\vendor\\laravel\\framework\\src\\Illuminate\\Http\\Response.php(79): Illuminate\\View\\View->render()
#6 C:\\laragon-7.0.6\\www\\usetwit\\vendor\\laravel\\framework\\src\\Illuminate\\Http\\Response.php(35): Illuminate\\Http\\Response->setContent(Object(Illuminate\\View\\View))
#7 C:\\laragon-7.0.6\\www\\usetwit\\vendor\\laravel\\framework\\src\\Illuminate\\Routing\\Router.php(920): Illuminate\\Http\\Response->__construct(Object(Illuminate\\View\\View), 200, Array)
#8 C:\\laragon-7.0.6\\www\\usetwit\\vendor\\laravel\\framework\\src\\Illuminate\\Routing\\Router.php(887): Illuminate\\Routing\\Router::toResponse(Object(Illuminate\\Http\\Request), Object(Illuminate\\View\\View))
#9 C:\\laragon-7.0.6\\www\\usetwit\\vendor\\laravel\\framework\\src\\Illuminate\\Routing\\Router.php(807): Illuminate\\Routing\\Router->prepareResponse(Object(Illuminate\\Http\\Request), Object(Illuminate\\View\\View))
#10 C:\\laragon-7.0.6\\www\\usetwit\\vendor\\laravel\\framework\\src\\Illuminate\\Pipeline\\Pipeline.php(170): Illuminate\\Routing\\Router->{closure:Illuminate\\Routing\\Router::runRouteWithinStack():807}(Object(Illuminate\\Http\\Request))
#11 C:\\laragon-7.0.6\\www\\usetwit\\vendor\\laravel\\framework\\src\\Illuminate\\Auth\\Middleware\\Authorize.php(60): Illuminate\\Pipeline\\Pipeline->{closure:Illuminate\\Pipeline\\Pipeline::prepareDestination():168}(Object(Illuminate\\Http\\Request))
#12 C:\\laragon-7.0.6\\www\\usetwit\\vendor\\laravel\\framework\\src\\Illuminate\\Pipeline\\Pipeline.php(209): Illuminate\\Auth\\Middleware\\Authorize->handle(Object(Illuminate\\Http\\Request), Object(Closure), 'update', 'App\\\\Models\\\\Bom')
#13 C:\\laragon-7.0.6\\www\\usetwit\\vendor\\barryvdh\\laravel-debugbar\\src\\Middleware\\InjectDebugbar.php(66): Illuminate\\Pipeline\\Pipeline->{closure:{closure:Illuminate\\Pipeline\\Pipeline::carry():184}:185}(Object(Illuminate\\Http\\Request))
#14 C:\\laragon-7.0.6\\www\\usetwit\\vendor\\laravel\\framework\\src\\Illuminate\\Pipeline\\Pipeline.php(209): Barryvdh\\Debugbar\\Middleware\\InjectDebugbar->handle(Object(Illuminate\\Http\\Request), Object(Closure))
#15 C:\\laragon-7.0.6\\www\\usetwit\\vendor\\laravel\\framework\\src\\Illuminate\\Routing\\Middleware\\SubstituteBindings.php(51): Illuminate\\Pipeline\\Pipeline->{closure:{closure:Illuminate\\Pipeline\\Pipeline::carry():184}:185}(Object(Illuminate\\Http\\Request))
#16 C:\\laragon-7.0.6\\www\\usetwit\\vendor\\laravel\\framework\\src\\Illuminate\\Pipeline\\Pipeline.php(209): Illuminate\\Routing\\Middleware\\SubstituteBindings->handle(Object(Illuminate\\Http\\Request), Object(Closure))
#17 C:\\laragon-7.0.6\\www\\usetwit\\vendor\\laravel\\framework\\src\\Illuminate\\Auth\\Middleware\\Authenticate.php(64): Illuminate\\Pipeline\\Pipeline->{closure:{closure:Illuminate\\Pipeline\\Pipeline::carry():184}:185}(Object(Illuminate\\Http\\Request))
#18 C:\\laragon-7.0.6\\www\\usetwit\\vendor\\laravel\\framework\\src\\Illuminate\\Pipeline\\Pipeline.php(209): Illuminate\\Auth\\Middleware\\Authenticate->handle(Object(Illuminate\\Http\\Request), Object(Closure))
#19 C:\\laragon-7.0.6\\www\\usetwit\\vendor\\laravel\\framework\\src\\Illuminate\\Foundation\\Http\\Middleware\\VerifyCsrfToken.php(88): Illuminate\\Pipeline\\Pipeline->{closure:{closure:Illuminate\\Pipeline\\Pipeline::carry():184}:185}(Object(Illuminate\\Http\\Request))
#20 C:\\laragon-7.0.6\\www\\usetwit\\vendor\\laravel\\framework\\src\\Illuminate\\Pipeline\\Pipeline.php(209): Illuminate\\Foundation\\Http\\Middleware\\VerifyCsrfToken->handle(Object(Illuminate\\Http\\Request), Object(Closure))
#21 C:\\laragon-7.0.6\\www\\usetwit\\vendor\\laravel\\framework\\src\\Illuminate\\View\\Middleware\\ShareErrorsFromSession.php(49): Illuminate\\Pipeline\\Pipeline->{closure:{closure:Illuminate\\Pipeline\\Pipeline::carry():184}:185}(Object(Illuminate\\Http\\Request))
#22 C:\\laragon-7.0.6\\www\\usetwit\\vendor\\laravel\\framework\\src\\Illuminate\\Pipeline\\Pipeline.php(209): Illuminate\\View\\Middleware\\ShareErrorsFromSession->handle(Object(Illuminate\\Http\\Request), Object(Closure))
#23 C:\\laragon-7.0.6\\www\\usetwit\\vendor\\laravel\\framework\\src\\Illuminate\\Session\\Middleware\\StartSession.php(121): Illuminate\\Pipeline\\Pipeline->{closure:{closure:Illuminate\\Pipeline\\Pipeline::carry():184}:185}(Object(Illuminate\\Http\\Request))
#24 C:\\laragon-7.0.6\\www\\usetwit\\vendor\\laravel\\framework\\src\\Illuminate\\Session\\Middleware\\StartSession.php(64): Illuminate\\Session\\Middleware\\StartSession->handleStatefulRequest(Object(Illuminate\\Http\\Request), Object(Illuminate\\Session\\Store), Object(Closure))
#25 C:\\laragon-7.0.6\\www\\usetwit\\vendor\\laravel\\framework\\src\\Illuminate\\Pipeline\\Pipeline.php(209): Illuminate\\Session\\Middleware\\StartSession->handle(Object(Illuminate\\Http\\Request), Object(Closure))
#26 C:\\laragon-7.0.6\\www\\usetwit\\vendor\\laravel\\framework\\src\\Illuminate\\Cookie\\Middleware\\AddQueuedCookiesToResponse.php(37): Illuminate\\Pipeline\\Pipeline->{closure:{closure:Illuminate\\Pipeline\\Pipeline::carry():184}:185}(Object(Illuminate\\Http\\Request))
#27 C:\\laragon-7.0.6\\www\\usetwit\\vendor\\laravel\\framework\\src\\Illuminate\\Pipeline\\Pipeline.php(209): Illuminate\\Cookie\\Middleware\\AddQueuedCookiesToResponse->handle(Object(Illuminate\\Http\\Request), Object(Closure))
#28 C:\\laragon-7.0.6\\www\\usetwit\\vendor\\laravel\\framework\\src\\Illuminate\\Cookie\\Middleware\\EncryptCookies.php(75): Illuminate\\Pipeline\\Pipeline->{closure:{closure:Illuminate\\Pipeline\\Pipeline::carry():184}:185}(Object(Illuminate\\Http\\Request))
#29 C:\\laragon-7.0.6\\www\\usetwit\\vendor\\laravel\\framework\\src\\Illuminate\\Pipeline\\Pipeline.php(209): Illuminate\\Cookie\\Middleware\\EncryptCookies->handle(Object(Illuminate\\Http\\Request), Object(Closure))
#30 C:\\laragon-7.0.6\\www\\usetwit\\vendor\\laravel\\framework\\src\\Illuminate\\Pipeline\\Pipeline.php(127): Illuminate\\Pipeline\\Pipeline->{closure:{closure:Illuminate\\Pipeline\\Pipeline::carry():184}:185}(Object(Illuminate\\Http\\Request))
#31 C:\\laragon-7.0.6\\www\\usetwit\\vendor\\laravel\\framework\\src\\Illuminate\\Routing\\Router.php(807): Illuminate\\Pipeline\\Pipeline->then(Object(Closure))
#32 C:\\laragon-7.0.6\\www\\usetwit\\vendor\\laravel\\framework\\src\\Illuminate\\Routing\\Router.php(786): Illuminate\\Routing\\Router->runRouteWithinStack(Object(Illuminate\\Routing\\Route), Object(Illuminate\\Http\\Request))
#33 C:\\laragon-7.0.6\\www\\usetwit\\vendor\\laravel\\framework\\src\\Illuminate\\Routing\\Router.php(750): Illuminate\\Routing\\Router->runRoute(Object(Illuminate\\Http\\Request), Object(Illuminate\\Routing\\Route))
#34 C:\\laragon-7.0.6\\www\\usetwit\\vendor\\laravel\\framework\\src\\Illuminate\\Routing\\Router.php(739): Illuminate\\Routing\\Router->dispatchToRoute(Object(Illuminate\\Http\\Request))
#35 C:\\laragon-7.0.6\\www\\usetwit\\vendor\\laravel\\framework\\src\\Illuminate\\Foundation\\Http\\Kernel.php(201): Illuminate\\Routing\\Router->dispatch(Object(Illuminate\\Http\\Request))
#36 C:\\laragon-7.0.6\\www\\usetwit\\vendor\\laravel\\framework\\src\\Illuminate\\Pipeline\\Pipeline.php(170): Illuminate\\Foundation\\Http\\Kernel->{closure:Illuminate\\Foundation\\Http\\Kernel::dispatchToRouter():198}(Object(Illuminate\\Http\\Request))
#37 C:\\laragon-7.0.6\\www\\usetwit\\vendor\\barryvdh\\laravel-debugbar\\src\\Middleware\\InjectDebugbar.php(66): Illuminate\\Pipeline\\Pipeline->{closure:Illuminate\\Pipeline\\Pipeline::prepareDestination():168}(Object(Illuminate\\Http\\Request))
#38 C:\\laragon-7.0.6\\www\\usetwit\\vendor\\laravel\\framework\\src\\Illuminate\\Pipeline\\Pipeline.php(209): Barryvdh\\Debugbar\\Middleware\\InjectDebugbar->handle(Object(Illuminate\\Http\\Request), Object(Closure))
#39 C:\\laragon-7.0.6\\www\\usetwit\\vendor\\laravel\\framework\\src\\Illuminate\\Foundation\\Http\\Middleware\\TransformsRequest.php(21): Illuminate\\Pipeline\\Pipeline->{closure:{closure:Illuminate\\Pipeline\\Pipeline::carry():184}:185}(Object(Illuminate\\Http\\Request))
#40 C:\\laragon-7.0.6\\www\\usetwit\\vendor\\laravel\\framework\\src\\Illuminate\\Foundation\\Http\\Middleware\\ConvertEmptyStringsToNull.php(31): Illuminate\\Foundation\\Http\\Middleware\\TransformsRequest->handle(Object(Illuminate\\Http\\Request), Object(Closure))
#41 C:\\laragon-7.0.6\\www\\usetwit\\vendor\\laravel\\framework\\src\\Illuminate\\Pipeline\\Pipeline.php(209): Illuminate\\Foundation\\Http\\Middleware\\ConvertEmptyStringsToNull->handle(Object(Illuminate\\Http\\Request), Object(Closure))
#42 C:\\laragon-7.0.6\\www\\usetwit\\vendor\\laravel\\framework\\src\\Illuminate\\Foundation\\Http\\Middleware\\TransformsRequest.php(21): Illuminate\\Pipeline\\Pipeline->{closure:{closure:Illuminate\\Pipeline\\Pipeline::carry():184}:185}(Object(Illuminate\\Http\\Request))
#43 C:\\laragon-7.0.6\\www\\usetwit\\vendor\\laravel\\framework\\src\\Illuminate\\Foundation\\Http\\Middleware\\TrimStrings.php(51): Illuminate\\Foundation\\Http\\Middleware\\TransformsRequest->handle(Object(Illuminate\\Http\\Request), Object(Closure))
#44 C:\\laragon-7.0.6\\www\\usetwit\\vendor\\laravel\\framework\\src\\Illuminate\\Pipeline\\Pipeline.php(209): Illuminate\\Foundation\\Http\\Middleware\\TrimStrings->handle(Object(Illuminate\\Http\\Request), Object(Closure))
#45 C:\\laragon-7.0.6\\www\\usetwit\\vendor\\laravel\\framework\\src\\Illuminate\\Http\\Middleware\\ValidatePostSize.php(27): Illuminate\\Pipeline\\Pipeline->{closure:{closure:Illuminate\\Pipeline\\Pipeline::carry():184}:185}(Object(Illuminate\\Http\\Request))
#46 C:\\laragon-7.0.6\\www\\usetwit\\vendor\\laravel\\framework\\src\\Illuminate\\Pipeline\\Pipeline.php(209): Illuminate\\Http\\Middleware\\ValidatePostSize->handle(Object(Illuminate\\Http\\Request), Object(Closure))
#47 C:\\laragon-7.0.6\\www\\usetwit\\vendor\\laravel\\framework\\src\\Illuminate\\Foundation\\Http\\Middleware\\PreventRequestsDuringMaintenance.php(110): Illuminate\\Pipeline\\Pipeline->{closure:{closure:Illuminate\\Pipeline\\Pipeline::carry():184}:185}(Object(Illuminate\\Http\\Request))
#48 C:\\laragon-7.0.6\\www\\usetwit\\vendor\\laravel\\framework\\src\\Illuminate\\Pipeline\\Pipeline.php(209): Illuminate\\Foundation\\Http\\Middleware\\PreventRequestsDuringMaintenance->handle(Object(Illuminate\\Http\\Request), Object(Closure))
#49 C:\\laragon-7.0.6\\www\\usetwit\\vendor\\laravel\\framework\\src\\Illuminate\\Http\\Middleware\\HandleCors.php(49): Illuminate\\Pipeline\\Pipeline->{closure:{closure:Illuminate\\Pipeline\\Pipeline::carry():184}:185}(Object(Illuminate\\Http\\Request))
#50 C:\\laragon-7.0.6\\www\\usetwit\\vendor\\laravel\\framework\\src\\Illuminate\\Pipeline\\Pipeline.php(209): Illuminate\\Http\\Middleware\\HandleCors->handle(Object(Illuminate\\Http\\Request), Object(Closure))
#51 C:\\laragon-7.0.6\\www\\usetwit\\vendor\\laravel\\framework\\src\\Illuminate\\Http\\Middleware\\TrustProxies.php(58): Illuminate\\Pipeline\\Pipeline->{closure:{closure:Illuminate\\Pipeline\\Pipeline::carry():184}:185}(Object(Illuminate\\Http\\Request))
#52 C:\\laragon-7.0.6\\www\\usetwit\\vendor\\laravel\\framework\\src\\Illuminate\\Pipeline\\Pipeline.php(209): Illuminate\\Http\\Middleware\\TrustProxies->handle(Object(Illuminate\\Http\\Request), Object(Closure))
#53 C:\\laragon-7.0.6\\www\\usetwit\\vendor\\laravel\\framework\\src\\Illuminate\\Foundation\\Http\\Middleware\\InvokeDeferredCallbacks.php(22): Illuminate\\Pipeline\\Pipeline->{closure:{closure:Illuminate\\Pipeline\\Pipeline::carry():184}:185}(Object(Illuminate\\Http\\Request))
#54 C:\\laragon-7.0.6\\www\\usetwit\\vendor\\laravel\\framework\\src\\Illuminate\\Pipeline\\Pipeline.php(209): Illuminate\\Foundation\\Http\\Middleware\\InvokeDeferredCallbacks->handle(Object(Illuminate\\Http\\Request), Object(Closure))
#55 C:\\laragon-7.0.6\\www\\usetwit\\vendor\\laravel\\framework\\src\\Illuminate\\Http\\Middleware\\ValidatePathEncoding.php(26): Illuminate\\Pipeline\\Pipeline->{closure:{closure:Illuminate\\Pipeline\\Pipeline::carry():184}:185}(Object(Illuminate\\Http\\Request))
#56 C:\\laragon-7.0.6\\www\\usetwit\\vendor\\laravel\\framework\\src\\Illuminate\\Pipeline\\Pipeline.php(209): Illuminate\\Http\\Middleware\\ValidatePathEncoding->handle(Object(Illuminate\\Http\\Request), Object(Closure))
#57 C:\\laragon-7.0.6\\www\\usetwit\\vendor\\laravel\\framework\\src\\Illuminate\\Pipeline\\Pipeline.php(127): Illuminate\\Pipeline\\Pipeline->{closure:{closure:Illuminate\\Pipeline\\Pipeline::carry():184}:185}(Object(Illuminate\\Http\\Request))
#58 C:\\laragon-7.0.6\\www\\usetwit\\vendor\\laravel\\framework\\src\\Illuminate\\Foundation\\Http\\Kernel.php(176): Illuminate\\Pipeline\\Pipeline->then(Object(Closure))
#59 C:\\laragon-7.0.6\\www\\usetwit\\vendor\\laravel\\framework\\src\\Illuminate\\Foundation\\Http\\Kernel.php(145): Illuminate\\Foundation\\Http\\Kernel->sendRequestThroughRouter(Object(Illuminate\\Http\\Request))
#60 C:\\laragon-7.0.6\\www\\usetwit\\vendor\\laravel\\framework\\src\\Illuminate\\Foundation\\Application.php(1220): Illuminate\\Foundation\\Http\\Kernel->handle(Object(Illuminate\\Http\\Request))
#61 C:\\laragon-7.0.6\\www\\usetwit\\public\\index.php(17): Illuminate\\Foundation\\Application->handleRequest(Object(Illuminate\\Http\\Request))
#62 {main}

[previous exception] [object] (ErrorException(code: 0): Undefined variable $bom at C:\\laragon-7.0.6\\www\\usetwit\\storage\\framework\\views\\c2346c40f1b9975edd7c43018f2ee98f.php:2)
[stacktrace]
#0 C:\\laragon-7.0.6\\www\\usetwit\\vendor\\laravel\\framework\\src\\Illuminate\\Foundation\\Bootstrap\\HandleExceptions.php(256): Illuminate\\Foundation\\Bootstrap\\HandleExceptions->handleError(2, 'Undefined varia...', 'C:\\\\laragon-7.0....', 2)
#1 C:\\laragon-7.0.6\\www\\usetwit\\storage\\framework\\views\\c2346c40f1b9975edd7c43018f2ee98f.php(2): Illuminate\\Foundation\\Bootstrap\\HandleExceptions->{closure:Illuminate\\Foundation\\Bootstrap\\HandleExceptions::forwardsTo():255}(2, 'Undefined varia...', 'C:\\\\laragon-7.0....', 2)
#2 C:\\laragon-7.0.6\\www\\usetwit\\vendor\\laravel\\framework\\src\\Illuminate\\Filesystem\\Filesystem.php(123): require('C:\\\\laragon-7.0....')
#3 C:\\laragon-7.0.6\\www\\usetwit\\vendor\\laravel\\framework\\src\\Illuminate\\Filesystem\\Filesystem.php(124): Illuminate\\Filesystem\\Filesystem::{closure:Illuminate\\Filesystem\\Filesystem::getRequire():120}()
#4 C:\\laragon-7.0.6\\www\\usetwit\\vendor\\laravel\\framework\\src\\Illuminate\\View\\Engines\\PhpEngine.php(58): Illuminate\\Filesystem\\Filesystem->getRequire('C:\\\\laragon-7.0....', Array)
#5 C:\\laragon-7.0.6\\www\\usetwit\\vendor\\laravel\\framework\\src\\Illuminate\\View\\Engines\\CompilerEngine.php(75): Illuminate\\View\\Engines\\PhpEngine->evaluatePath('C:\\\\laragon-7.0....', Array)
#6 C:\\laragon-7.0.6\\www\\usetwit\\vendor\\laravel\\framework\\src\\Illuminate\\View\\View.php(209): Illuminate\\View\\Engines\\CompilerEngine->get('C:\\\\laragon-7.0....', Array)
#7 C:\\laragon-7.0.6\\www\\usetwit\\vendor\\laravel\\framework\\src\\Illuminate\\View\\View.php(192): Illuminate\\View\\View->getContents()
#8 C:\\laragon-7.0.6\\www\\usetwit\\vendor\\laravel\\framework\\src\\Illuminate\\View\\View.php(161): Illuminate\\View\\View->renderContents()
#9 C:\\laragon-7.0.6\\www\\usetwit\\vendor\\laravel\\framework\\src\\Illuminate\\Http\\Response.php(79): Illuminate\\View\\View->render()
#10 C:\\laragon-7.0.6\\www\\usetwit\\vendor\\laravel\\framework\\src\\Illuminate\\Http\\Response.php(35): Illuminate\\Http\\Response->setContent(Object(Illuminate\\View\\View))
#11 C:\\laragon-7.0.6\\www\\usetwit\\vendor\\laravel\\framework\\src\\Illuminate\\Routing\\Router.php(920): Illuminate\\Http\\Response->__construct(Object(Illuminate\\View\\View), 200, Array)
#12 C:\\laragon-7.0.6\\www\\usetwit\\vendor\\laravel\\framework\\src\\Illuminate\\Routing\\Router.php(887): Illuminate\\Routing\\Router::toResponse(Object(Illuminate\\Http\\Request), Object(Illuminate\\View\\View))
#13 C:\\laragon-7.0.6\\www\\usetwit\\vendor\\laravel\\framework\\src\\Illuminate\\Routing\\Router.php(807): Illuminate\\Routing\\Router->prepareResponse(Object(Illuminate\\Http\\Request), Object(Illuminate\\View\\View))
#14 C:\\laragon-7.0.6\\www\\usetwit\\vendor\\laravel\\framework\\src\\Illuminate\\Pipeline\\Pipeline.php(170): Illuminate\\Routing\\Router->{closure:Illuminate\\Routing\\Router::runRouteWithinStack():807}(Object(Illuminate\\Http\\Request))
#15 C:\\laragon-7.0.6\\www\\usetwit\\vendor\\laravel\\framework\\src\\Illuminate\\Auth\\Middleware\\Authorize.php(60): Illuminate\\Pipeline\\Pipeline->{closure:Illuminate\\Pipeline\\Pipeline::prepareDestination():168}(Object(Illuminate\\Http\\Request))
#16 C:\\laragon-7.0.6\\www\\usetwit\\vendor\\laravel\\framework\\src\\Illuminate\\Pipeline\\Pipeline.php(209): Illuminate\\Auth\\Middleware\\Authorize->handle(Object(Illuminate\\Http\\Request), Object(Closure), 'update', 'App\\\\Models\\\\Bom')
#17 C:\\laragon-7.0.6\\www\\usetwit\\vendor\\barryvdh\\laravel-debugbar\\src\\Middleware\\InjectDebugbar.php(66): Illuminate\\Pipeline\\Pipeline->{closure:{closure:Illuminate\\Pipeline\\Pipeline::carry():184}:185}(Object(Illuminate\\Http\\Request))
#18 C:\\laragon-7.0.6\\www\\usetwit\\vendor\\laravel\\framework\\src\\Illuminate\\Pipeline\\Pipeline.php(209): Barryvdh\\Debugbar\\Middleware\\InjectDebugbar->handle(Object(Illuminate\\Http\\Request), Object(Closure))
#19 C:\\laragon-7.0.6\\www\\usetwit\\vendor\\laravel\\framework\\src\\Illuminate\\Routing\\Middleware\\SubstituteBindings.php(51): Illuminate\\Pipeline\\Pipeline->{closure:{closure:Illuminate\\Pipeline\\Pipeline::carry():184}:185}(Object(Illuminate\\Http\\Request))
#20 C:\\laragon-7.0.6\\www\\usetwit\\vendor\\laravel\\framework\\src\\Illuminate\\Pipeline\\Pipeline.php(209): Illuminate\\Routing\\Middleware\\SubstituteBindings->handle(Object(Illuminate\\Http\\Request), Object(Closure))
#21 C:\\laragon-7.0.6\\www\\usetwit\\vendor\\laravel\\framework\\src\\Illuminate\\Auth\\Middleware\\Authenticate.php(64): Illuminate\\Pipeline\\Pipeline->{closure:{closure:Illuminate\\Pipeline\\Pipeline::carry():184}:185}(Object(Illuminate\\Http\\Request))
#22 C:\\laragon-7.0.6\\www\\usetwit\\vendor\\laravel\\framework\\src\\Illuminate\\Pipeline\\Pipeline.php(209): Illuminate\\Auth\\Middleware\\Authenticate->handle(Object(Illuminate\\Http\\Request), Object(Closure))
#23 C:\\laragon-7.0.6\\www\\usetwit\\vendor\\laravel\\framework\\src\\Illuminate\\Foundation\\Http\\Middleware\\VerifyCsrfToken.php(88): Illuminate\\Pipeline\\Pipeline->{closure:{closure:Illuminate\\Pipeline\\Pipeline::carry():184}:185}(Object(Illuminate\\Http\\Request))
#24 C:\\laragon-7.0.6\\www\\usetwit\\vendor\\laravel\\framework\\src\\Illuminate\\Pipeline\\Pipeline.php(209): Illuminate\\Foundation\\Http\\Middleware\\VerifyCsrfToken->handle(Object(Illuminate\\Http\\Request), Object(Closure))
#25 C:\\laragon-7.0.6\\www\\usetwit\\vendor\\laravel\\framework\\src\\Illuminate\\View\\Middleware\\ShareErrorsFromSession.php(49): Illuminate\\Pipeline\\Pipeline->{closure:{closure:Illuminate\\Pipeline\\Pipeline::carry():184}:185}(Object(Illuminate\\Http\\Request))
#26 C:\\laragon-7.0.6\\www\\usetwit\\vendor\\laravel\\framework\\src\\Illuminate\\Pipeline\\Pipeline.php(209): Illuminate\\View\\Middleware\\ShareErrorsFromSession->handle(Object(Illuminate\\Http\\Request), Object(Closure))
#27 C:\\laragon-7.0.6\\www\\usetwit\\vendor\\laravel\\framework\\src\\Illuminate\\Session\\Middleware\\StartSession.php(121): Illuminate\\Pipeline\\Pipeline->{closure:{closure:Illuminate\\Pipeline\\Pipeline::carry():184}:185}(Object(Illuminate\\Http\\Request))
#28 C:\\laragon-7.0.6\\www\\usetwit\\vendor\\laravel\\framework\\src\\Illuminate\\Session\\Middleware\\StartSession.php(64): Illuminate\\Session\\Middleware\\StartSession->handleStatefulRequest(Object(Illuminate\\Http\\Request), Object(Illuminate\\Session\\Store), Object(Closure))
#29 C:\\laragon-7.0.6\\www\\usetwit\\vendor\\laravel\\framework\\src\\Illuminate\\Pipeline\\Pipeline.php(209): Illuminate\\Session\\Middleware\\StartSession->handle(Object(Illuminate\\Http\\Request), Object(Closure))
#30 C:\\laragon-7.0.6\\www\\usetwit\\vendor\\laravel\\framework\\src\\Illuminate\\Cookie\\Middleware\\AddQueuedCookiesToResponse.php(37): Illuminate\\Pipeline\\Pipeline->{closure:{closure:Illuminate\\Pipeline\\Pipeline::carry():184}:185}(Object(Illuminate\\Http\\Request))
#31 C:\\laragon-7.0.6\\www\\usetwit\\vendor\\laravel\\framework\\src\\Illuminate\\Pipeline\\Pipeline.php(209): Illuminate\\Cookie\\Middleware\\AddQueuedCookiesToResponse->handle(Object(Illuminate\\Http\\Request), Object(Closure))
#32 C:\\laragon-7.0.6\\www\\usetwit\\vendor\\laravel\\framework\\src\\Illuminate\\Cookie\\Middleware\\EncryptCookies.php(75): Illuminate\\Pipeline\\Pipeline->{closure:{closure:Illuminate\\Pipeline\\Pipeline::carry():184}:185}(Object(Illuminate\\Http\\Request))
#33 C:\\laragon-7.0.6\\www\\usetwit\\vendor\\laravel\\framework\\src\\Illuminate\\Pipeline\\Pipeline.php(209): Illuminate\\Cookie\\Middleware\\EncryptCookies->handle(Object(Illuminate\\Http\\Request), Object(Closure))
#34 C:\\laragon-7.0.6\\www\\usetwit\\vendor\\laravel\\framework\\src\\Illuminate\\Pipeline\\Pipeline.php(127): Illuminate\\Pipeline\\Pipeline->{closure:{closure:Illuminate\\Pipeline\\Pipeline::carry():184}:185}(Object(Illuminate\\Http\\Request))
#35 C:\\laragon-7.0.6\\www\\usetwit\\vendor\\laravel\\framework\\src\\Illuminate\\Routing\\Router.php(807): Illuminate\\Pipeline\\Pipeline->then(Object(Closure))
#36 C:\\laragon-7.0.6\\www\\usetwit\\vendor\\laravel\\framework\\src\\Illuminate\\Routing\\Router.php(786): Illuminate\\Routing\\Router->runRouteWithinStack(Object(Illuminate\\Routing\\Route), Object(Illuminate\\Http\\Request))
#37 C:\\laragon-7.0.6\\www\\usetwit\\vendor\\laravel\\framework\\src\\Illuminate\\Routing\\Router.php(750): Illuminate\\Routing\\Router->runRoute(Object(Illuminate\\Http\\Request), Object(Illuminate\\Routing\\Route))
#38 C:\\laragon-7.0.6\\www\\usetwit\\vendor\\laravel\\framework\\src\\Illuminate\\Routing\\Router.php(739): Illuminate\\Routing\\Router->dispatchToRoute(Object(Illuminate\\Http\\Request))
#39 C:\\laragon-7.0.6\\www\\usetwit\\vendor\\laravel\\framework\\src\\Illuminate\\Foundation\\Http\\Kernel.php(201): Illuminate\\Routing\\Router->dispatch(Object(Illuminate\\Http\\Request))
#40 C:\\laragon-7.0.6\\www\\usetwit\\vendor\\laravel\\framework\\src\\Illuminate\\Pipeline\\Pipeline.php(170): Illuminate\\Foundation\\Http\\Kernel->{closure:Illuminate\\Foundation\\Http\\Kernel::dispatchToRouter():198}(Object(Illuminate\\Http\\Request))
#41 C:\\laragon-7.0.6\\www\\usetwit\\vendor\\barryvdh\\laravel-debugbar\\src\\Middleware\\InjectDebugbar.php(66): Illuminate\\Pipeline\\Pipeline->{closure:Illuminate\\Pipeline\\Pipeline::prepareDestination():168}(Object(Illuminate\\Http\\Request))
#42 C:\\laragon-7.0.6\\www\\usetwit\\vendor\\laravel\\framework\\src\\Illuminate\\Pipeline\\Pipeline.php(209): Barryvdh\\Debugbar\\Middleware\\InjectDebugbar->handle(Object(Illuminate\\Http\\Request), Object(Closure))
#43 C:\\laragon-7.0.6\\www\\usetwit\\vendor\\laravel\\framework\\src\\Illuminate\\Foundation\\Http\\Middleware\\TransformsRequest.php(21): Illuminate\\Pipeline\\Pipeline->{closure:{closure:Illuminate\\Pipeline\\Pipeline::carry():184}:185}(Object(Illuminate\\Http\\Request))
#44 C:\\laragon-7.0.6\\www\\usetwit\\vendor\\laravel\\framework\\src\\Illuminate\\Foundation\\Http\\Middleware\\ConvertEmptyStringsToNull.php(31): Illuminate\\Foundation\\Http\\Middleware\\TransformsRequest->handle(Object(Illuminate\\Http\\Request), Object(Closure))
#45 C:\\laragon-7.0.6\\www\\usetwit\\vendor\\laravel\\framework\\src\\Illuminate\\Pipeline\\Pipeline.php(209): Illuminate\\Foundation\\Http\\Middleware\\ConvertEmptyStringsToNull->handle(Object(Illuminate\\Http\\Request), Object(Closure))
#46 C:\\laragon-7.0.6\\www\\usetwit\\vendor\\laravel\\framework\\src\\Illuminate\\Foundation\\Http\\Middleware\\TransformsRequest.php(21): Illuminate\\Pipeline\\Pipeline->{closure:{closure:Illuminate\\Pipeline\\Pipeline::carry():184}:185}(Object(Illuminate\\Http\\Request))
#47 C:\\laragon-7.0.6\\www\\usetwit\\vendor\\laravel\\framework\\src\\Illuminate\\Foundation\\Http\\Middleware\\TrimStrings.php(51): Illuminate\\Foundation\\Http\\Middleware\\TransformsRequest->handle(Object(Illuminate\\Http\\Request), Object(Closure))
#48 C:\\laragon-7.0.6\\www\\usetwit\\vendor\\laravel\\framework\\src\\Illuminate\\Pipeline\\Pipeline.php(209): Illuminate\\Foundation\\Http\\Middleware\\TrimStrings->handle(Object(Illuminate\\Http\\Request), Object(Closure))
#49 C:\\laragon-7.0.6\\www\\usetwit\\vendor\\laravel\\framework\\src\\Illuminate\\Http\\Middleware\\ValidatePostSize.php(27): Illuminate\\Pipeline\\Pipeline->{closure:{closure:Illuminate\\Pipeline\\Pipeline::carry():184}:185}(Object(Illuminate\\Http\\Request))
#50 C:\\laragon-7.0.6\\www\\usetwit\\vendor\\laravel\\framework\\src\\Illuminate\\Pipeline\\Pipeline.php(209): Illuminate\\Http\\Middleware\\ValidatePostSize->handle(Object(Illuminate\\Http\\Request), Object(Closure))
#51 C:\\laragon-7.0.6\\www\\usetwit\\vendor\\laravel\\framework\\src\\Illuminate\\Foundation\\Http\\Middleware\\PreventRequestsDuringMaintenance.php(110): Illuminate\\Pipeline\\Pipeline->{closure:{closure:Illuminate\\Pipeline\\Pipeline::carry():184}:185}(Object(Illuminate\\Http\\Request))
#52 C:\\laragon-7.0.6\\www\\usetwit\\vendor\\laravel\\framework\\src\\Illuminate\\Pipeline\\Pipeline.php(209): Illuminate\\Foundation\\Http\\Middleware\\PreventRequestsDuringMaintenance->handle(Object(Illuminate\\Http\\Request), Object(Closure))
#53 C:\\laragon-7.0.6\\www\\usetwit\\vendor\\laravel\\framework\\src\\Illuminate\\Http\\Middleware\\HandleCors.php(49): Illuminate\\Pipeline\\Pipeline->{closure:{closure:Illuminate\\Pipeline\\Pipeline::carry():184}:185}(Object(Illuminate\\Http\\Request))
#54 C:\\laragon-7.0.6\\www\\usetwit\\vendor\\laravel\\framework\\src\\Illuminate\\Pipeline\\Pipeline.php(209): Illuminate\\Http\\Middleware\\HandleCors->handle(Object(Illuminate\\Http\\Request), Object(Closure))
#55 C:\\laragon-7.0.6\\www\\usetwit\\vendor\\laravel\\framework\\src\\Illuminate\\Http\\Middleware\\TrustProxies.php(58): Illuminate\\Pipeline\\Pipeline->{closure:{closure:Illuminate\\Pipeline\\Pipeline::carry():184}:185}(Object(Illuminate\\Http\\Request))
#56 C:\\laragon-7.0.6\\www\\usetwit\\vendor\\laravel\\framework\\src\\Illuminate\\Pipeline\\Pipeline.php(209): Illuminate\\Http\\Middleware\\TrustProxies->handle(Object(Illuminate\\Http\\Request), Object(Closure))
#57 C:\\laragon-7.0.6\\www\\usetwit\\vendor\\laravel\\framework\\src\\Illuminate\\Foundation\\Http\\Middleware\\InvokeDeferredCallbacks.php(22): Illuminate\\Pipeline\\Pipeline->{closure:{closure:Illuminate\\Pipeline\\Pipeline::carry():184}:185}(Object(Illuminate\\Http\\Request))
#58 C:\\laragon-7.0.6\\www\\usetwit\\vendor\\laravel\\framework\\src\\Illuminate\\Pipeline\\Pipeline.php(209): Illuminate\\Foundation\\Http\\Middleware\\InvokeDeferredCallbacks->handle(Object(Illuminate\\Http\\Request), Object(Closure))
#59 C:\\laragon-7.0.6\\www\\usetwit\\vendor\\laravel\\framework\\src\\Illuminate\\Http\\Middleware\\ValidatePathEncoding.php(26): Illuminate\\Pipeline\\Pipeline->{closure:{closure:Illuminate\\Pipeline\\Pipeline::carry():184}:185}(Object(Illuminate\\Http\\Request))
#60 C:\\laragon-7.0.6\\www\\usetwit\\vendor\\laravel\\framework\\src\\Illuminate\\Pipeline\\Pipeline.php(209): Illuminate\\Http\\Middleware\\ValidatePathEncoding->handle(Object(Illuminate\\Http\\Request), Object(Closure))
#61 C:\\laragon-7.0.6\\www\\usetwit\\vendor\\laravel\\framework\\src\\Illuminate\\Pipeline\\Pipeline.php(127): Illuminate\\Pipeline\\Pipeline->{closure:{closure:Illuminate\\Pipeline\\Pipeline::carry():184}:185}(Object(Illuminate\\Http\\Request))
#62 C:\\laragon-7.0.6\\www\\usetwit\\vendor\\laravel\\framework\\src\\Illuminate\\Foundation\\Http\\Kernel.php(176): Illuminate\\Pipeline\\Pipeline->then(Object(Closure))
#63 C:\\laragon-7.0.6\\www\\usetwit\\vendor\\laravel\\framework\\src\\Illuminate\\Foundation\\Http\\Kernel.php(145): Illuminate\\Foundation\\Http\\Kernel->sendRequestThroughRouter(Object(Illuminate\\Http\\Request))
#64 C:\\laragon-7.0.6\\www\\usetwit\\vendor\\laravel\\framework\\src\\Illuminate\\Foundation\\Application.php(1220): Illuminate\\Foundation\\Http\\Kernel->handle(Object(Illuminate\\Http\\Request))
#65 C:\\laragon-7.0.6\\www\\usetwit\\public\\index.php(17): Illuminate\\Foundation\\Application->handleRequest(Object(Illuminate\\Http\\Request))
#66 {main}
"} 
[2025-03-12 23:31:19] local.ERROR: Diglactic\Breadcrumbs\ServiceProvider::{closure:C:\laragon-7.0.6\www\usetwit\routes\breadcrumbs.php:91}(): Argument #2 ($bom) must be of type App\Models\Bom, App\Models\BomVersion given, called in C:\laragon-7.0.6\www\usetwit\vendor\diglactic\laravel-breadcrumbs\src\Generator.php on line 64 (View: C:\laragon-7.0.6\www\usetwit\resources\views\admin\bom-operations-network\edit.blade.php) {"userId":1,"exception":"[object] (Illuminate\\View\\ViewException(code: 0): Diglactic\\Breadcrumbs\\ServiceProvider::{closure:C:\\laragon-7.0.6\\www\\usetwit\\routes\\breadcrumbs.php:91}(): Argument #2 ($bom) must be of type App\\Models\\Bom, App\\Models\\BomVersion given, called in C:\\laragon-7.0.6\\www\\usetwit\\vendor\\diglactic\\laravel-breadcrumbs\\src\\Generator.php on line 64 (View: C:\\laragon-7.0.6\\www\\usetwit\\resources\\views\\admin\\bom-operations-network\\edit.blade.php) at C:\\laragon-7.0.6\\www\\usetwit\\routes\\breadcrumbs.php:91)
[stacktrace]
#0 C:\\laragon-7.0.6\\www\\usetwit\\vendor\\laravel\\framework\\src\\Illuminate\\View\\Engines\\PhpEngine.php(60): Illuminate\\View\\Engines\\CompilerEngine->handleViewException(Object(TypeError), 1)
#1 C:\\laragon-7.0.6\\www\\usetwit\\vendor\\laravel\\framework\\src\\Illuminate\\View\\Engines\\CompilerEngine.php(75): Illuminate\\View\\Engines\\PhpEngine->evaluatePath('C:\\\\laragon-7.0....', Array)
#2 C:\\laragon-7.0.6\\www\\usetwit\\vendor\\laravel\\framework\\src\\Illuminate\\View\\View.php(209): Illuminate\\View\\Engines\\CompilerEngine->get('C:\\\\laragon-7.0....', Array)
#3 C:\\laragon-7.0.6\\www\\usetwit\\vendor\\laravel\\framework\\src\\Illuminate\\View\\View.php(192): Illuminate\\View\\View->getContents()
#4 C:\\laragon-7.0.6\\www\\usetwit\\vendor\\laravel\\framework\\src\\Illuminate\\View\\View.php(161): Illuminate\\View\\View->renderContents()
#5 C:\\laragon-7.0.6\\www\\usetwit\\vendor\\laravel\\framework\\src\\Illuminate\\Http\\Response.php(79): Illuminate\\View\\View->render()
#6 C:\\laragon-7.0.6\\www\\usetwit\\vendor\\laravel\\framework\\src\\Illuminate\\Http\\Response.php(35): Illuminate\\Http\\Response->setContent(Object(Illuminate\\View\\View))
#7 C:\\laragon-7.0.6\\www\\usetwit\\vendor\\laravel\\framework\\src\\Illuminate\\Routing\\Router.php(920): Illuminate\\Http\\Response->__construct(Object(Illuminate\\View\\View), 200, Array)
#8 C:\\laragon-7.0.6\\www\\usetwit\\vendor\\laravel\\framework\\src\\Illuminate\\Routing\\Router.php(887): Illuminate\\Routing\\Router::toResponse(Object(Illuminate\\Http\\Request), Object(Illuminate\\View\\View))
#9 C:\\laragon-7.0.6\\www\\usetwit\\vendor\\laravel\\framework\\src\\Illuminate\\Routing\\Router.php(807): Illuminate\\Routing\\Router->prepareResponse(Object(Illuminate\\Http\\Request), Object(Illuminate\\View\\View))
#10 C:\\laragon-7.0.6\\www\\usetwit\\vendor\\laravel\\framework\\src\\Illuminate\\Pipeline\\Pipeline.php(170): Illuminate\\Routing\\Router->{closure:Illuminate\\Routing\\Router::runRouteWithinStack():807}(Object(Illuminate\\Http\\Request))
#11 C:\\laragon-7.0.6\\www\\usetwit\\vendor\\laravel\\framework\\src\\Illuminate\\Auth\\Middleware\\Authorize.php(60): Illuminate\\Pipeline\\Pipeline->{closure:Illuminate\\Pipeline\\Pipeline::prepareDestination():168}(Object(Illuminate\\Http\\Request))
#12 C:\\laragon-7.0.6\\www\\usetwit\\vendor\\laravel\\framework\\src\\Illuminate\\Pipeline\\Pipeline.php(209): Illuminate\\Auth\\Middleware\\Authorize->handle(Object(Illuminate\\Http\\Request), Object(Closure), 'update', 'App\\\\Models\\\\Bom')
#13 C:\\laragon-7.0.6\\www\\usetwit\\vendor\\barryvdh\\laravel-debugbar\\src\\Middleware\\InjectDebugbar.php(66): Illuminate\\Pipeline\\Pipeline->{closure:{closure:Illuminate\\Pipeline\\Pipeline::carry():184}:185}(Object(Illuminate\\Http\\Request))
#14 C:\\laragon-7.0.6\\www\\usetwit\\vendor\\laravel\\framework\\src\\Illuminate\\Pipeline\\Pipeline.php(209): Barryvdh\\Debugbar\\Middleware\\InjectDebugbar->handle(Object(Illuminate\\Http\\Request), Object(Closure))
#15 C:\\laragon-7.0.6\\www\\usetwit\\vendor\\laravel\\framework\\src\\Illuminate\\Routing\\Middleware\\SubstituteBindings.php(51): Illuminate\\Pipeline\\Pipeline->{closure:{closure:Illuminate\\Pipeline\\Pipeline::carry():184}:185}(Object(Illuminate\\Http\\Request))
#16 C:\\laragon-7.0.6\\www\\usetwit\\vendor\\laravel\\framework\\src\\Illuminate\\Pipeline\\Pipeline.php(209): Illuminate\\Routing\\Middleware\\SubstituteBindings->handle(Object(Illuminate\\Http\\Request), Object(Closure))
#17 C:\\laragon-7.0.6\\www\\usetwit\\vendor\\laravel\\framework\\src\\Illuminate\\Auth\\Middleware\\Authenticate.php(64): Illuminate\\Pipeline\\Pipeline->{closure:{closure:Illuminate\\Pipeline\\Pipeline::carry():184}:185}(Object(Illuminate\\Http\\Request))
#18 C:\\laragon-7.0.6\\www\\usetwit\\vendor\\laravel\\framework\\src\\Illuminate\\Pipeline\\Pipeline.php(209): Illuminate\\Auth\\Middleware\\Authenticate->handle(Object(Illuminate\\Http\\Request), Object(Closure))
#19 C:\\laragon-7.0.6\\www\\usetwit\\vendor\\laravel\\framework\\src\\Illuminate\\Foundation\\Http\\Middleware\\VerifyCsrfToken.php(88): Illuminate\\Pipeline\\Pipeline->{closure:{closure:Illuminate\\Pipeline\\Pipeline::carry():184}:185}(Object(Illuminate\\Http\\Request))
#20 C:\\laragon-7.0.6\\www\\usetwit\\vendor\\laravel\\framework\\src\\Illuminate\\Pipeline\\Pipeline.php(209): Illuminate\\Foundation\\Http\\Middleware\\VerifyCsrfToken->handle(Object(Illuminate\\Http\\Request), Object(Closure))
#21 C:\\laragon-7.0.6\\www\\usetwit\\vendor\\laravel\\framework\\src\\Illuminate\\View\\Middleware\\ShareErrorsFromSession.php(49): Illuminate\\Pipeline\\Pipeline->{closure:{closure:Illuminate\\Pipeline\\Pipeline::carry():184}:185}(Object(Illuminate\\Http\\Request))
#22 C:\\laragon-7.0.6\\www\\usetwit\\vendor\\laravel\\framework\\src\\Illuminate\\Pipeline\\Pipeline.php(209): Illuminate\\View\\Middleware\\ShareErrorsFromSession->handle(Object(Illuminate\\Http\\Request), Object(Closure))
#23 C:\\laragon-7.0.6\\www\\usetwit\\vendor\\laravel\\framework\\src\\Illuminate\\Session\\Middleware\\StartSession.php(121): Illuminate\\Pipeline\\Pipeline->{closure:{closure:Illuminate\\Pipeline\\Pipeline::carry():184}:185}(Object(Illuminate\\Http\\Request))
#24 C:\\laragon-7.0.6\\www\\usetwit\\vendor\\laravel\\framework\\src\\Illuminate\\Session\\Middleware\\StartSession.php(64): Illuminate\\Session\\Middleware\\StartSession->handleStatefulRequest(Object(Illuminate\\Http\\Request), Object(Illuminate\\Session\\Store), Object(Closure))
#25 C:\\laragon-7.0.6\\www\\usetwit\\vendor\\laravel\\framework\\src\\Illuminate\\Pipeline\\Pipeline.php(209): Illuminate\\Session\\Middleware\\StartSession->handle(Object(Illuminate\\Http\\Request), Object(Closure))
#26 C:\\laragon-7.0.6\\www\\usetwit\\vendor\\laravel\\framework\\src\\Illuminate\\Cookie\\Middleware\\AddQueuedCookiesToResponse.php(37): Illuminate\\Pipeline\\Pipeline->{closure:{closure:Illuminate\\Pipeline\\Pipeline::carry():184}:185}(Object(Illuminate\\Http\\Request))
#27 C:\\laragon-7.0.6\\www\\usetwit\\vendor\\laravel\\framework\\src\\Illuminate\\Pipeline\\Pipeline.php(209): Illuminate\\Cookie\\Middleware\\AddQueuedCookiesToResponse->handle(Object(Illuminate\\Http\\Request), Object(Closure))
#28 C:\\laragon-7.0.6\\www\\usetwit\\vendor\\laravel\\framework\\src\\Illuminate\\Cookie\\Middleware\\EncryptCookies.php(75): Illuminate\\Pipeline\\Pipeline->{closure:{closure:Illuminate\\Pipeline\\Pipeline::carry():184}:185}(Object(Illuminate\\Http\\Request))
#29 C:\\laragon-7.0.6\\www\\usetwit\\vendor\\laravel\\framework\\src\\Illuminate\\Pipeline\\Pipeline.php(209): Illuminate\\Cookie\\Middleware\\EncryptCookies->handle(Object(Illuminate\\Http\\Request), Object(Closure))
#30 C:\\laragon-7.0.6\\www\\usetwit\\vendor\\laravel\\framework\\src\\Illuminate\\Pipeline\\Pipeline.php(127): Illuminate\\Pipeline\\Pipeline->{closure:{closure:Illuminate\\Pipeline\\Pipeline::carry():184}:185}(Object(Illuminate\\Http\\Request))
#31 C:\\laragon-7.0.6\\www\\usetwit\\vendor\\laravel\\framework\\src\\Illuminate\\Routing\\Router.php(807): Illuminate\\Pipeline\\Pipeline->then(Object(Closure))
#32 C:\\laragon-7.0.6\\www\\usetwit\\vendor\\laravel\\framework\\src\\Illuminate\\Routing\\Router.php(786): Illuminate\\Routing\\Router->runRouteWithinStack(Object(Illuminate\\Routing\\Route), Object(Illuminate\\Http\\Request))
#33 C:\\laragon-7.0.6\\www\\usetwit\\vendor\\laravel\\framework\\src\\Illuminate\\Routing\\Router.php(750): Illuminate\\Routing\\Router->runRoute(Object(Illuminate\\Http\\Request), Object(Illuminate\\Routing\\Route))
#34 C:\\laragon-7.0.6\\www\\usetwit\\vendor\\laravel\\framework\\src\\Illuminate\\Routing\\Router.php(739): Illuminate\\Routing\\Router->dispatchToRoute(Object(Illuminate\\Http\\Request))
#35 C:\\laragon-7.0.6\\www\\usetwit\\vendor\\laravel\\framework\\src\\Illuminate\\Foundation\\Http\\Kernel.php(201): Illuminate\\Routing\\Router->dispatch(Object(Illuminate\\Http\\Request))
#36 C:\\laragon-7.0.6\\www\\usetwit\\vendor\\laravel\\framework\\src\\Illuminate\\Pipeline\\Pipeline.php(170): Illuminate\\Foundation\\Http\\Kernel->{closure:Illuminate\\Foundation\\Http\\Kernel::dispatchToRouter():198}(Object(Illuminate\\Http\\Request))
#37 C:\\laragon-7.0.6\\www\\usetwit\\vendor\\barryvdh\\laravel-debugbar\\src\\Middleware\\InjectDebugbar.php(66): Illuminate\\Pipeline\\Pipeline->{closure:Illuminate\\Pipeline\\Pipeline::prepareDestination():168}(Object(Illuminate\\Http\\Request))
#38 C:\\laragon-7.0.6\\www\\usetwit\\vendor\\laravel\\framework\\src\\Illuminate\\Pipeline\\Pipeline.php(209): Barryvdh\\Debugbar\\Middleware\\InjectDebugbar->handle(Object(Illuminate\\Http\\Request), Object(Closure))
#39 C:\\laragon-7.0.6\\www\\usetwit\\vendor\\laravel\\framework\\src\\Illuminate\\Foundation\\Http\\Middleware\\TransformsRequest.php(21): Illuminate\\Pipeline\\Pipeline->{closure:{closure:Illuminate\\Pipeline\\Pipeline::carry():184}:185}(Object(Illuminate\\Http\\Request))
#40 C:\\laragon-7.0.6\\www\\usetwit\\vendor\\laravel\\framework\\src\\Illuminate\\Foundation\\Http\\Middleware\\ConvertEmptyStringsToNull.php(31): Illuminate\\Foundation\\Http\\Middleware\\TransformsRequest->handle(Object(Illuminate\\Http\\Request), Object(Closure))
#41 C:\\laragon-7.0.6\\www\\usetwit\\vendor\\laravel\\framework\\src\\Illuminate\\Pipeline\\Pipeline.php(209): Illuminate\\Foundation\\Http\\Middleware\\ConvertEmptyStringsToNull->handle(Object(Illuminate\\Http\\Request), Object(Closure))
#42 C:\\laragon-7.0.6\\www\\usetwit\\vendor\\laravel\\framework\\src\\Illuminate\\Foundation\\Http\\Middleware\\TransformsRequest.php(21): Illuminate\\Pipeline\\Pipeline->{closure:{closure:Illuminate\\Pipeline\\Pipeline::carry():184}:185}(Object(Illuminate\\Http\\Request))
#43 C:\\laragon-7.0.6\\www\\usetwit\\vendor\\laravel\\framework\\src\\Illuminate\\Foundation\\Http\\Middleware\\TrimStrings.php(51): Illuminate\\Foundation\\Http\\Middleware\\TransformsRequest->handle(Object(Illuminate\\Http\\Request), Object(Closure))
#44 C:\\laragon-7.0.6\\www\\usetwit\\vendor\\laravel\\framework\\src\\Illuminate\\Pipeline\\Pipeline.php(209): Illuminate\\Foundation\\Http\\Middleware\\TrimStrings->handle(Object(Illuminate\\Http\\Request), Object(Closure))
#45 C:\\laragon-7.0.6\\www\\usetwit\\vendor\\laravel\\framework\\src\\Illuminate\\Http\\Middleware\\ValidatePostSize.php(27): Illuminate\\Pipeline\\Pipeline->{closure:{closure:Illuminate\\Pipeline\\Pipeline::carry():184}:185}(Object(Illuminate\\Http\\Request))
#46 C:\\laragon-7.0.6\\www\\usetwit\\vendor\\laravel\\framework\\src\\Illuminate\\Pipeline\\Pipeline.php(209): Illuminate\\Http\\Middleware\\ValidatePostSize->handle(Object(Illuminate\\Http\\Request), Object(Closure))
#47 C:\\laragon-7.0.6\\www\\usetwit\\vendor\\laravel\\framework\\src\\Illuminate\\Foundation\\Http\\Middleware\\PreventRequestsDuringMaintenance.php(110): Illuminate\\Pipeline\\Pipeline->{closure:{closure:Illuminate\\Pipeline\\Pipeline::carry():184}:185}(Object(Illuminate\\Http\\Request))
#48 C:\\laragon-7.0.6\\www\\usetwit\\vendor\\laravel\\framework\\src\\Illuminate\\Pipeline\\Pipeline.php(209): Illuminate\\Foundation\\Http\\Middleware\\PreventRequestsDuringMaintenance->handle(Object(Illuminate\\Http\\Request), Object(Closure))
#49 C:\\laragon-7.0.6\\www\\usetwit\\vendor\\laravel\\framework\\src\\Illuminate\\Http\\Middleware\\HandleCors.php(49): Illuminate\\Pipeline\\Pipeline->{closure:{closure:Illuminate\\Pipeline\\Pipeline::carry():184}:185}(Object(Illuminate\\Http\\Request))
#50 C:\\laragon-7.0.6\\www\\usetwit\\vendor\\laravel\\framework\\src\\Illuminate\\Pipeline\\Pipeline.php(209): Illuminate\\Http\\Middleware\\HandleCors->handle(Object(Illuminate\\Http\\Request), Object(Closure))
#51 C:\\laragon-7.0.6\\www\\usetwit\\vendor\\laravel\\framework\\src\\Illuminate\\Http\\Middleware\\TrustProxies.php(58): Illuminate\\Pipeline\\Pipeline->{closure:{closure:Illuminate\\Pipeline\\Pipeline::carry():184}:185}(Object(Illuminate\\Http\\Request))
#52 C:\\laragon-7.0.6\\www\\usetwit\\vendor\\laravel\\framework\\src\\Illuminate\\Pipeline\\Pipeline.php(209): Illuminate\\Http\\Middleware\\TrustProxies->handle(Object(Illuminate\\Http\\Request), Object(Closure))
#53 C:\\laragon-7.0.6\\www\\usetwit\\vendor\\laravel\\framework\\src\\Illuminate\\Foundation\\Http\\Middleware\\InvokeDeferredCallbacks.php(22): Illuminate\\Pipeline\\Pipeline->{closure:{closure:Illuminate\\Pipeline\\Pipeline::carry():184}:185}(Object(Illuminate\\Http\\Request))
#54 C:\\laragon-7.0.6\\www\\usetwit\\vendor\\laravel\\framework\\src\\Illuminate\\Pipeline\\Pipeline.php(209): Illuminate\\Foundation\\Http\\Middleware\\InvokeDeferredCallbacks->handle(Object(Illuminate\\Http\\Request), Object(Closure))
#55 C:\\laragon-7.0.6\\www\\usetwit\\vendor\\laravel\\framework\\src\\Illuminate\\Http\\Middleware\\ValidatePathEncoding.php(26): Illuminate\\Pipeline\\Pipeline->{closure:{closure:Illuminate\\Pipeline\\Pipeline::carry():184}:185}(Object(Illuminate\\Http\\Request))
#56 C:\\laragon-7.0.6\\www\\usetwit\\vendor\\laravel\\framework\\src\\Illuminate\\Pipeline\\Pipeline.php(209): Illuminate\\Http\\Middleware\\ValidatePathEncoding->handle(Object(Illuminate\\Http\\Request), Object(Closure))
#57 C:\\laragon-7.0.6\\www\\usetwit\\vendor\\laravel\\framework\\src\\Illuminate\\Pipeline\\Pipeline.php(127): Illuminate\\Pipeline\\Pipeline->{closure:{closure:Illuminate\\Pipeline\\Pipeline::carry():184}:185}(Object(Illuminate\\Http\\Request))
#58 C:\\laragon-7.0.6\\www\\usetwit\\vendor\\laravel\\framework\\src\\Illuminate\\Foundation\\Http\\Kernel.php(176): Illuminate\\Pipeline\\Pipeline->then(Object(Closure))
#59 C:\\laragon-7.0.6\\www\\usetwit\\vendor\\laravel\\framework\\src\\Illuminate\\Foundation\\Http\\Kernel.php(145): Illuminate\\Foundation\\Http\\Kernel->sendRequestThroughRouter(Object(Illuminate\\Http\\Request))
#60 C:\\laragon-7.0.6\\www\\usetwit\\vendor\\laravel\\framework\\src\\Illuminate\\Foundation\\Application.php(1220): Illuminate\\Foundation\\Http\\Kernel->handle(Object(Illuminate\\Http\\Request))
#61 C:\\laragon-7.0.6\\www\\usetwit\\public\\index.php(17): Illuminate\\Foundation\\Application->handleRequest(Object(Illuminate\\Http\\Request))
#62 {main}

[previous exception] [object] (TypeError(code: 0): Diglactic\\Breadcrumbs\\ServiceProvider::{closure:C:\\laragon-7.0.6\\www\\usetwit\\routes\\breadcrumbs.php:91}(): Argument #2 ($bom) must be of type App\\Models\\Bom, App\\Models\\BomVersion given, called in C:\\laragon-7.0.6\\www\\usetwit\\vendor\\diglactic\\laravel-breadcrumbs\\src\\Generator.php on line 64 at C:\\laragon-7.0.6\\www\\usetwit\\routes\\breadcrumbs.php:91)
[stacktrace]
#0 C:\\laragon-7.0.6\\www\\usetwit\\vendor\\diglactic\\laravel-breadcrumbs\\src\\Generator.php(64): Diglactic\\Breadcrumbs\\ServiceProvider->{closure:C:\\laragon-7.0.6\\www\\usetwit\\routes\\breadcrumbs.php:91}(Object(Diglactic\\Breadcrumbs\\Generator), Object(App\\Models\\BomVersion))
#1 C:\\laragon-7.0.6\\www\\usetwit\\vendor\\diglactic\\laravel-breadcrumbs\\src\\Generator.php(42): Diglactic\\Breadcrumbs\\Generator->call('admin.bom-opera...', Array)
#2 C:\\laragon-7.0.6\\www\\usetwit\\vendor\\diglactic\\laravel-breadcrumbs\\src\\Manager.php(145): Diglactic\\Breadcrumbs\\Generator->generate(Array, Array, Array, 'admin.bom-opera...', Array)
#3 C:\\laragon-7.0.6\\www\\usetwit\\vendor\\diglactic\\laravel-breadcrumbs\\src\\Manager.php(174): Diglactic\\Breadcrumbs\\Manager->generate('admin.bom-opera...', Object(App\\Models\\BomVersion))
#4 C:\\laragon-7.0.6\\www\\usetwit\\vendor\\diglactic\\laravel-breadcrumbs\\src\\Manager.php(199): Diglactic\\Breadcrumbs\\Manager->view('app/_breadcrumb...', 'admin.bom-opera...', Object(App\\Models\\BomVersion))
#5 C:\\laragon-7.0.6\\www\\usetwit\\vendor\\laravel\\framework\\src\\Illuminate\\Support\\Facades\\Facade.php(361): Diglactic\\Breadcrumbs\\Manager->render('admin.bom-opera...', Object(App\\Models\\BomVersion))
#6 C:\\laragon-7.0.6\\www\\usetwit\\storage\\framework\\views\\c2346c40f1b9975edd7c43018f2ee98f.php(7): Illuminate\\Support\\Facades\\Facade::__callStatic('render', Array)
#7 C:\\laragon-7.0.6\\www\\usetwit\\vendor\\laravel\\framework\\src\\Illuminate\\Filesystem\\Filesystem.php(123): require('C:\\\\laragon-7.0....')
#8 C:\\laragon-7.0.6\\www\\usetwit\\vendor\\laravel\\framework\\src\\Illuminate\\Filesystem\\Filesystem.php(124): Illuminate\\Filesystem\\Filesystem::{closure:Illuminate\\Filesystem\\Filesystem::getRequire():120}()
#9 C:\\laragon-7.0.6\\www\\usetwit\\vendor\\laravel\\framework\\src\\Illuminate\\View\\Engines\\PhpEngine.php(58): Illuminate\\Filesystem\\Filesystem->getRequire('C:\\\\laragon-7.0....', Array)
#10 C:\\laragon-7.0.6\\www\\usetwit\\vendor\\laravel\\framework\\src\\Illuminate\\View\\Engines\\CompilerEngine.php(75): Illuminate\\View\\Engines\\PhpEngine->evaluatePath('C:\\\\laragon-7.0....', Array)
#11 C:\\laragon-7.0.6\\www\\usetwit\\vendor\\laravel\\framework\\src\\Illuminate\\View\\View.php(209): Illuminate\\View\\Engines\\CompilerEngine->get('C:\\\\laragon-7.0....', Array)
#12 C:\\laragon-7.0.6\\www\\usetwit\\vendor\\laravel\\framework\\src\\Illuminate\\View\\View.php(192): Illuminate\\View\\View->getContents()
#13 C:\\laragon-7.0.6\\www\\usetwit\\vendor\\laravel\\framework\\src\\Illuminate\\View\\View.php(161): Illuminate\\View\\View->renderContents()
#14 C:\\laragon-7.0.6\\www\\usetwit\\vendor\\laravel\\framework\\src\\Illuminate\\Http\\Response.php(79): Illuminate\\View\\View->render()
#15 C:\\laragon-7.0.6\\www\\usetwit\\vendor\\laravel\\framework\\src\\Illuminate\\Http\\Response.php(35): Illuminate\\Http\\Response->setContent(Object(Illuminate\\View\\View))
#16 C:\\laragon-7.0.6\\www\\usetwit\\vendor\\laravel\\framework\\src\\Illuminate\\Routing\\Router.php(920): Illuminate\\Http\\Response->__construct(Object(Illuminate\\View\\View), 200, Array)
#17 C:\\laragon-7.0.6\\www\\usetwit\\vendor\\laravel\\framework\\src\\Illuminate\\Routing\\Router.php(887): Illuminate\\Routing\\Router::toResponse(Object(Illuminate\\Http\\Request), Object(Illuminate\\View\\View))
#18 C:\\laragon-7.0.6\\www\\usetwit\\vendor\\laravel\\framework\\src\\Illuminate\\Routing\\Router.php(807): Illuminate\\Routing\\Router->prepareResponse(Object(Illuminate\\Http\\Request), Object(Illuminate\\View\\View))
#19 C:\\laragon-7.0.6\\www\\usetwit\\vendor\\laravel\\framework\\src\\Illuminate\\Pipeline\\Pipeline.php(170): Illuminate\\Routing\\Router->{closure:Illuminate\\Routing\\Router::runRouteWithinStack():807}(Object(Illuminate\\Http\\Request))
#20 C:\\laragon-7.0.6\\www\\usetwit\\vendor\\laravel\\framework\\src\\Illuminate\\Auth\\Middleware\\Authorize.php(60): Illuminate\\Pipeline\\Pipeline->{closure:Illuminate\\Pipeline\\Pipeline::prepareDestination():168}(Object(Illuminate\\Http\\Request))
#21 C:\\laragon-7.0.6\\www\\usetwit\\vendor\\laravel\\framework\\src\\Illuminate\\Pipeline\\Pipeline.php(209): Illuminate\\Auth\\Middleware\\Authorize->handle(Object(Illuminate\\Http\\Request), Object(Closure), 'update', 'App\\\\Models\\\\Bom')
#22 C:\\laragon-7.0.6\\www\\usetwit\\vendor\\barryvdh\\laravel-debugbar\\src\\Middleware\\InjectDebugbar.php(66): Illuminate\\Pipeline\\Pipeline->{closure:{closure:Illuminate\\Pipeline\\Pipeline::carry():184}:185}(Object(Illuminate\\Http\\Request))
#23 C:\\laragon-7.0.6\\www\\usetwit\\vendor\\laravel\\framework\\src\\Illuminate\\Pipeline\\Pipeline.php(209): Barryvdh\\Debugbar\\Middleware\\InjectDebugbar->handle(Object(Illuminate\\Http\\Request), Object(Closure))
#24 C:\\laragon-7.0.6\\www\\usetwit\\vendor\\laravel\\framework\\src\\Illuminate\\Routing\\Middleware\\SubstituteBindings.php(51): Illuminate\\Pipeline\\Pipeline->{closure:{closure:Illuminate\\Pipeline\\Pipeline::carry():184}:185}(Object(Illuminate\\Http\\Request))
#25 C:\\laragon-7.0.6\\www\\usetwit\\vendor\\laravel\\framework\\src\\Illuminate\\Pipeline\\Pipeline.php(209): Illuminate\\Routing\\Middleware\\SubstituteBindings->handle(Object(Illuminate\\Http\\Request), Object(Closure))
#26 C:\\laragon-7.0.6\\www\\usetwit\\vendor\\laravel\\framework\\src\\Illuminate\\Auth\\Middleware\\Authenticate.php(64): Illuminate\\Pipeline\\Pipeline->{closure:{closure:Illuminate\\Pipeline\\Pipeline::carry():184}:185}(Object(Illuminate\\Http\\Request))
#27 C:\\laragon-7.0.6\\www\\usetwit\\vendor\\laravel\\framework\\src\\Illuminate\\Pipeline\\Pipeline.php(209): Illuminate\\Auth\\Middleware\\Authenticate->handle(Object(Illuminate\\Http\\Request), Object(Closure))
#28 C:\\laragon-7.0.6\\www\\usetwit\\vendor\\laravel\\framework\\src\\Illuminate\\Foundation\\Http\\Middleware\\VerifyCsrfToken.php(88): Illuminate\\Pipeline\\Pipeline->{closure:{closure:Illuminate\\Pipeline\\Pipeline::carry():184}:185}(Object(Illuminate\\Http\\Request))
#29 C:\\laragon-7.0.6\\www\\usetwit\\vendor\\laravel\\framework\\src\\Illuminate\\Pipeline\\Pipeline.php(209): Illuminate\\Foundation\\Http\\Middleware\\VerifyCsrfToken->handle(Object(Illuminate\\Http\\Request), Object(Closure))
#30 C:\\laragon-7.0.6\\www\\usetwit\\vendor\\laravel\\framework\\src\\Illuminate\\View\\Middleware\\ShareErrorsFromSession.php(49): Illuminate\\Pipeline\\Pipeline->{closure:{closure:Illuminate\\Pipeline\\Pipeline::carry():184}:185}(Object(Illuminate\\Http\\Request))
#31 C:\\laragon-7.0.6\\www\\usetwit\\vendor\\laravel\\framework\\src\\Illuminate\\Pipeline\\Pipeline.php(209): Illuminate\\View\\Middleware\\ShareErrorsFromSession->handle(Object(Illuminate\\Http\\Request), Object(Closure))
#32 C:\\laragon-7.0.6\\www\\usetwit\\vendor\\laravel\\framework\\src\\Illuminate\\Session\\Middleware\\StartSession.php(121): Illuminate\\Pipeline\\Pipeline->{closure:{closure:Illuminate\\Pipeline\\Pipeline::carry():184}:185}(Object(Illuminate\\Http\\Request))
#33 C:\\laragon-7.0.6\\www\\usetwit\\vendor\\laravel\\framework\\src\\Illuminate\\Session\\Middleware\\StartSession.php(64): Illuminate\\Session\\Middleware\\StartSession->handleStatefulRequest(Object(Illuminate\\Http\\Request), Object(Illuminate\\Session\\Store), Object(Closure))
#34 C:\\laragon-7.0.6\\www\\usetwit\\vendor\\laravel\\framework\\src\\Illuminate\\Pipeline\\Pipeline.php(209): Illuminate\\Session\\Middleware\\StartSession->handle(Object(Illuminate\\Http\\Request), Object(Closure))
#35 C:\\laragon-7.0.6\\www\\usetwit\\vendor\\laravel\\framework\\src\\Illuminate\\Cookie\\Middleware\\AddQueuedCookiesToResponse.php(37): Illuminate\\Pipeline\\Pipeline->{closure:{closure:Illuminate\\Pipeline\\Pipeline::carry():184}:185}(Object(Illuminate\\Http\\Request))
#36 C:\\laragon-7.0.6\\www\\usetwit\\vendor\\laravel\\framework\\src\\Illuminate\\Pipeline\\Pipeline.php(209): Illuminate\\Cookie\\Middleware\\AddQueuedCookiesToResponse->handle(Object(Illuminate\\Http\\Request), Object(Closure))
#37 C:\\laragon-7.0.6\\www\\usetwit\\vendor\\laravel\\framework\\src\\Illuminate\\Cookie\\Middleware\\EncryptCookies.php(75): Illuminate\\Pipeline\\Pipeline->{closure:{closure:Illuminate\\Pipeline\\Pipeline::carry():184}:185}(Object(Illuminate\\Http\\Request))
#38 C:\\laragon-7.0.6\\www\\usetwit\\vendor\\laravel\\framework\\src\\Illuminate\\Pipeline\\Pipeline.php(209): Illuminate\\Cookie\\Middleware\\EncryptCookies->handle(Object(Illuminate\\Http\\Request), Object(Closure))
#39 C:\\laragon-7.0.6\\www\\usetwit\\vendor\\laravel\\framework\\src\\Illuminate\\Pipeline\\Pipeline.php(127): Illuminate\\Pipeline\\Pipeline->{closure:{closure:Illuminate\\Pipeline\\Pipeline::carry():184}:185}(Object(Illuminate\\Http\\Request))
#40 C:\\laragon-7.0.6\\www\\usetwit\\vendor\\laravel\\framework\\src\\Illuminate\\Routing\\Router.php(807): Illuminate\\Pipeline\\Pipeline->then(Object(Closure))
#41 C:\\laragon-7.0.6\\www\\usetwit\\vendor\\laravel\\framework\\src\\Illuminate\\Routing\\Router.php(786): Illuminate\\Routing\\Router->runRouteWithinStack(Object(Illuminate\\Routing\\Route), Object(Illuminate\\Http\\Request))
#42 C:\\laragon-7.0.6\\www\\usetwit\\vendor\\laravel\\framework\\src\\Illuminate\\Routing\\Router.php(750): Illuminate\\Routing\\Router->runRoute(Object(Illuminate\\Http\\Request), Object(Illuminate\\Routing\\Route))
#43 C:\\laragon-7.0.6\\www\\usetwit\\vendor\\laravel\\framework\\src\\Illuminate\\Routing\\Router.php(739): Illuminate\\Routing\\Router->dispatchToRoute(Object(Illuminate\\Http\\Request))
#44 C:\\laragon-7.0.6\\www\\usetwit\\vendor\\laravel\\framework\\src\\Illuminate\\Foundation\\Http\\Kernel.php(201): Illuminate\\Routing\\Router->dispatch(Object(Illuminate\\Http\\Request))
#45 C:\\laragon-7.0.6\\www\\usetwit\\vendor\\laravel\\framework\\src\\Illuminate\\Pipeline\\Pipeline.php(170): Illuminate\\Foundation\\Http\\Kernel->{closure:Illuminate\\Foundation\\Http\\Kernel::dispatchToRouter():198}(Object(Illuminate\\Http\\Request))
#46 C:\\laragon-7.0.6\\www\\usetwit\\vendor\\barryvdh\\laravel-debugbar\\src\\Middleware\\InjectDebugbar.php(66): Illuminate\\Pipeline\\Pipeline->{closure:Illuminate\\Pipeline\\Pipeline::prepareDestination():168}(Object(Illuminate\\Http\\Request))
#47 C:\\laragon-7.0.6\\www\\usetwit\\vendor\\laravel\\framework\\src\\Illuminate\\Pipeline\\Pipeline.php(209): Barryvdh\\Debugbar\\Middleware\\InjectDebugbar->handle(Object(Illuminate\\Http\\Request), Object(Closure))
#48 C:\\laragon-7.0.6\\www\\usetwit\\vendor\\laravel\\framework\\src\\Illuminate\\Foundation\\Http\\Middleware\\TransformsRequest.php(21): Illuminate\\Pipeline\\Pipeline->{closure:{closure:Illuminate\\Pipeline\\Pipeline::carry():184}:185}(Object(Illuminate\\Http\\Request))
#49 C:\\laragon-7.0.6\\www\\usetwit\\vendor\\laravel\\framework\\src\\Illuminate\\Foundation\\Http\\Middleware\\ConvertEmptyStringsToNull.php(31): Illuminate\\Foundation\\Http\\Middleware\\TransformsRequest->handle(Object(Illuminate\\Http\\Request), Object(Closure))
#50 C:\\laragon-7.0.6\\www\\usetwit\\vendor\\laravel\\framework\\src\\Illuminate\\Pipeline\\Pipeline.php(209): Illuminate\\Foundation\\Http\\Middleware\\ConvertEmptyStringsToNull->handle(Object(Illuminate\\Http\\Request), Object(Closure))
#51 C:\\laragon-7.0.6\\www\\usetwit\\vendor\\laravel\\framework\\src\\Illuminate\\Foundation\\Http\\Middleware\\TransformsRequest.php(21): Illuminate\\Pipeline\\Pipeline->{closure:{closure:Illuminate\\Pipeline\\Pipeline::carry():184}:185}(Object(Illuminate\\Http\\Request))
#52 C:\\laragon-7.0.6\\www\\usetwit\\vendor\\laravel\\framework\\src\\Illuminate\\Foundation\\Http\\Middleware\\TrimStrings.php(51): Illuminate\\Foundation\\Http\\Middleware\\TransformsRequest->handle(Object(Illuminate\\Http\\Request), Object(Closure))
#53 C:\\laragon-7.0.6\\www\\usetwit\\vendor\\laravel\\framework\\src\\Illuminate\\Pipeline\\Pipeline.php(209): Illuminate\\Foundation\\Http\\Middleware\\TrimStrings->handle(Object(Illuminate\\Http\\Request), Object(Closure))
#54 C:\\laragon-7.0.6\\www\\usetwit\\vendor\\laravel\\framework\\src\\Illuminate\\Http\\Middleware\\ValidatePostSize.php(27): Illuminate\\Pipeline\\Pipeline->{closure:{closure:Illuminate\\Pipeline\\Pipeline::carry():184}:185}(Object(Illuminate\\Http\\Request))
#55 C:\\laragon-7.0.6\\www\\usetwit\\vendor\\laravel\\framework\\src\\Illuminate\\Pipeline\\Pipeline.php(209): Illuminate\\Http\\Middleware\\ValidatePostSize->handle(Object(Illuminate\\Http\\Request), Object(Closure))
#56 C:\\laragon-7.0.6\\www\\usetwit\\vendor\\laravel\\framework\\src\\Illuminate\\Foundation\\Http\\Middleware\\PreventRequestsDuringMaintenance.php(110): Illuminate\\Pipeline\\Pipeline->{closure:{closure:Illuminate\\Pipeline\\Pipeline::carry():184}:185}(Object(Illuminate\\Http\\Request))
#57 C:\\laragon-7.0.6\\www\\usetwit\\vendor\\laravel\\framework\\src\\Illuminate\\Pipeline\\Pipeline.php(209): Illuminate\\Foundation\\Http\\Middleware\\PreventRequestsDuringMaintenance->handle(Object(Illuminate\\Http\\Request), Object(Closure))
#58 C:\\laragon-7.0.6\\www\\usetwit\\vendor\\laravel\\framework\\src\\Illuminate\\Http\\Middleware\\HandleCors.php(49): Illuminate\\Pipeline\\Pipeline->{closure:{closure:Illuminate\\Pipeline\\Pipeline::carry():184}:185}(Object(Illuminate\\Http\\Request))
#59 C:\\laragon-7.0.6\\www\\usetwit\\vendor\\laravel\\framework\\src\\Illuminate\\Pipeline\\Pipeline.php(209): Illuminate\\Http\\Middleware\\HandleCors->handle(Object(Illuminate\\Http\\Request), Object(Closure))
#60 C:\\laragon-7.0.6\\www\\usetwit\\vendor\\laravel\\framework\\src\\Illuminate\\Http\\Middleware\\TrustProxies.php(58): Illuminate\\Pipeline\\Pipeline->{closure:{closure:Illuminate\\Pipeline\\Pipeline::carry():184}:185}(Object(Illuminate\\Http\\Request))
#61 C:\\laragon-7.0.6\\www\\usetwit\\vendor\\laravel\\framework\\src\\Illuminate\\Pipeline\\Pipeline.php(209): Illuminate\\Http\\Middleware\\TrustProxies->handle(Object(Illuminate\\Http\\Request), Object(Closure))
#62 C:\\laragon-7.0.6\\www\\usetwit\\vendor\\laravel\\framework\\src\\Illuminate\\Foundation\\Http\\Middleware\\InvokeDeferredCallbacks.php(22): Illuminate\\Pipeline\\Pipeline->{closure:{closure:Illuminate\\Pipeline\\Pipeline::carry():184}:185}(Object(Illuminate\\Http\\Request))
#63 C:\\laragon-7.0.6\\www\\usetwit\\vendor\\laravel\\framework\\src\\Illuminate\\Pipeline\\Pipeline.php(209): Illuminate\\Foundation\\Http\\Middleware\\InvokeDeferredCallbacks->handle(Object(Illuminate\\Http\\Request), Object(Closure))
#64 C:\\laragon-7.0.6\\www\\usetwit\\vendor\\laravel\\framework\\src\\Illuminate\\Http\\Middleware\\ValidatePathEncoding.php(26): Illuminate\\Pipeline\\Pipeline->{closure:{closure:Illuminate\\Pipeline\\Pipeline::carry():184}:185}(Object(Illuminate\\Http\\Request))
#65 C:\\laragon-7.0.6\\www\\usetwit\\vendor\\laravel\\framework\\src\\Illuminate\\Pipeline\\Pipeline.php(209): Illuminate\\Http\\Middleware\\ValidatePathEncoding->handle(Object(Illuminate\\Http\\Request), Object(Closure))
#66 C:\\laragon-7.0.6\\www\\usetwit\\vendor\\laravel\\framework\\src\\Illuminate\\Pipeline\\Pipeline.php(127): Illuminate\\Pipeline\\Pipeline->{closure:{closure:Illuminate\\Pipeline\\Pipeline::carry():184}:185}(Object(Illuminate\\Http\\Request))
#67 C:\\laragon-7.0.6\\www\\usetwit\\vendor\\laravel\\framework\\src\\Illuminate\\Foundation\\Http\\Kernel.php(176): Illuminate\\Pipeline\\Pipeline->then(Object(Closure))
#68 C:\\laragon-7.0.6\\www\\usetwit\\vendor\\laravel\\framework\\src\\Illuminate\\Foundation\\Http\\Kernel.php(145): Illuminate\\Foundation\\Http\\Kernel->sendRequestThroughRouter(Object(Illuminate\\Http\\Request))
#69 C:\\laragon-7.0.6\\www\\usetwit\\vendor\\laravel\\framework\\src\\Illuminate\\Foundation\\Application.php(1220): Illuminate\\Foundation\\Http\\Kernel->handle(Object(Illuminate\\Http\\Request))
#70 C:\\laragon-7.0.6\\www\\usetwit\\public\\index.php(17): Illuminate\\Foundation\\Application->handleRequest(Object(Illuminate\\Http\\Request))
#71 {main}
"} 
[2025-03-12 23:33:24] local.ERROR: include(C:\laragon-7.0.6\www\usetwit\vendor\composer/../../app/Policies/BomOperationPolicy.php): Failed to open stream: No such file or directory {"userId":1,"exception":"[object] (ErrorException(code: 0): include(C:\\laragon-7.0.6\\www\\usetwit\\vendor\\composer/../../app/Policies/BomOperationPolicy.php): Failed to open stream: No such file or directory at C:\\laragon-7.0.6\\www\\usetwit\\vendor\\composer\\ClassLoader.php:576)
[stacktrace]
#0 C:\\laragon-7.0.6\\www\\usetwit\\vendor\\laravel\\framework\\src\\Illuminate\\Foundation\\Bootstrap\\HandleExceptions.php(256): Illuminate\\Foundation\\Bootstrap\\HandleExceptions->handleError(2, 'include(C:\\\\lara...', 'C:\\\\laragon-7.0....', 576)
#1 C:\\laragon-7.0.6\\www\\usetwit\\vendor\\composer\\ClassLoader.php(576): Illuminate\\Foundation\\Bootstrap\\HandleExceptions->{closure:Illuminate\\Foundation\\Bootstrap\\HandleExceptions::forwardsTo():255}(2, 'include(C:\\\\lara...', 'C:\\\\laragon-7.0....', 576)
#2 C:\\laragon-7.0.6\\www\\usetwit\\vendor\\composer\\ClassLoader.php(576): include('C:\\\\laragon-7.0....')
#3 C:\\laragon-7.0.6\\www\\usetwit\\vendor\\composer\\ClassLoader.php(427): {closure:Composer\\Autoload\\ClassLoader::initializeIncludeClosure():575}('C:\\\\laragon-7.0....')
#4 [internal function]: Composer\\Autoload\\ClassLoader->loadClass('App\\\\Policies\\\\Bo...')
#5 C:\\laragon-7.0.6\\www\\usetwit\\vendor\\laravel\\framework\\src\\Illuminate\\Auth\\Access\\Gate.php(710): class_exists('App\\\\Policies\\\\Bo...')
#6 C:\\laragon-7.0.6\\www\\usetwit\\vendor\\laravel\\framework\\src\\Illuminate\\Collections\\Arr.php(208): Illuminate\\Auth\\Access\\Gate->{closure:Illuminate\\Auth\\Access\\Gate::guessPolicyName():709}('App\\\\Policies\\\\Bo...', 1)
#7 C:\\laragon-7.0.6\\www\\usetwit\\vendor\\laravel\\framework\\src\\Illuminate\\Collections\\Collection.php(417): Illuminate\\Support\\Arr::first(Array, Object(Closure), NULL)
#8 C:\\laragon-7.0.6\\www\\usetwit\\vendor\\laravel\\framework\\src\\Illuminate\\Auth\\Access\\Gate.php(709): Illuminate\\Support\\Collection->first(Object(Closure))
#9 C:\\laragon-7.0.6\\www\\usetwit\\vendor\\laravel\\framework\\src\\Illuminate\\Auth\\Access\\Gate.php(673): Illuminate\\Auth\\Access\\Gate->guessPolicyName('App\\\\Models\\\\BomO...')
#10 C:\\laragon-7.0.6\\www\\usetwit\\vendor\\laravel\\framework\\src\\Illuminate\\Auth\\Access\\Gate.php(630): Illuminate\\Auth\\Access\\Gate->getPolicyFor('App\\\\Models\\\\BomO...')
#11 C:\\laragon-7.0.6\\www\\usetwit\\vendor\\laravel\\framework\\src\\Illuminate\\Auth\\Access\\Gate.php(551): Illuminate\\Auth\\Access\\Gate->resolveAuthCallback(Object(App\\Models\\User), 'update', Array)
#12 C:\\laragon-7.0.6\\www\\usetwit\\vendor\\laravel\\framework\\src\\Illuminate\\Auth\\Access\\Gate.php(448): Illuminate\\Auth\\Access\\Gate->callAuthCallback(Object(App\\Models\\User), 'update', Array)
#13 C:\\laragon-7.0.6\\www\\usetwit\\vendor\\laravel\\framework\\src\\Illuminate\\Auth\\Access\\Gate.php(411): Illuminate\\Auth\\Access\\Gate->raw('update', Array)
#14 C:\\laragon-7.0.6\\www\\usetwit\\vendor\\laravel\\framework\\src\\Illuminate\\Auth\\Access\\Gate.php(359): Illuminate\\Auth\\Access\\Gate->inspect('update', 'App\\\\Models\\\\BomO...')
#15 C:\\laragon-7.0.6\\www\\usetwit\\vendor\\laravel\\framework\\src\\Illuminate\\Collections\\Traits\\EnumeratesValues.php(298): Illuminate\\Auth\\Access\\Gate->{closure:Illuminate\\Auth\\Access\\Gate::check():359}('update', 0)
#16 C:\\laragon-7.0.6\\www\\usetwit\\vendor\\laravel\\framework\\src\\Illuminate\\Auth\\Access\\Gate.php(358): Illuminate\\Support\\Collection->every(Object(Closure))
#17 C:\\laragon-7.0.6\\www\\usetwit\\vendor\\laravel\\framework\\src\\Illuminate\\Foundation\\Auth\\Access\\Authorizable.php(18): Illuminate\\Auth\\Access\\Gate->check('update', 'App\\\\Models\\\\BomO...')
#18 C:\\laragon-7.0.6\\www\\usetwit\\app\\Http\\Requests\\BomOperationsNetwork\\UpdateRequest.php(19): Illuminate\\Foundation\\Auth\\User->can('update', 'App\\\\Models\\\\BomO...')
#19 C:\\laragon-7.0.6\\www\\usetwit\\vendor\\laravel\\framework\\src\\Illuminate\\Container\\BoundMethod.php(36): App\\Http\\Requests\\BomOperationsNetwork\\UpdateRequest->authorize()
#20 C:\\laragon-7.0.6\\www\\usetwit\\vendor\\laravel\\framework\\src\\Illuminate\\Container\\Util.php(43): Illuminate\\Container\\BoundMethod::{closure:Illuminate\\Container\\BoundMethod::call():35}()
#21 C:\\laragon-7.0.6\\www\\usetwit\\vendor\\laravel\\framework\\src\\Illuminate\\Container\\BoundMethod.php(96): Illuminate\\Container\\Util::unwrapIfClosure(Object(Closure))
#22 C:\\laragon-7.0.6\\www\\usetwit\\vendor\\laravel\\framework\\src\\Illuminate\\Container\\BoundMethod.php(35): Illuminate\\Container\\BoundMethod::callBoundMethod(Object(Illuminate\\Foundation\\Application), Array, Object(Closure))
#23 C:\\laragon-7.0.6\\www\\usetwit\\vendor\\laravel\\framework\\src\\Illuminate\\Container\\Container.php(754): Illuminate\\Container\\BoundMethod::call(Object(Illuminate\\Foundation\\Application), Array, Array, NULL)
#24 C:\\laragon-7.0.6\\www\\usetwit\\vendor\\laravel\\framework\\src\\Illuminate\\Foundation\\Http\\FormRequest.php(203): Illuminate\\Container\\Container->call(Array)
#25 C:\\laragon-7.0.6\\www\\usetwit\\vendor\\laravel\\framework\\src\\Illuminate\\Validation\\ValidatesWhenResolvedTrait.php(21): Illuminate\\Foundation\\Http\\FormRequest->passesAuthorization()
#26 C:\\laragon-7.0.6\\www\\usetwit\\vendor\\laravel\\framework\\src\\Illuminate\\Foundation\\Providers\\FormRequestServiceProvider.php(30): Illuminate\\Foundation\\Http\\FormRequest->validateResolved()
#27 C:\\laragon-7.0.6\\www\\usetwit\\vendor\\laravel\\framework\\src\\Illuminate\\Container\\Container.php(1500): Illuminate\\Foundation\\Providers\\FormRequestServiceProvider->{closure:Illuminate\\Foundation\\Providers\\FormRequestServiceProvider::boot():29}(Object(App\\Http\\Requests\\BomOperationsNetwork\\UpdateRequest), Object(Illuminate\\Foundation\\Application))
#28 C:\\laragon-7.0.6\\www\\usetwit\\vendor\\laravel\\framework\\src\\Illuminate\\Container\\Container.php(1436): Illuminate\\Container\\Container->fireCallbackArray(Object(App\\Http\\Requests\\BomOperationsNetwork\\UpdateRequest), Array)
#29 C:\\laragon-7.0.6\\www\\usetwit\\vendor\\laravel\\framework\\src\\Illuminate\\Container\\Container.php(1422): Illuminate\\Container\\Container->fireAfterResolvingCallbacks('App\\\\Http\\\\Reques...', Object(App\\Http\\Requests\\BomOperationsNetwork\\UpdateRequest))
#30 C:\\laragon-7.0.6\\www\\usetwit\\vendor\\laravel\\framework\\src\\Illuminate\\Container\\Container.php(908): Illuminate\\Container\\Container->fireResolvingCallbacks('App\\\\Http\\\\Reques...', Object(App\\Http\\Requests\\BomOperationsNetwork\\UpdateRequest))
#31 C:\\laragon-7.0.6\\www\\usetwit\\vendor\\laravel\\framework\\src\\Illuminate\\Foundation\\Application.php(1078): Illuminate\\Container\\Container->resolve('App\\\\Http\\\\Reques...', Array, true)
#32 C:\\laragon-7.0.6\\www\\usetwit\\vendor\\laravel\\framework\\src\\Illuminate\\Container\\Container.php(821): Illuminate\\Foundation\\Application->resolve('App\\\\Http\\\\Reques...', Array)
#33 C:\\laragon-7.0.6\\www\\usetwit\\vendor\\laravel\\framework\\src\\Illuminate\\Foundation\\Application.php(1058): Illuminate\\Container\\Container->make('App\\\\Http\\\\Reques...', Array)
#34 C:\\laragon-7.0.6\\www\\usetwit\\vendor\\laravel\\framework\\src\\Illuminate\\Routing\\ResolvesRouteDependencies.php(92): Illuminate\\Foundation\\Application->make('App\\\\Http\\\\Reques...')
#35 C:\\laragon-7.0.6\\www\\usetwit\\vendor\\laravel\\framework\\src\\Illuminate\\Routing\\ResolvesRouteDependencies.php(51): Illuminate\\Routing\\ControllerDispatcher->transformDependency(Object(ReflectionParameter), Array, Object(stdClass))
#36 C:\\laragon-7.0.6\\www\\usetwit\\vendor\\laravel\\framework\\src\\Illuminate\\Routing\\ResolvesRouteDependencies.php(30): Illuminate\\Routing\\ControllerDispatcher->resolveMethodDependencies(Array, Object(ReflectionMethod))
#37 C:\\laragon-7.0.6\\www\\usetwit\\vendor\\laravel\\framework\\src\\Illuminate\\Routing\\ControllerDispatcher.php(60): Illuminate\\Routing\\ControllerDispatcher->resolveClassMethodDependencies(Array, Object(App\\Http\\Controllers\\Admin\\BomOperationsNetworkController), 'update')
#38 C:\\laragon-7.0.6\\www\\usetwit\\vendor\\laravel\\framework\\src\\Illuminate\\Routing\\ControllerDispatcher.php(41): Illuminate\\Routing\\ControllerDispatcher->resolveParameters(Object(Illuminate\\Routing\\Route), Object(App\\Http\\Controllers\\Admin\\BomOperationsNetworkController), 'update')
#39 C:\\laragon-7.0.6\\www\\usetwit\\vendor\\laravel\\framework\\src\\Illuminate\\Routing\\Route.php(266): Illuminate\\Routing\\ControllerDispatcher->dispatch(Object(Illuminate\\Routing\\Route), Object(App\\Http\\Controllers\\Admin\\BomOperationsNetworkController), 'update')
#40 C:\\laragon-7.0.6\\www\\usetwit\\vendor\\laravel\\framework\\src\\Illuminate\\Routing\\Route.php(212): Illuminate\\Routing\\Route->runController()
#41 C:\\laragon-7.0.6\\www\\usetwit\\vendor\\laravel\\framework\\src\\Illuminate\\Routing\\Router.php(808): Illuminate\\Routing\\Route->run()
#42 C:\\laragon-7.0.6\\www\\usetwit\\vendor\\laravel\\framework\\src\\Illuminate\\Pipeline\\Pipeline.php(170): Illuminate\\Routing\\Router->{closure:Illuminate\\Routing\\Router::runRouteWithinStack():807}(Object(Illuminate\\Http\\Request))
#43 C:\\laragon-7.0.6\\www\\usetwit\\vendor\\laravel\\framework\\src\\Illuminate\\Auth\\Middleware\\Authorize.php(60): Illuminate\\Pipeline\\Pipeline->{closure:Illuminate\\Pipeline\\Pipeline::prepareDestination():168}(Object(Illuminate\\Http\\Request))
#44 C:\\laragon-7.0.6\\www\\usetwit\\vendor\\laravel\\framework\\src\\Illuminate\\Pipeline\\Pipeline.php(209): Illuminate\\Auth\\Middleware\\Authorize->handle(Object(Illuminate\\Http\\Request), Object(Closure), 'update', 'App\\\\Models\\\\Bom')
#45 C:\\laragon-7.0.6\\www\\usetwit\\vendor\\barryvdh\\laravel-debugbar\\src\\Middleware\\InjectDebugbar.php(66): Illuminate\\Pipeline\\Pipeline->{closure:{closure:Illuminate\\Pipeline\\Pipeline::carry():184}:185}(Object(Illuminate\\Http\\Request))
#46 C:\\laragon-7.0.6\\www\\usetwit\\vendor\\laravel\\framework\\src\\Illuminate\\Pipeline\\Pipeline.php(209): Barryvdh\\Debugbar\\Middleware\\InjectDebugbar->handle(Object(Illuminate\\Http\\Request), Object(Closure))
#47 C:\\laragon-7.0.6\\www\\usetwit\\vendor\\laravel\\framework\\src\\Illuminate\\Routing\\Middleware\\SubstituteBindings.php(51): Illuminate\\Pipeline\\Pipeline->{closure:{closure:Illuminate\\Pipeline\\Pipeline::carry():184}:185}(Object(Illuminate\\Http\\Request))
#48 C:\\laragon-7.0.6\\www\\usetwit\\vendor\\laravel\\framework\\src\\Illuminate\\Pipeline\\Pipeline.php(209): Illuminate\\Routing\\Middleware\\SubstituteBindings->handle(Object(Illuminate\\Http\\Request), Object(Closure))
#49 C:\\laragon-7.0.6\\www\\usetwit\\vendor\\laravel\\framework\\src\\Illuminate\\Auth\\Middleware\\Authenticate.php(64): Illuminate\\Pipeline\\Pipeline->{closure:{closure:Illuminate\\Pipeline\\Pipeline::carry():184}:185}(Object(Illuminate\\Http\\Request))
#50 C:\\laragon-7.0.6\\www\\usetwit\\vendor\\laravel\\framework\\src\\Illuminate\\Pipeline\\Pipeline.php(209): Illuminate\\Auth\\Middleware\\Authenticate->handle(Object(Illuminate\\Http\\Request), Object(Closure))
#51 C:\\laragon-7.0.6\\www\\usetwit\\vendor\\laravel\\framework\\src\\Illuminate\\Foundation\\Http\\Middleware\\VerifyCsrfToken.php(88): Illuminate\\Pipeline\\Pipeline->{closure:{closure:Illuminate\\Pipeline\\Pipeline::carry():184}:185}(Object(Illuminate\\Http\\Request))
#52 C:\\laragon-7.0.6\\www\\usetwit\\vendor\\laravel\\framework\\src\\Illuminate\\Pipeline\\Pipeline.php(209): Illuminate\\Foundation\\Http\\Middleware\\VerifyCsrfToken->handle(Object(Illuminate\\Http\\Request), Object(Closure))
#53 C:\\laragon-7.0.6\\www\\usetwit\\vendor\\laravel\\framework\\src\\Illuminate\\View\\Middleware\\ShareErrorsFromSession.php(49): Illuminate\\Pipeline\\Pipeline->{closure:{closure:Illuminate\\Pipeline\\Pipeline::carry():184}:185}(Object(Illuminate\\Http\\Request))
#54 C:\\laragon-7.0.6\\www\\usetwit\\vendor\\laravel\\framework\\src\\Illuminate\\Pipeline\\Pipeline.php(209): Illuminate\\View\\Middleware\\ShareErrorsFromSession->handle(Object(Illuminate\\Http\\Request), Object(Closure))
#55 C:\\laragon-7.0.6\\www\\usetwit\\vendor\\laravel\\framework\\src\\Illuminate\\Session\\Middleware\\StartSession.php(121): Illuminate\\Pipeline\\Pipeline->{closure:{closure:Illuminate\\Pipeline\\Pipeline::carry():184}:185}(Object(Illuminate\\Http\\Request))
#56 C:\\laragon-7.0.6\\www\\usetwit\\vendor\\laravel\\framework\\src\\Illuminate\\Session\\Middleware\\StartSession.php(64): Illuminate\\Session\\Middleware\\StartSession->handleStatefulRequest(Object(Illuminate\\Http\\Request), Object(Illuminate\\Session\\Store), Object(Closure))
#57 C:\\laragon-7.0.6\\www\\usetwit\\vendor\\laravel\\framework\\src\\Illuminate\\Pipeline\\Pipeline.php(209): Illuminate\\Session\\Middleware\\StartSession->handle(Object(Illuminate\\Http\\Request), Object(Closure))
#58 C:\\laragon-7.0.6\\www\\usetwit\\vendor\\laravel\\framework\\src\\Illuminate\\Cookie\\Middleware\\AddQueuedCookiesToResponse.php(37): Illuminate\\Pipeline\\Pipeline->{closure:{closure:Illuminate\\Pipeline\\Pipeline::carry():184}:185}(Object(Illuminate\\Http\\Request))
#59 C:\\laragon-7.0.6\\www\\usetwit\\vendor\\laravel\\framework\\src\\Illuminate\\Pipeline\\Pipeline.php(209): Illuminate\\Cookie\\Middleware\\AddQueuedCookiesToResponse->handle(Object(Illuminate\\Http\\Request), Object(Closure))
#60 C:\\laragon-7.0.6\\www\\usetwit\\vendor\\laravel\\framework\\src\\Illuminate\\Cookie\\Middleware\\EncryptCookies.php(75): Illuminate\\Pipeline\\Pipeline->{closure:{closure:Illuminate\\Pipeline\\Pipeline::carry():184}:185}(Object(Illuminate\\Http\\Request))
#61 C:\\laragon-7.0.6\\www\\usetwit\\vendor\\laravel\\framework\\src\\Illuminate\\Pipeline\\Pipeline.php(209): Illuminate\\Cookie\\Middleware\\EncryptCookies->handle(Object(Illuminate\\Http\\Request), Object(Closure))
#62 C:\\laragon-7.0.6\\www\\usetwit\\vendor\\laravel\\framework\\src\\Illuminate\\Pipeline\\Pipeline.php(127): Illuminate\\Pipeline\\Pipeline->{closure:{closure:Illuminate\\Pipeline\\Pipeline::carry():184}:185}(Object(Illuminate\\Http\\Request))
#63 C:\\laragon-7.0.6\\www\\usetwit\\vendor\\laravel\\framework\\src\\Illuminate\\Routing\\Router.php(807): Illuminate\\Pipeline\\Pipeline->then(Object(Closure))
#64 C:\\laragon-7.0.6\\www\\usetwit\\vendor\\laravel\\framework\\src\\Illuminate\\Routing\\Router.php(786): Illuminate\\Routing\\Router->runRouteWithinStack(Object(Illuminate\\Routing\\Route), Object(Illuminate\\Http\\Request))
#65 C:\\laragon-7.0.6\\www\\usetwit\\vendor\\laravel\\framework\\src\\Illuminate\\Routing\\Router.php(750): Illuminate\\Routing\\Router->runRoute(Object(Illuminate\\Http\\Request), Object(Illuminate\\Routing\\Route))
#66 C:\\laragon-7.0.6\\www\\usetwit\\vendor\\laravel\\framework\\src\\Illuminate\\Routing\\Router.php(739): Illuminate\\Routing\\Router->dispatchToRoute(Object(Illuminate\\Http\\Request))
#67 C:\\laragon-7.0.6\\www\\usetwit\\vendor\\laravel\\framework\\src\\Illuminate\\Foundation\\Http\\Kernel.php(201): Illuminate\\Routing\\Router->dispatch(Object(Illuminate\\Http\\Request))
#68 C:\\laragon-7.0.6\\www\\usetwit\\vendor\\laravel\\framework\\src\\Illuminate\\Pipeline\\Pipeline.php(170): Illuminate\\Foundation\\Http\\Kernel->{closure:Illuminate\\Foundation\\Http\\Kernel::dispatchToRouter():198}(Object(Illuminate\\Http\\Request))
#69 C:\\laragon-7.0.6\\www\\usetwit\\vendor\\barryvdh\\laravel-debugbar\\src\\Middleware\\InjectDebugbar.php(66): Illuminate\\Pipeline\\Pipeline->{closure:Illuminate\\Pipeline\\Pipeline::prepareDestination():168}(Object(Illuminate\\Http\\Request))
#70 C:\\laragon-7.0.6\\www\\usetwit\\vendor\\laravel\\framework\\src\\Illuminate\\Pipeline\\Pipeline.php(209): Barryvdh\\Debugbar\\Middleware\\InjectDebugbar->handle(Object(Illuminate\\Http\\Request), Object(Closure))
#71 C:\\laragon-7.0.6\\www\\usetwit\\vendor\\laravel\\framework\\src\\Illuminate\\Foundation\\Http\\Middleware\\TransformsRequest.php(21): Illuminate\\Pipeline\\Pipeline->{closure:{closure:Illuminate\\Pipeline\\Pipeline::carry():184}:185}(Object(Illuminate\\Http\\Request))
#72 C:\\laragon-7.0.6\\www\\usetwit\\vendor\\laravel\\framework\\src\\Illuminate\\Foundation\\Http\\Middleware\\ConvertEmptyStringsToNull.php(31): Illuminate\\Foundation\\Http\\Middleware\\TransformsRequest->handle(Object(Illuminate\\Http\\Request), Object(Closure))
#73 C:\\laragon-7.0.6\\www\\usetwit\\vendor\\laravel\\framework\\src\\Illuminate\\Pipeline\\Pipeline.php(209): Illuminate\\Foundation\\Http\\Middleware\\ConvertEmptyStringsToNull->handle(Object(Illuminate\\Http\\Request), Object(Closure))
#74 C:\\laragon-7.0.6\\www\\usetwit\\vendor\\laravel\\framework\\src\\Illuminate\\Foundation\\Http\\Middleware\\TransformsRequest.php(21): Illuminate\\Pipeline\\Pipeline->{closure:{closure:Illuminate\\Pipeline\\Pipeline::carry():184}:185}(Object(Illuminate\\Http\\Request))
#75 C:\\laragon-7.0.6\\www\\usetwit\\vendor\\laravel\\framework\\src\\Illuminate\\Foundation\\Http\\Middleware\\TrimStrings.php(51): Illuminate\\Foundation\\Http\\Middleware\\TransformsRequest->handle(Object(Illuminate\\Http\\Request), Object(Closure))
#76 C:\\laragon-7.0.6\\www\\usetwit\\vendor\\laravel\\framework\\src\\Illuminate\\Pipeline\\Pipeline.php(209): Illuminate\\Foundation\\Http\\Middleware\\TrimStrings->handle(Object(Illuminate\\Http\\Request), Object(Closure))
#77 C:\\laragon-7.0.6\\www\\usetwit\\vendor\\laravel\\framework\\src\\Illuminate\\Http\\Middleware\\ValidatePostSize.php(27): Illuminate\\Pipeline\\Pipeline->{closure:{closure:Illuminate\\Pipeline\\Pipeline::carry():184}:185}(Object(Illuminate\\Http\\Request))
#78 C:\\laragon-7.0.6\\www\\usetwit\\vendor\\laravel\\framework\\src\\Illuminate\\Pipeline\\Pipeline.php(209): Illuminate\\Http\\Middleware\\ValidatePostSize->handle(Object(Illuminate\\Http\\Request), Object(Closure))
#79 C:\\laragon-7.0.6\\www\\usetwit\\vendor\\laravel\\framework\\src\\Illuminate\\Foundation\\Http\\Middleware\\PreventRequestsDuringMaintenance.php(110): Illuminate\\Pipeline\\Pipeline->{closure:{closure:Illuminate\\Pipeline\\Pipeline::carry():184}:185}(Object(Illuminate\\Http\\Request))
#80 C:\\laragon-7.0.6\\www\\usetwit\\vendor\\laravel\\framework\\src\\Illuminate\\Pipeline\\Pipeline.php(209): Illuminate\\Foundation\\Http\\Middleware\\PreventRequestsDuringMaintenance->handle(Object(Illuminate\\Http\\Request), Object(Closure))
#81 C:\\laragon-7.0.6\\www\\usetwit\\vendor\\laravel\\framework\\src\\Illuminate\\Http\\Middleware\\HandleCors.php(49): Illuminate\\Pipeline\\Pipeline->{closure:{closure:Illuminate\\Pipeline\\Pipeline::carry():184}:185}(Object(Illuminate\\Http\\Request))
#82 C:\\laragon-7.0.6\\www\\usetwit\\vendor\\laravel\\framework\\src\\Illuminate\\Pipeline\\Pipeline.php(209): Illuminate\\Http\\Middleware\\HandleCors->handle(Object(Illuminate\\Http\\Request), Object(Closure))
#83 C:\\laragon-7.0.6\\www\\usetwit\\vendor\\laravel\\framework\\src\\Illuminate\\Http\\Middleware\\TrustProxies.php(58): Illuminate\\Pipeline\\Pipeline->{closure:{closure:Illuminate\\Pipeline\\Pipeline::carry():184}:185}(Object(Illuminate\\Http\\Request))
#84 C:\\laragon-7.0.6\\www\\usetwit\\vendor\\laravel\\framework\\src\\Illuminate\\Pipeline\\Pipeline.php(209): Illuminate\\Http\\Middleware\\TrustProxies->handle(Object(Illuminate\\Http\\Request), Object(Closure))
#85 C:\\laragon-7.0.6\\www\\usetwit\\vendor\\laravel\\framework\\src\\Illuminate\\Foundation\\Http\\Middleware\\InvokeDeferredCallbacks.php(22): Illuminate\\Pipeline\\Pipeline->{closure:{closure:Illuminate\\Pipeline\\Pipeline::carry():184}:185}(Object(Illuminate\\Http\\Request))
#86 C:\\laragon-7.0.6\\www\\usetwit\\vendor\\laravel\\framework\\src\\Illuminate\\Pipeline\\Pipeline.php(209): Illuminate\\Foundation\\Http\\Middleware\\InvokeDeferredCallbacks->handle(Object(Illuminate\\Http\\Request), Object(Closure))
#87 C:\\laragon-7.0.6\\www\\usetwit\\vendor\\laravel\\framework\\src\\Illuminate\\Http\\Middleware\\ValidatePathEncoding.php(26): Illuminate\\Pipeline\\Pipeline->{closure:{closure:Illuminate\\Pipeline\\Pipeline::carry():184}:185}(Object(Illuminate\\Http\\Request))
#88 C:\\laragon-7.0.6\\www\\usetwit\\vendor\\laravel\\framework\\src\\Illuminate\\Pipeline\\Pipeline.php(209): Illuminate\\Http\\Middleware\\ValidatePathEncoding->handle(Object(Illuminate\\Http\\Request), Object(Closure))
#89 C:\\laragon-7.0.6\\www\\usetwit\\vendor\\laravel\\framework\\src\\Illuminate\\Pipeline\\Pipeline.php(127): Illuminate\\Pipeline\\Pipeline->{closure:{closure:Illuminate\\Pipeline\\Pipeline::carry():184}:185}(Object(Illuminate\\Http\\Request))
#90 C:\\laragon-7.0.6\\www\\usetwit\\vendor\\laravel\\framework\\src\\Illuminate\\Foundation\\Http\\Kernel.php(176): Illuminate\\Pipeline\\Pipeline->then(Object(Closure))
#91 C:\\laragon-7.0.6\\www\\usetwit\\vendor\\laravel\\framework\\src\\Illuminate\\Foundation\\Http\\Kernel.php(145): Illuminate\\Foundation\\Http\\Kernel->sendRequestThroughRouter(Object(Illuminate\\Http\\Request))
#92 C:\\laragon-7.0.6\\www\\usetwit\\vendor\\laravel\\framework\\src\\Illuminate\\Foundation\\Application.php(1220): Illuminate\\Foundation\\Http\\Kernel->handle(Object(Illuminate\\Http\\Request))
#93 C:\\laragon-7.0.6\\www\\usetwit\\public\\index.php(17): Illuminate\\Foundation\\Application->handleRequest(Object(Illuminate\\Http\\Request))
#94 {main}
"} 
[2025-03-12 23:33:27] local.ERROR: include(C:\laragon-7.0.6\www\usetwit\vendor\composer/../../app/Policies/BomOperationPolicy.php): Failed to open stream: No such file or directory {"userId":1,"exception":"[object] (ErrorException(code: 0): include(C:\\laragon-7.0.6\\www\\usetwit\\vendor\\composer/../../app/Policies/BomOperationPolicy.php): Failed to open stream: No such file or directory at C:\\laragon-7.0.6\\www\\usetwit\\vendor\\composer\\ClassLoader.php:576)
[stacktrace]
#0 C:\\laragon-7.0.6\\www\\usetwit\\vendor\\laravel\\framework\\src\\Illuminate\\Foundation\\Bootstrap\\HandleExceptions.php(256): Illuminate\\Foundation\\Bootstrap\\HandleExceptions->handleError(2, 'include(C:\\\\lara...', 'C:\\\\laragon-7.0....', 576)
#1 C:\\laragon-7.0.6\\www\\usetwit\\vendor\\composer\\ClassLoader.php(576): Illuminate\\Foundation\\Bootstrap\\HandleExceptions->{closure:Illuminate\\Foundation\\Bootstrap\\HandleExceptions::forwardsTo():255}(2, 'include(C:\\\\lara...', 'C:\\\\laragon-7.0....', 576)
#2 C:\\laragon-7.0.6\\www\\usetwit\\vendor\\composer\\ClassLoader.php(576): include('C:\\\\laragon-7.0....')
#3 C:\\laragon-7.0.6\\www\\usetwit\\vendor\\composer\\ClassLoader.php(427): {closure:Composer\\Autoload\\ClassLoader::initializeIncludeClosure():575}('C:\\\\laragon-7.0....')
#4 [internal function]: Composer\\Autoload\\ClassLoader->loadClass('App\\\\Policies\\\\Bo...')
#5 C:\\laragon-7.0.6\\www\\usetwit\\vendor\\laravel\\framework\\src\\Illuminate\\Auth\\Access\\Gate.php(710): class_exists('App\\\\Policies\\\\Bo...')
#6 C:\\laragon-7.0.6\\www\\usetwit\\vendor\\laravel\\framework\\src\\Illuminate\\Collections\\Arr.php(208): Illuminate\\Auth\\Access\\Gate->{closure:Illuminate\\Auth\\Access\\Gate::guessPolicyName():709}('App\\\\Policies\\\\Bo...', 1)
#7 C:\\laragon-7.0.6\\www\\usetwit\\vendor\\laravel\\framework\\src\\Illuminate\\Collections\\Collection.php(417): Illuminate\\Support\\Arr::first(Array, Object(Closure), NULL)
#8 C:\\laragon-7.0.6\\www\\usetwit\\vendor\\laravel\\framework\\src\\Illuminate\\Auth\\Access\\Gate.php(709): Illuminate\\Support\\Collection->first(Object(Closure))
#9 C:\\laragon-7.0.6\\www\\usetwit\\vendor\\laravel\\framework\\src\\Illuminate\\Auth\\Access\\Gate.php(673): Illuminate\\Auth\\Access\\Gate->guessPolicyName('App\\\\Models\\\\BomO...')
#10 C:\\laragon-7.0.6\\www\\usetwit\\vendor\\laravel\\framework\\src\\Illuminate\\Auth\\Access\\Gate.php(630): Illuminate\\Auth\\Access\\Gate->getPolicyFor('App\\\\Models\\\\BomO...')
#11 C:\\laragon-7.0.6\\www\\usetwit\\vendor\\laravel\\framework\\src\\Illuminate\\Auth\\Access\\Gate.php(551): Illuminate\\Auth\\Access\\Gate->resolveAuthCallback(Object(App\\Models\\User), 'update', Array)
#12 C:\\laragon-7.0.6\\www\\usetwit\\vendor\\laravel\\framework\\src\\Illuminate\\Auth\\Access\\Gate.php(448): Illuminate\\Auth\\Access\\Gate->callAuthCallback(Object(App\\Models\\User), 'update', Array)
#13 C:\\laragon-7.0.6\\www\\usetwit\\vendor\\laravel\\framework\\src\\Illuminate\\Auth\\Access\\Gate.php(411): Illuminate\\Auth\\Access\\Gate->raw('update', Array)
#14 C:\\laragon-7.0.6\\www\\usetwit\\vendor\\laravel\\framework\\src\\Illuminate\\Auth\\Access\\Gate.php(359): Illuminate\\Auth\\Access\\Gate->inspect('update', 'App\\\\Models\\\\BomO...')
#15 C:\\laragon-7.0.6\\www\\usetwit\\vendor\\laravel\\framework\\src\\Illuminate\\Collections\\Traits\\EnumeratesValues.php(298): Illuminate\\Auth\\Access\\Gate->{closure:Illuminate\\Auth\\Access\\Gate::check():359}('update', 0)
#16 C:\\laragon-7.0.6\\www\\usetwit\\vendor\\laravel\\framework\\src\\Illuminate\\Auth\\Access\\Gate.php(358): Illuminate\\Support\\Collection->every(Object(Closure))
#17 C:\\laragon-7.0.6\\www\\usetwit\\vendor\\laravel\\framework\\src\\Illuminate\\Foundation\\Auth\\Access\\Authorizable.php(18): Illuminate\\Auth\\Access\\Gate->check('update', 'App\\\\Models\\\\BomO...')
#18 C:\\laragon-7.0.6\\www\\usetwit\\app\\Http\\Requests\\BomOperationsNetwork\\UpdateRequest.php(19): Illuminate\\Foundation\\Auth\\User->can('update', 'App\\\\Models\\\\BomO...')
#19 C:\\laragon-7.0.6\\www\\usetwit\\vendor\\laravel\\framework\\src\\Illuminate\\Container\\BoundMethod.php(36): App\\Http\\Requests\\BomOperationsNetwork\\UpdateRequest->authorize()
#20 C:\\laragon-7.0.6\\www\\usetwit\\vendor\\laravel\\framework\\src\\Illuminate\\Container\\Util.php(43): Illuminate\\Container\\BoundMethod::{closure:Illuminate\\Container\\BoundMethod::call():35}()
#21 C:\\laragon-7.0.6\\www\\usetwit\\vendor\\laravel\\framework\\src\\Illuminate\\Container\\BoundMethod.php(96): Illuminate\\Container\\Util::unwrapIfClosure(Object(Closure))
#22 C:\\laragon-7.0.6\\www\\usetwit\\vendor\\laravel\\framework\\src\\Illuminate\\Container\\BoundMethod.php(35): Illuminate\\Container\\BoundMethod::callBoundMethod(Object(Illuminate\\Foundation\\Application), Array, Object(Closure))
#23 C:\\laragon-7.0.6\\www\\usetwit\\vendor\\laravel\\framework\\src\\Illuminate\\Container\\Container.php(754): Illuminate\\Container\\BoundMethod::call(Object(Illuminate\\Foundation\\Application), Array, Array, NULL)
#24 C:\\laragon-7.0.6\\www\\usetwit\\vendor\\laravel\\framework\\src\\Illuminate\\Foundation\\Http\\FormRequest.php(203): Illuminate\\Container\\Container->call(Array)
#25 C:\\laragon-7.0.6\\www\\usetwit\\vendor\\laravel\\framework\\src\\Illuminate\\Validation\\ValidatesWhenResolvedTrait.php(21): Illuminate\\Foundation\\Http\\FormRequest->passesAuthorization()
#26 C:\\laragon-7.0.6\\www\\usetwit\\vendor\\laravel\\framework\\src\\Illuminate\\Foundation\\Providers\\FormRequestServiceProvider.php(30): Illuminate\\Foundation\\Http\\FormRequest->validateResolved()
#27 C:\\laragon-7.0.6\\www\\usetwit\\vendor\\laravel\\framework\\src\\Illuminate\\Container\\Container.php(1500): Illuminate\\Foundation\\Providers\\FormRequestServiceProvider->{closure:Illuminate\\Foundation\\Providers\\FormRequestServiceProvider::boot():29}(Object(App\\Http\\Requests\\BomOperationsNetwork\\UpdateRequest), Object(Illuminate\\Foundation\\Application))
#28 C:\\laragon-7.0.6\\www\\usetwit\\vendor\\laravel\\framework\\src\\Illuminate\\Container\\Container.php(1436): Illuminate\\Container\\Container->fireCallbackArray(Object(App\\Http\\Requests\\BomOperationsNetwork\\UpdateRequest), Array)
#29 C:\\laragon-7.0.6\\www\\usetwit\\vendor\\laravel\\framework\\src\\Illuminate\\Container\\Container.php(1422): Illuminate\\Container\\Container->fireAfterResolvingCallbacks('App\\\\Http\\\\Reques...', Object(App\\Http\\Requests\\BomOperationsNetwork\\UpdateRequest))
#30 C:\\laragon-7.0.6\\www\\usetwit\\vendor\\laravel\\framework\\src\\Illuminate\\Container\\Container.php(908): Illuminate\\Container\\Container->fireResolvingCallbacks('App\\\\Http\\\\Reques...', Object(App\\Http\\Requests\\BomOperationsNetwork\\UpdateRequest))
#31 C:\\laragon-7.0.6\\www\\usetwit\\vendor\\laravel\\framework\\src\\Illuminate\\Foundation\\Application.php(1078): Illuminate\\Container\\Container->resolve('App\\\\Http\\\\Reques...', Array, true)
#32 C:\\laragon-7.0.6\\www\\usetwit\\vendor\\laravel\\framework\\src\\Illuminate\\Container\\Container.php(821): Illuminate\\Foundation\\Application->resolve('App\\\\Http\\\\Reques...', Array)
#33 C:\\laragon-7.0.6\\www\\usetwit\\vendor\\laravel\\framework\\src\\Illuminate\\Foundation\\Application.php(1058): Illuminate\\Container\\Container->make('App\\\\Http\\\\Reques...', Array)
#34 C:\\laragon-7.0.6\\www\\usetwit\\vendor\\laravel\\framework\\src\\Illuminate\\Routing\\ResolvesRouteDependencies.php(92): Illuminate\\Foundation\\Application->make('App\\\\Http\\\\Reques...')
#35 C:\\laragon-7.0.6\\www\\usetwit\\vendor\\laravel\\framework\\src\\Illuminate\\Routing\\ResolvesRouteDependencies.php(51): Illuminate\\Routing\\ControllerDispatcher->transformDependency(Object(ReflectionParameter), Array, Object(stdClass))
#36 C:\\laragon-7.0.6\\www\\usetwit\\vendor\\laravel\\framework\\src\\Illuminate\\Routing\\ResolvesRouteDependencies.php(30): Illuminate\\Routing\\ControllerDispatcher->resolveMethodDependencies(Array, Object(ReflectionMethod))
#37 C:\\laragon-7.0.6\\www\\usetwit\\vendor\\laravel\\framework\\src\\Illuminate\\Routing\\ControllerDispatcher.php(60): Illuminate\\Routing\\ControllerDispatcher->resolveClassMethodDependencies(Array, Object(App\\Http\\Controllers\\Admin\\BomOperationsNetworkController), 'update')
#38 C:\\laragon-7.0.6\\www\\usetwit\\vendor\\laravel\\framework\\src\\Illuminate\\Routing\\ControllerDispatcher.php(41): Illuminate\\Routing\\ControllerDispatcher->resolveParameters(Object(Illuminate\\Routing\\Route), Object(App\\Http\\Controllers\\Admin\\BomOperationsNetworkController), 'update')
#39 C:\\laragon-7.0.6\\www\\usetwit\\vendor\\laravel\\framework\\src\\Illuminate\\Routing\\Route.php(266): Illuminate\\Routing\\ControllerDispatcher->dispatch(Object(Illuminate\\Routing\\Route), Object(App\\Http\\Controllers\\Admin\\BomOperationsNetworkController), 'update')
#40 C:\\laragon-7.0.6\\www\\usetwit\\vendor\\laravel\\framework\\src\\Illuminate\\Routing\\Route.php(212): Illuminate\\Routing\\Route->runController()
#41 C:\\laragon-7.0.6\\www\\usetwit\\vendor\\laravel\\framework\\src\\Illuminate\\Routing\\Router.php(808): Illuminate\\Routing\\Route->run()
#42 C:\\laragon-7.0.6\\www\\usetwit\\vendor\\laravel\\framework\\src\\Illuminate\\Pipeline\\Pipeline.php(170): Illuminate\\Routing\\Router->{closure:Illuminate\\Routing\\Router::runRouteWithinStack():807}(Object(Illuminate\\Http\\Request))
#43 C:\\laragon-7.0.6\\www\\usetwit\\vendor\\laravel\\framework\\src\\Illuminate\\Auth\\Middleware\\Authorize.php(60): Illuminate\\Pipeline\\Pipeline->{closure:Illuminate\\Pipeline\\Pipeline::prepareDestination():168}(Object(Illuminate\\Http\\Request))
#44 C:\\laragon-7.0.6\\www\\usetwit\\vendor\\laravel\\framework\\src\\Illuminate\\Pipeline\\Pipeline.php(209): Illuminate\\Auth\\Middleware\\Authorize->handle(Object(Illuminate\\Http\\Request), Object(Closure), 'update', 'App\\\\Models\\\\Bom')
#45 C:\\laragon-7.0.6\\www\\usetwit\\vendor\\barryvdh\\laravel-debugbar\\src\\Middleware\\InjectDebugbar.php(66): Illuminate\\Pipeline\\Pipeline->{closure:{closure:Illuminate\\Pipeline\\Pipeline::carry():184}:185}(Object(Illuminate\\Http\\Request))
#46 C:\\laragon-7.0.6\\www\\usetwit\\vendor\\laravel\\framework\\src\\Illuminate\\Pipeline\\Pipeline.php(209): Barryvdh\\Debugbar\\Middleware\\InjectDebugbar->handle(Object(Illuminate\\Http\\Request), Object(Closure))
#47 C:\\laragon-7.0.6\\www\\usetwit\\vendor\\laravel\\framework\\src\\Illuminate\\Routing\\Middleware\\SubstituteBindings.php(51): Illuminate\\Pipeline\\Pipeline->{closure:{closure:Illuminate\\Pipeline\\Pipeline::carry():184}:185}(Object(Illuminate\\Http\\Request))
#48 C:\\laragon-7.0.6\\www\\usetwit\\vendor\\laravel\\framework\\src\\Illuminate\\Pipeline\\Pipeline.php(209): Illuminate\\Routing\\Middleware\\SubstituteBindings->handle(Object(Illuminate\\Http\\Request), Object(Closure))
#49 C:\\laragon-7.0.6\\www\\usetwit\\vendor\\laravel\\framework\\src\\Illuminate\\Auth\\Middleware\\Authenticate.php(64): Illuminate\\Pipeline\\Pipeline->{closure:{closure:Illuminate\\Pipeline\\Pipeline::carry():184}:185}(Object(Illuminate\\Http\\Request))
#50 C:\\laragon-7.0.6\\www\\usetwit\\vendor\\laravel\\framework\\src\\Illuminate\\Pipeline\\Pipeline.php(209): Illuminate\\Auth\\Middleware\\Authenticate->handle(Object(Illuminate\\Http\\Request), Object(Closure))
#51 C:\\laragon-7.0.6\\www\\usetwit\\vendor\\laravel\\framework\\src\\Illuminate\\Foundation\\Http\\Middleware\\VerifyCsrfToken.php(88): Illuminate\\Pipeline\\Pipeline->{closure:{closure:Illuminate\\Pipeline\\Pipeline::carry():184}:185}(Object(Illuminate\\Http\\Request))
#52 C:\\laragon-7.0.6\\www\\usetwit\\vendor\\laravel\\framework\\src\\Illuminate\\Pipeline\\Pipeline.php(209): Illuminate\\Foundation\\Http\\Middleware\\VerifyCsrfToken->handle(Object(Illuminate\\Http\\Request), Object(Closure))
#53 C:\\laragon-7.0.6\\www\\usetwit\\vendor\\laravel\\framework\\src\\Illuminate\\View\\Middleware\\ShareErrorsFromSession.php(49): Illuminate\\Pipeline\\Pipeline->{closure:{closure:Illuminate\\Pipeline\\Pipeline::carry():184}:185}(Object(Illuminate\\Http\\Request))
#54 C:\\laragon-7.0.6\\www\\usetwit\\vendor\\laravel\\framework\\src\\Illuminate\\Pipeline\\Pipeline.php(209): Illuminate\\View\\Middleware\\ShareErrorsFromSession->handle(Object(Illuminate\\Http\\Request), Object(Closure))
#55 C:\\laragon-7.0.6\\www\\usetwit\\vendor\\laravel\\framework\\src\\Illuminate\\Session\\Middleware\\StartSession.php(121): Illuminate\\Pipeline\\Pipeline->{closure:{closure:Illuminate\\Pipeline\\Pipeline::carry():184}:185}(Object(Illuminate\\Http\\Request))
#56 C:\\laragon-7.0.6\\www\\usetwit\\vendor\\laravel\\framework\\src\\Illuminate\\Session\\Middleware\\StartSession.php(64): Illuminate\\Session\\Middleware\\StartSession->handleStatefulRequest(Object(Illuminate\\Http\\Request), Object(Illuminate\\Session\\Store), Object(Closure))
#57 C:\\laragon-7.0.6\\www\\usetwit\\vendor\\laravel\\framework\\src\\Illuminate\\Pipeline\\Pipeline.php(209): Illuminate\\Session\\Middleware\\StartSession->handle(Object(Illuminate\\Http\\Request), Object(Closure))
#58 C:\\laragon-7.0.6\\www\\usetwit\\vendor\\laravel\\framework\\src\\Illuminate\\Cookie\\Middleware\\AddQueuedCookiesToResponse.php(37): Illuminate\\Pipeline\\Pipeline->{closure:{closure:Illuminate\\Pipeline\\Pipeline::carry():184}:185}(Object(Illuminate\\Http\\Request))
#59 C:\\laragon-7.0.6\\www\\usetwit\\vendor\\laravel\\framework\\src\\Illuminate\\Pipeline\\Pipeline.php(209): Illuminate\\Cookie\\Middleware\\AddQueuedCookiesToResponse->handle(Object(Illuminate\\Http\\Request), Object(Closure))
#60 C:\\laragon-7.0.6\\www\\usetwit\\vendor\\laravel\\framework\\src\\Illuminate\\Cookie\\Middleware\\EncryptCookies.php(75): Illuminate\\Pipeline\\Pipeline->{closure:{closure:Illuminate\\Pipeline\\Pipeline::carry():184}:185}(Object(Illuminate\\Http\\Request))
#61 C:\\laragon-7.0.6\\www\\usetwit\\vendor\\laravel\\framework\\src\\Illuminate\\Pipeline\\Pipeline.php(209): Illuminate\\Cookie\\Middleware\\EncryptCookies->handle(Object(Illuminate\\Http\\Request), Object(Closure))
#62 C:\\laragon-7.0.6\\www\\usetwit\\vendor\\laravel\\framework\\src\\Illuminate\\Pipeline\\Pipeline.php(127): Illuminate\\Pipeline\\Pipeline->{closure:{closure:Illuminate\\Pipeline\\Pipeline::carry():184}:185}(Object(Illuminate\\Http\\Request))
#63 C:\\laragon-7.0.6\\www\\usetwit\\vendor\\laravel\\framework\\src\\Illuminate\\Routing\\Router.php(807): Illuminate\\Pipeline\\Pipeline->then(Object(Closure))
#64 C:\\laragon-7.0.6\\www\\usetwit\\vendor\\laravel\\framework\\src\\Illuminate\\Routing\\Router.php(786): Illuminate\\Routing\\Router->runRouteWithinStack(Object(Illuminate\\Routing\\Route), Object(Illuminate\\Http\\Request))
#65 C:\\laragon-7.0.6\\www\\usetwit\\vendor\\laravel\\framework\\src\\Illuminate\\Routing\\Router.php(750): Illuminate\\Routing\\Router->runRoute(Object(Illuminate\\Http\\Request), Object(Illuminate\\Routing\\Route))
#66 C:\\laragon-7.0.6\\www\\usetwit\\vendor\\laravel\\framework\\src\\Illuminate\\Routing\\Router.php(739): Illuminate\\Routing\\Router->dispatchToRoute(Object(Illuminate\\Http\\Request))
#67 C:\\laragon-7.0.6\\www\\usetwit\\vendor\\laravel\\framework\\src\\Illuminate\\Foundation\\Http\\Kernel.php(201): Illuminate\\Routing\\Router->dispatch(Object(Illuminate\\Http\\Request))
#68 C:\\laragon-7.0.6\\www\\usetwit\\vendor\\laravel\\framework\\src\\Illuminate\\Pipeline\\Pipeline.php(170): Illuminate\\Foundation\\Http\\Kernel->{closure:Illuminate\\Foundation\\Http\\Kernel::dispatchToRouter():198}(Object(Illuminate\\Http\\Request))
#69 C:\\laragon-7.0.6\\www\\usetwit\\vendor\\barryvdh\\laravel-debugbar\\src\\Middleware\\InjectDebugbar.php(66): Illuminate\\Pipeline\\Pipeline->{closure:Illuminate\\Pipeline\\Pipeline::prepareDestination():168}(Object(Illuminate\\Http\\Request))
#70 C:\\laragon-7.0.6\\www\\usetwit\\vendor\\laravel\\framework\\src\\Illuminate\\Pipeline\\Pipeline.php(209): Barryvdh\\Debugbar\\Middleware\\InjectDebugbar->handle(Object(Illuminate\\Http\\Request), Object(Closure))
#71 C:\\laragon-7.0.6\\www\\usetwit\\vendor\\laravel\\framework\\src\\Illuminate\\Foundation\\Http\\Middleware\\TransformsRequest.php(21): Illuminate\\Pipeline\\Pipeline->{closure:{closure:Illuminate\\Pipeline\\Pipeline::carry():184}:185}(Object(Illuminate\\Http\\Request))
#72 C:\\laragon-7.0.6\\www\\usetwit\\vendor\\laravel\\framework\\src\\Illuminate\\Foundation\\Http\\Middleware\\ConvertEmptyStringsToNull.php(31): Illuminate\\Foundation\\Http\\Middleware\\TransformsRequest->handle(Object(Illuminate\\Http\\Request), Object(Closure))
#73 C:\\laragon-7.0.6\\www\\usetwit\\vendor\\laravel\\framework\\src\\Illuminate\\Pipeline\\Pipeline.php(209): Illuminate\\Foundation\\Http\\Middleware\\ConvertEmptyStringsToNull->handle(Object(Illuminate\\Http\\Request), Object(Closure))
#74 C:\\laragon-7.0.6\\www\\usetwit\\vendor\\laravel\\framework\\src\\Illuminate\\Foundation\\Http\\Middleware\\TransformsRequest.php(21): Illuminate\\Pipeline\\Pipeline->{closure:{closure:Illuminate\\Pipeline\\Pipeline::carry():184}:185}(Object(Illuminate\\Http\\Request))
#75 C:\\laragon-7.0.6\\www\\usetwit\\vendor\\laravel\\framework\\src\\Illuminate\\Foundation\\Http\\Middleware\\TrimStrings.php(51): Illuminate\\Foundation\\Http\\Middleware\\TransformsRequest->handle(Object(Illuminate\\Http\\Request), Object(Closure))
#76 C:\\laragon-7.0.6\\www\\usetwit\\vendor\\laravel\\framework\\src\\Illuminate\\Pipeline\\Pipeline.php(209): Illuminate\\Foundation\\Http\\Middleware\\TrimStrings->handle(Object(Illuminate\\Http\\Request), Object(Closure))
#77 C:\\laragon-7.0.6\\www\\usetwit\\vendor\\laravel\\framework\\src\\Illuminate\\Http\\Middleware\\ValidatePostSize.php(27): Illuminate\\Pipeline\\Pipeline->{closure:{closure:Illuminate\\Pipeline\\Pipeline::carry():184}:185}(Object(Illuminate\\Http\\Request))
#78 C:\\laragon-7.0.6\\www\\usetwit\\vendor\\laravel\\framework\\src\\Illuminate\\Pipeline\\Pipeline.php(209): Illuminate\\Http\\Middleware\\ValidatePostSize->handle(Object(Illuminate\\Http\\Request), Object(Closure))
#79 C:\\laragon-7.0.6\\www\\usetwit\\vendor\\laravel\\framework\\src\\Illuminate\\Foundation\\Http\\Middleware\\PreventRequestsDuringMaintenance.php(110): Illuminate\\Pipeline\\Pipeline->{closure:{closure:Illuminate\\Pipeline\\Pipeline::carry():184}:185}(Object(Illuminate\\Http\\Request))
#80 C:\\laragon-7.0.6\\www\\usetwit\\vendor\\laravel\\framework\\src\\Illuminate\\Pipeline\\Pipeline.php(209): Illuminate\\Foundation\\Http\\Middleware\\PreventRequestsDuringMaintenance->handle(Object(Illuminate\\Http\\Request), Object(Closure))
#81 C:\\laragon-7.0.6\\www\\usetwit\\vendor\\laravel\\framework\\src\\Illuminate\\Http\\Middleware\\HandleCors.php(49): Illuminate\\Pipeline\\Pipeline->{closure:{closure:Illuminate\\Pipeline\\Pipeline::carry():184}:185}(Object(Illuminate\\Http\\Request))
#82 C:\\laragon-7.0.6\\www\\usetwit\\vendor\\laravel\\framework\\src\\Illuminate\\Pipeline\\Pipeline.php(209): Illuminate\\Http\\Middleware\\HandleCors->handle(Object(Illuminate\\Http\\Request), Object(Closure))
#83 C:\\laragon-7.0.6\\www\\usetwit\\vendor\\laravel\\framework\\src\\Illuminate\\Http\\Middleware\\TrustProxies.php(58): Illuminate\\Pipeline\\Pipeline->{closure:{closure:Illuminate\\Pipeline\\Pipeline::carry():184}:185}(Object(Illuminate\\Http\\Request))
#84 C:\\laragon-7.0.6\\www\\usetwit\\vendor\\laravel\\framework\\src\\Illuminate\\Pipeline\\Pipeline.php(209): Illuminate\\Http\\Middleware\\TrustProxies->handle(Object(Illuminate\\Http\\Request), Object(Closure))
#85 C:\\laragon-7.0.6\\www\\usetwit\\vendor\\laravel\\framework\\src\\Illuminate\\Foundation\\Http\\Middleware\\InvokeDeferredCallbacks.php(22): Illuminate\\Pipeline\\Pipeline->{closure:{closure:Illuminate\\Pipeline\\Pipeline::carry():184}:185}(Object(Illuminate\\Http\\Request))
#86 C:\\laragon-7.0.6\\www\\usetwit\\vendor\\laravel\\framework\\src\\Illuminate\\Pipeline\\Pipeline.php(209): Illuminate\\Foundation\\Http\\Middleware\\InvokeDeferredCallbacks->handle(Object(Illuminate\\Http\\Request), Object(Closure))
#87 C:\\laragon-7.0.6\\www\\usetwit\\vendor\\laravel\\framework\\src\\Illuminate\\Http\\Middleware\\ValidatePathEncoding.php(26): Illuminate\\Pipeline\\Pipeline->{closure:{closure:Illuminate\\Pipeline\\Pipeline::carry():184}:185}(Object(Illuminate\\Http\\Request))
#88 C:\\laragon-7.0.6\\www\\usetwit\\vendor\\laravel\\framework\\src\\Illuminate\\Pipeline\\Pipeline.php(209): Illuminate\\Http\\Middleware\\ValidatePathEncoding->handle(Object(Illuminate\\Http\\Request), Object(Closure))
#89 C:\\laragon-7.0.6\\www\\usetwit\\vendor\\laravel\\framework\\src\\Illuminate\\Pipeline\\Pipeline.php(127): Illuminate\\Pipeline\\Pipeline->{closure:{closure:Illuminate\\Pipeline\\Pipeline::carry():184}:185}(Object(Illuminate\\Http\\Request))
#90 C:\\laragon-7.0.6\\www\\usetwit\\vendor\\laravel\\framework\\src\\Illuminate\\Foundation\\Http\\Kernel.php(176): Illuminate\\Pipeline\\Pipeline->then(Object(Closure))
#91 C:\\laragon-7.0.6\\www\\usetwit\\vendor\\laravel\\framework\\src\\Illuminate\\Foundation\\Http\\Kernel.php(145): Illuminate\\Foundation\\Http\\Kernel->sendRequestThroughRouter(Object(Illuminate\\Http\\Request))
#92 C:\\laragon-7.0.6\\www\\usetwit\\vendor\\laravel\\framework\\src\\Illuminate\\Foundation\\Application.php(1220): Illuminate\\Foundation\\Http\\Kernel->handle(Object(Illuminate\\Http\\Request))
#93 C:\\laragon-7.0.6\\www\\usetwit\\public\\index.php(17): Illuminate\\Foundation\\Application->handleRequest(Object(Illuminate\\Http\\Request))
#94 {main}
"} 
[2025-03-12 23:34:18] local.ERROR: include(C:\laragon-7.0.6\www\usetwit\vendor\composer/../../app/Policies/BomOperationPolicy.php): Failed to open stream: No such file or directory {"userId":1,"exception":"[object] (ErrorException(code: 0): include(C:\\laragon-7.0.6\\www\\usetwit\\vendor\\composer/../../app/Policies/BomOperationPolicy.php): Failed to open stream: No such file or directory at C:\\laragon-7.0.6\\www\\usetwit\\vendor\\composer\\ClassLoader.php:576)
[stacktrace]
#0 C:\\laragon-7.0.6\\www\\usetwit\\vendor\\laravel\\framework\\src\\Illuminate\\Foundation\\Bootstrap\\HandleExceptions.php(256): Illuminate\\Foundation\\Bootstrap\\HandleExceptions->handleError(2, 'include(C:\\\\lara...', 'C:\\\\laragon-7.0....', 576)
#1 C:\\laragon-7.0.6\\www\\usetwit\\vendor\\composer\\ClassLoader.php(576): Illuminate\\Foundation\\Bootstrap\\HandleExceptions->{closure:Illuminate\\Foundation\\Bootstrap\\HandleExceptions::forwardsTo():255}(2, 'include(C:\\\\lara...', 'C:\\\\laragon-7.0....', 576)
#2 C:\\laragon-7.0.6\\www\\usetwit\\vendor\\composer\\ClassLoader.php(576): include('C:\\\\laragon-7.0....')
#3 C:\\laragon-7.0.6\\www\\usetwit\\vendor\\composer\\ClassLoader.php(427): {closure:Composer\\Autoload\\ClassLoader::initializeIncludeClosure():575}('C:\\\\laragon-7.0....')
#4 [internal function]: Composer\\Autoload\\ClassLoader->loadClass('App\\\\Policies\\\\Bo...')
#5 C:\\laragon-7.0.6\\www\\usetwit\\vendor\\laravel\\framework\\src\\Illuminate\\Auth\\Access\\Gate.php(710): class_exists('App\\\\Policies\\\\Bo...')
#6 C:\\laragon-7.0.6\\www\\usetwit\\vendor\\laravel\\framework\\src\\Illuminate\\Collections\\Arr.php(208): Illuminate\\Auth\\Access\\Gate->{closure:Illuminate\\Auth\\Access\\Gate::guessPolicyName():709}('App\\\\Policies\\\\Bo...', 1)
#7 C:\\laragon-7.0.6\\www\\usetwit\\vendor\\laravel\\framework\\src\\Illuminate\\Collections\\Collection.php(417): Illuminate\\Support\\Arr::first(Array, Object(Closure), NULL)
#8 C:\\laragon-7.0.6\\www\\usetwit\\vendor\\laravel\\framework\\src\\Illuminate\\Auth\\Access\\Gate.php(709): Illuminate\\Support\\Collection->first(Object(Closure))
#9 C:\\laragon-7.0.6\\www\\usetwit\\vendor\\laravel\\framework\\src\\Illuminate\\Auth\\Access\\Gate.php(673): Illuminate\\Auth\\Access\\Gate->guessPolicyName('App\\\\Models\\\\BomO...')
#10 C:\\laragon-7.0.6\\www\\usetwit\\vendor\\laravel\\framework\\src\\Illuminate\\Auth\\Access\\Gate.php(630): Illuminate\\Auth\\Access\\Gate->getPolicyFor('App\\\\Models\\\\BomO...')
#11 C:\\laragon-7.0.6\\www\\usetwit\\vendor\\laravel\\framework\\src\\Illuminate\\Auth\\Access\\Gate.php(551): Illuminate\\Auth\\Access\\Gate->resolveAuthCallback(Object(App\\Models\\User), 'update', Array)
#12 C:\\laragon-7.0.6\\www\\usetwit\\vendor\\laravel\\framework\\src\\Illuminate\\Auth\\Access\\Gate.php(448): Illuminate\\Auth\\Access\\Gate->callAuthCallback(Object(App\\Models\\User), 'update', Array)
#13 C:\\laragon-7.0.6\\www\\usetwit\\vendor\\laravel\\framework\\src\\Illuminate\\Auth\\Access\\Gate.php(411): Illuminate\\Auth\\Access\\Gate->raw('update', Array)
#14 C:\\laragon-7.0.6\\www\\usetwit\\vendor\\laravel\\framework\\src\\Illuminate\\Auth\\Access\\Gate.php(359): Illuminate\\Auth\\Access\\Gate->inspect('update', 'App\\\\Models\\\\BomO...')
#15 C:\\laragon-7.0.6\\www\\usetwit\\vendor\\laravel\\framework\\src\\Illuminate\\Collections\\Traits\\EnumeratesValues.php(298): Illuminate\\Auth\\Access\\Gate->{closure:Illuminate\\Auth\\Access\\Gate::check():359}('update', 0)
#16 C:\\laragon-7.0.6\\www\\usetwit\\vendor\\laravel\\framework\\src\\Illuminate\\Auth\\Access\\Gate.php(358): Illuminate\\Support\\Collection->every(Object(Closure))
#17 C:\\laragon-7.0.6\\www\\usetwit\\vendor\\laravel\\framework\\src\\Illuminate\\Foundation\\Auth\\Access\\Authorizable.php(18): Illuminate\\Auth\\Access\\Gate->check('update', 'App\\\\Models\\\\BomO...')
#18 C:\\laragon-7.0.6\\www\\usetwit\\app\\Http\\Requests\\BomOperationsNetwork\\UpdateRequest.php(19): Illuminate\\Foundation\\Auth\\User->can('update', 'App\\\\Models\\\\BomO...')
#19 C:\\laragon-7.0.6\\www\\usetwit\\vendor\\laravel\\framework\\src\\Illuminate\\Container\\BoundMethod.php(36): App\\Http\\Requests\\BomOperationsNetwork\\UpdateRequest->authorize()
#20 C:\\laragon-7.0.6\\www\\usetwit\\vendor\\laravel\\framework\\src\\Illuminate\\Container\\Util.php(43): Illuminate\\Container\\BoundMethod::{closure:Illuminate\\Container\\BoundMethod::call():35}()
#21 C:\\laragon-7.0.6\\www\\usetwit\\vendor\\laravel\\framework\\src\\Illuminate\\Container\\BoundMethod.php(96): Illuminate\\Container\\Util::unwrapIfClosure(Object(Closure))
#22 C:\\laragon-7.0.6\\www\\usetwit\\vendor\\laravel\\framework\\src\\Illuminate\\Container\\BoundMethod.php(35): Illuminate\\Container\\BoundMethod::callBoundMethod(Object(Illuminate\\Foundation\\Application), Array, Object(Closure))
#23 C:\\laragon-7.0.6\\www\\usetwit\\vendor\\laravel\\framework\\src\\Illuminate\\Container\\Container.php(754): Illuminate\\Container\\BoundMethod::call(Object(Illuminate\\Foundation\\Application), Array, Array, NULL)
#24 C:\\laragon-7.0.6\\www\\usetwit\\vendor\\laravel\\framework\\src\\Illuminate\\Foundation\\Http\\FormRequest.php(203): Illuminate\\Container\\Container->call(Array)
#25 C:\\laragon-7.0.6\\www\\usetwit\\vendor\\laravel\\framework\\src\\Illuminate\\Validation\\ValidatesWhenResolvedTrait.php(21): Illuminate\\Foundation\\Http\\FormRequest->passesAuthorization()
#26 C:\\laragon-7.0.6\\www\\usetwit\\vendor\\laravel\\framework\\src\\Illuminate\\Foundation\\Providers\\FormRequestServiceProvider.php(30): Illuminate\\Foundation\\Http\\FormRequest->validateResolved()
#27 C:\\laragon-7.0.6\\www\\usetwit\\vendor\\laravel\\framework\\src\\Illuminate\\Container\\Container.php(1500): Illuminate\\Foundation\\Providers\\FormRequestServiceProvider->{closure:Illuminate\\Foundation\\Providers\\FormRequestServiceProvider::boot():29}(Object(App\\Http\\Requests\\BomOperationsNetwork\\UpdateRequest), Object(Illuminate\\Foundation\\Application))
#28 C:\\laragon-7.0.6\\www\\usetwit\\vendor\\laravel\\framework\\src\\Illuminate\\Container\\Container.php(1436): Illuminate\\Container\\Container->fireCallbackArray(Object(App\\Http\\Requests\\BomOperationsNetwork\\UpdateRequest), Array)
#29 C:\\laragon-7.0.6\\www\\usetwit\\vendor\\laravel\\framework\\src\\Illuminate\\Container\\Container.php(1422): Illuminate\\Container\\Container->fireAfterResolvingCallbacks('App\\\\Http\\\\Reques...', Object(App\\Http\\Requests\\BomOperationsNetwork\\UpdateRequest))
#30 C:\\laragon-7.0.6\\www\\usetwit\\vendor\\laravel\\framework\\src\\Illuminate\\Container\\Container.php(908): Illuminate\\Container\\Container->fireResolvingCallbacks('App\\\\Http\\\\Reques...', Object(App\\Http\\Requests\\BomOperationsNetwork\\UpdateRequest))
#31 C:\\laragon-7.0.6\\www\\usetwit\\vendor\\laravel\\framework\\src\\Illuminate\\Foundation\\Application.php(1078): Illuminate\\Container\\Container->resolve('App\\\\Http\\\\Reques...', Array, true)
#32 C:\\laragon-7.0.6\\www\\usetwit\\vendor\\laravel\\framework\\src\\Illuminate\\Container\\Container.php(821): Illuminate\\Foundation\\Application->resolve('App\\\\Http\\\\Reques...', Array)
#33 C:\\laragon-7.0.6\\www\\usetwit\\vendor\\laravel\\framework\\src\\Illuminate\\Foundation\\Application.php(1058): Illuminate\\Container\\Container->make('App\\\\Http\\\\Reques...', Array)
#34 C:\\laragon-7.0.6\\www\\usetwit\\vendor\\laravel\\framework\\src\\Illuminate\\Routing\\ResolvesRouteDependencies.php(92): Illuminate\\Foundation\\Application->make('App\\\\Http\\\\Reques...')
#35 C:\\laragon-7.0.6\\www\\usetwit\\vendor\\laravel\\framework\\src\\Illuminate\\Routing\\ResolvesRouteDependencies.php(51): Illuminate\\Routing\\ControllerDispatcher->transformDependency(Object(ReflectionParameter), Array, Object(stdClass))
#36 C:\\laragon-7.0.6\\www\\usetwit\\vendor\\laravel\\framework\\src\\Illuminate\\Routing\\ResolvesRouteDependencies.php(30): Illuminate\\Routing\\ControllerDispatcher->resolveMethodDependencies(Array, Object(ReflectionMethod))
#37 C:\\laragon-7.0.6\\www\\usetwit\\vendor\\laravel\\framework\\src\\Illuminate\\Routing\\ControllerDispatcher.php(60): Illuminate\\Routing\\ControllerDispatcher->resolveClassMethodDependencies(Array, Object(App\\Http\\Controllers\\Admin\\BomOperationsNetworkController), 'update')
#38 C:\\laragon-7.0.6\\www\\usetwit\\vendor\\laravel\\framework\\src\\Illuminate\\Routing\\ControllerDispatcher.php(41): Illuminate\\Routing\\ControllerDispatcher->resolveParameters(Object(Illuminate\\Routing\\Route), Object(App\\Http\\Controllers\\Admin\\BomOperationsNetworkController), 'update')
#39 C:\\laragon-7.0.6\\www\\usetwit\\vendor\\laravel\\framework\\src\\Illuminate\\Routing\\Route.php(266): Illuminate\\Routing\\ControllerDispatcher->dispatch(Object(Illuminate\\Routing\\Route), Object(App\\Http\\Controllers\\Admin\\BomOperationsNetworkController), 'update')
#40 C:\\laragon-7.0.6\\www\\usetwit\\vendor\\laravel\\framework\\src\\Illuminate\\Routing\\Route.php(212): Illuminate\\Routing\\Route->runController()
#41 C:\\laragon-7.0.6\\www\\usetwit\\vendor\\laravel\\framework\\src\\Illuminate\\Routing\\Router.php(808): Illuminate\\Routing\\Route->run()
#42 C:\\laragon-7.0.6\\www\\usetwit\\vendor\\laravel\\framework\\src\\Illuminate\\Pipeline\\Pipeline.php(170): Illuminate\\Routing\\Router->{closure:Illuminate\\Routing\\Router::runRouteWithinStack():807}(Object(Illuminate\\Http\\Request))
#43 C:\\laragon-7.0.6\\www\\usetwit\\vendor\\laravel\\framework\\src\\Illuminate\\Auth\\Middleware\\Authorize.php(60): Illuminate\\Pipeline\\Pipeline->{closure:Illuminate\\Pipeline\\Pipeline::prepareDestination():168}(Object(Illuminate\\Http\\Request))
#44 C:\\laragon-7.0.6\\www\\usetwit\\vendor\\laravel\\framework\\src\\Illuminate\\Pipeline\\Pipeline.php(209): Illuminate\\Auth\\Middleware\\Authorize->handle(Object(Illuminate\\Http\\Request), Object(Closure), 'update', 'App\\\\Models\\\\Bom')
#45 C:\\laragon-7.0.6\\www\\usetwit\\vendor\\barryvdh\\laravel-debugbar\\src\\Middleware\\InjectDebugbar.php(66): Illuminate\\Pipeline\\Pipeline->{closure:{closure:Illuminate\\Pipeline\\Pipeline::carry():184}:185}(Object(Illuminate\\Http\\Request))
#46 C:\\laragon-7.0.6\\www\\usetwit\\vendor\\laravel\\framework\\src\\Illuminate\\Pipeline\\Pipeline.php(209): Barryvdh\\Debugbar\\Middleware\\InjectDebugbar->handle(Object(Illuminate\\Http\\Request), Object(Closure))
#47 C:\\laragon-7.0.6\\www\\usetwit\\vendor\\laravel\\framework\\src\\Illuminate\\Routing\\Middleware\\SubstituteBindings.php(51): Illuminate\\Pipeline\\Pipeline->{closure:{closure:Illuminate\\Pipeline\\Pipeline::carry():184}:185}(Object(Illuminate\\Http\\Request))
#48 C:\\laragon-7.0.6\\www\\usetwit\\vendor\\laravel\\framework\\src\\Illuminate\\Pipeline\\Pipeline.php(209): Illuminate\\Routing\\Middleware\\SubstituteBindings->handle(Object(Illuminate\\Http\\Request), Object(Closure))
#49 C:\\laragon-7.0.6\\www\\usetwit\\vendor\\laravel\\framework\\src\\Illuminate\\Auth\\Middleware\\Authenticate.php(64): Illuminate\\Pipeline\\Pipeline->{closure:{closure:Illuminate\\Pipeline\\Pipeline::carry():184}:185}(Object(Illuminate\\Http\\Request))
#50 C:\\laragon-7.0.6\\www\\usetwit\\vendor\\laravel\\framework\\src\\Illuminate\\Pipeline\\Pipeline.php(209): Illuminate\\Auth\\Middleware\\Authenticate->handle(Object(Illuminate\\Http\\Request), Object(Closure))
#51 C:\\laragon-7.0.6\\www\\usetwit\\vendor\\laravel\\framework\\src\\Illuminate\\Foundation\\Http\\Middleware\\VerifyCsrfToken.php(88): Illuminate\\Pipeline\\Pipeline->{closure:{closure:Illuminate\\Pipeline\\Pipeline::carry():184}:185}(Object(Illuminate\\Http\\Request))
#52 C:\\laragon-7.0.6\\www\\usetwit\\vendor\\laravel\\framework\\src\\Illuminate\\Pipeline\\Pipeline.php(209): Illuminate\\Foundation\\Http\\Middleware\\VerifyCsrfToken->handle(Object(Illuminate\\Http\\Request), Object(Closure))
#53 C:\\laragon-7.0.6\\www\\usetwit\\vendor\\laravel\\framework\\src\\Illuminate\\View\\Middleware\\ShareErrorsFromSession.php(49): Illuminate\\Pipeline\\Pipeline->{closure:{closure:Illuminate\\Pipeline\\Pipeline::carry():184}:185}(Object(Illuminate\\Http\\Request))
#54 C:\\laragon-7.0.6\\www\\usetwit\\vendor\\laravel\\framework\\src\\Illuminate\\Pipeline\\Pipeline.php(209): Illuminate\\View\\Middleware\\ShareErrorsFromSession->handle(Object(Illuminate\\Http\\Request), Object(Closure))
#55 C:\\laragon-7.0.6\\www\\usetwit\\vendor\\laravel\\framework\\src\\Illuminate\\Session\\Middleware\\StartSession.php(121): Illuminate\\Pipeline\\Pipeline->{closure:{closure:Illuminate\\Pipeline\\Pipeline::carry():184}:185}(Object(Illuminate\\Http\\Request))
#56 C:\\laragon-7.0.6\\www\\usetwit\\vendor\\laravel\\framework\\src\\Illuminate\\Session\\Middleware\\StartSession.php(64): Illuminate\\Session\\Middleware\\StartSession->handleStatefulRequest(Object(Illuminate\\Http\\Request), Object(Illuminate\\Session\\Store), Object(Closure))
#57 C:\\laragon-7.0.6\\www\\usetwit\\vendor\\laravel\\framework\\src\\Illuminate\\Pipeline\\Pipeline.php(209): Illuminate\\Session\\Middleware\\StartSession->handle(Object(Illuminate\\Http\\Request), Object(Closure))
#58 C:\\laragon-7.0.6\\www\\usetwit\\vendor\\laravel\\framework\\src\\Illuminate\\Cookie\\Middleware\\AddQueuedCookiesToResponse.php(37): Illuminate\\Pipeline\\Pipeline->{closure:{closure:Illuminate\\Pipeline\\Pipeline::carry():184}:185}(Object(Illuminate\\Http\\Request))
#59 C:\\laragon-7.0.6\\www\\usetwit\\vendor\\laravel\\framework\\src\\Illuminate\\Pipeline\\Pipeline.php(209): Illuminate\\Cookie\\Middleware\\AddQueuedCookiesToResponse->handle(Object(Illuminate\\Http\\Request), Object(Closure))
#60 C:\\laragon-7.0.6\\www\\usetwit\\vendor\\laravel\\framework\\src\\Illuminate\\Cookie\\Middleware\\EncryptCookies.php(75): Illuminate\\Pipeline\\Pipeline->{closure:{closure:Illuminate\\Pipeline\\Pipeline::carry():184}:185}(Object(Illuminate\\Http\\Request))
#61 C:\\laragon-7.0.6\\www\\usetwit\\vendor\\laravel\\framework\\src\\Illuminate\\Pipeline\\Pipeline.php(209): Illuminate\\Cookie\\Middleware\\EncryptCookies->handle(Object(Illuminate\\Http\\Request), Object(Closure))
#62 C:\\laragon-7.0.6\\www\\usetwit\\vendor\\laravel\\framework\\src\\Illuminate\\Pipeline\\Pipeline.php(127): Illuminate\\Pipeline\\Pipeline->{closure:{closure:Illuminate\\Pipeline\\Pipeline::carry():184}:185}(Object(Illuminate\\Http\\Request))
#63 C:\\laragon-7.0.6\\www\\usetwit\\vendor\\laravel\\framework\\src\\Illuminate\\Routing\\Router.php(807): Illuminate\\Pipeline\\Pipeline->then(Object(Closure))
#64 C:\\laragon-7.0.6\\www\\usetwit\\vendor\\laravel\\framework\\src\\Illuminate\\Routing\\Router.php(786): Illuminate\\Routing\\Router->runRouteWithinStack(Object(Illuminate\\Routing\\Route), Object(Illuminate\\Http\\Request))
#65 C:\\laragon-7.0.6\\www\\usetwit\\vendor\\laravel\\framework\\src\\Illuminate\\Routing\\Router.php(750): Illuminate\\Routing\\Router->runRoute(Object(Illuminate\\Http\\Request), Object(Illuminate\\Routing\\Route))
#66 C:\\laragon-7.0.6\\www\\usetwit\\vendor\\laravel\\framework\\src\\Illuminate\\Routing\\Router.php(739): Illuminate\\Routing\\Router->dispatchToRoute(Object(Illuminate\\Http\\Request))
#67 C:\\laragon-7.0.6\\www\\usetwit\\vendor\\laravel\\framework\\src\\Illuminate\\Foundation\\Http\\Kernel.php(201): Illuminate\\Routing\\Router->dispatch(Object(Illuminate\\Http\\Request))
#68 C:\\laragon-7.0.6\\www\\usetwit\\vendor\\laravel\\framework\\src\\Illuminate\\Pipeline\\Pipeline.php(170): Illuminate\\Foundation\\Http\\Kernel->{closure:Illuminate\\Foundation\\Http\\Kernel::dispatchToRouter():198}(Object(Illuminate\\Http\\Request))
#69 C:\\laragon-7.0.6\\www\\usetwit\\vendor\\barryvdh\\laravel-debugbar\\src\\Middleware\\InjectDebugbar.php(66): Illuminate\\Pipeline\\Pipeline->{closure:Illuminate\\Pipeline\\Pipeline::prepareDestination():168}(Object(Illuminate\\Http\\Request))
#70 C:\\laragon-7.0.6\\www\\usetwit\\vendor\\laravel\\framework\\src\\Illuminate\\Pipeline\\Pipeline.php(209): Barryvdh\\Debugbar\\Middleware\\InjectDebugbar->handle(Object(Illuminate\\Http\\Request), Object(Closure))
#71 C:\\laragon-7.0.6\\www\\usetwit\\vendor\\laravel\\framework\\src\\Illuminate\\Foundation\\Http\\Middleware\\TransformsRequest.php(21): Illuminate\\Pipeline\\Pipeline->{closure:{closure:Illuminate\\Pipeline\\Pipeline::carry():184}:185}(Object(Illuminate\\Http\\Request))
#72 C:\\laragon-7.0.6\\www\\usetwit\\vendor\\laravel\\framework\\src\\Illuminate\\Foundation\\Http\\Middleware\\ConvertEmptyStringsToNull.php(31): Illuminate\\Foundation\\Http\\Middleware\\TransformsRequest->handle(Object(Illuminate\\Http\\Request), Object(Closure))
#73 C:\\laragon-7.0.6\\www\\usetwit\\vendor\\laravel\\framework\\src\\Illuminate\\Pipeline\\Pipeline.php(209): Illuminate\\Foundation\\Http\\Middleware\\ConvertEmptyStringsToNull->handle(Object(Illuminate\\Http\\Request), Object(Closure))
#74 C:\\laragon-7.0.6\\www\\usetwit\\vendor\\laravel\\framework\\src\\Illuminate\\Foundation\\Http\\Middleware\\TransformsRequest.php(21): Illuminate\\Pipeline\\Pipeline->{closure:{closure:Illuminate\\Pipeline\\Pipeline::carry():184}:185}(Object(Illuminate\\Http\\Request))
#75 C:\\laragon-7.0.6\\www\\usetwit\\vendor\\laravel\\framework\\src\\Illuminate\\Foundation\\Http\\Middleware\\TrimStrings.php(51): Illuminate\\Foundation\\Http\\Middleware\\TransformsRequest->handle(Object(Illuminate\\Http\\Request), Object(Closure))
#76 C:\\laragon-7.0.6\\www\\usetwit\\vendor\\laravel\\framework\\src\\Illuminate\\Pipeline\\Pipeline.php(209): Illuminate\\Foundation\\Http\\Middleware\\TrimStrings->handle(Object(Illuminate\\Http\\Request), Object(Closure))
#77 C:\\laragon-7.0.6\\www\\usetwit\\vendor\\laravel\\framework\\src\\Illuminate\\Http\\Middleware\\ValidatePostSize.php(27): Illuminate\\Pipeline\\Pipeline->{closure:{closure:Illuminate\\Pipeline\\Pipeline::carry():184}:185}(Object(Illuminate\\Http\\Request))
#78 C:\\laragon-7.0.6\\www\\usetwit\\vendor\\laravel\\framework\\src\\Illuminate\\Pipeline\\Pipeline.php(209): Illuminate\\Http\\Middleware\\ValidatePostSize->handle(Object(Illuminate\\Http\\Request), Object(Closure))
#79 C:\\laragon-7.0.6\\www\\usetwit\\vendor\\laravel\\framework\\src\\Illuminate\\Foundation\\Http\\Middleware\\PreventRequestsDuringMaintenance.php(110): Illuminate\\Pipeline\\Pipeline->{closure:{closure:Illuminate\\Pipeline\\Pipeline::carry():184}:185}(Object(Illuminate\\Http\\Request))
#80 C:\\laragon-7.0.6\\www\\usetwit\\vendor\\laravel\\framework\\src\\Illuminate\\Pipeline\\Pipeline.php(209): Illuminate\\Foundation\\Http\\Middleware\\PreventRequestsDuringMaintenance->handle(Object(Illuminate\\Http\\Request), Object(Closure))
#81 C:\\laragon-7.0.6\\www\\usetwit\\vendor\\laravel\\framework\\src\\Illuminate\\Http\\Middleware\\HandleCors.php(49): Illuminate\\Pipeline\\Pipeline->{closure:{closure:Illuminate\\Pipeline\\Pipeline::carry():184}:185}(Object(Illuminate\\Http\\Request))
#82 C:\\laragon-7.0.6\\www\\usetwit\\vendor\\laravel\\framework\\src\\Illuminate\\Pipeline\\Pipeline.php(209): Illuminate\\Http\\Middleware\\HandleCors->handle(Object(Illuminate\\Http\\Request), Object(Closure))
#83 C:\\laragon-7.0.6\\www\\usetwit\\vendor\\laravel\\framework\\src\\Illuminate\\Http\\Middleware\\TrustProxies.php(58): Illuminate\\Pipeline\\Pipeline->{closure:{closure:Illuminate\\Pipeline\\Pipeline::carry():184}:185}(Object(Illuminate\\Http\\Request))
#84 C:\\laragon-7.0.6\\www\\usetwit\\vendor\\laravel\\framework\\src\\Illuminate\\Pipeline\\Pipeline.php(209): Illuminate\\Http\\Middleware\\TrustProxies->handle(Object(Illuminate\\Http\\Request), Object(Closure))
#85 C:\\laragon-7.0.6\\www\\usetwit\\vendor\\laravel\\framework\\src\\Illuminate\\Foundation\\Http\\Middleware\\InvokeDeferredCallbacks.php(22): Illuminate\\Pipeline\\Pipeline->{closure:{closure:Illuminate\\Pipeline\\Pipeline::carry():184}:185}(Object(Illuminate\\Http\\Request))
#86 C:\\laragon-7.0.6\\www\\usetwit\\vendor\\laravel\\framework\\src\\Illuminate\\Pipeline\\Pipeline.php(209): Illuminate\\Foundation\\Http\\Middleware\\InvokeDeferredCallbacks->handle(Object(Illuminate\\Http\\Request), Object(Closure))
#87 C:\\laragon-7.0.6\\www\\usetwit\\vendor\\laravel\\framework\\src\\Illuminate\\Http\\Middleware\\ValidatePathEncoding.php(26): Illuminate\\Pipeline\\Pipeline->{closure:{closure:Illuminate\\Pipeline\\Pipeline::carry():184}:185}(Object(Illuminate\\Http\\Request))
#88 C:\\laragon-7.0.6\\www\\usetwit\\vendor\\laravel\\framework\\src\\Illuminate\\Pipeline\\Pipeline.php(209): Illuminate\\Http\\Middleware\\ValidatePathEncoding->handle(Object(Illuminate\\Http\\Request), Object(Closure))
#89 C:\\laragon-7.0.6\\www\\usetwit\\vendor\\laravel\\framework\\src\\Illuminate\\Pipeline\\Pipeline.php(127): Illuminate\\Pipeline\\Pipeline->{closure:{closure:Illuminate\\Pipeline\\Pipeline::carry():184}:185}(Object(Illuminate\\Http\\Request))
#90 C:\\laragon-7.0.6\\www\\usetwit\\vendor\\laravel\\framework\\src\\Illuminate\\Foundation\\Http\\Kernel.php(176): Illuminate\\Pipeline\\Pipeline->then(Object(Closure))
#91 C:\\laragon-7.0.6\\www\\usetwit\\vendor\\laravel\\framework\\src\\Illuminate\\Foundation\\Http\\Kernel.php(145): Illuminate\\Foundation\\Http\\Kernel->sendRequestThroughRouter(Object(Illuminate\\Http\\Request))
#92 C:\\laragon-7.0.6\\www\\usetwit\\vendor\\laravel\\framework\\src\\Illuminate\\Foundation\\Application.php(1220): Illuminate\\Foundation\\Http\\Kernel->handle(Object(Illuminate\\Http\\Request))
#93 C:\\laragon-7.0.6\\www\\usetwit\\public\\index.php(17): Illuminate\\Foundation\\Application->handleRequest(Object(Illuminate\\Http\\Request))
#94 {main}
"} 
[2025-03-12 23:34:25] local.ERROR: include(C:\laragon-7.0.6\www\usetwit\vendor\composer/../../app/Policies/BomOperationPolicy.php): Failed to open stream: No such file or directory {"userId":1,"exception":"[object] (ErrorException(code: 0): include(C:\\laragon-7.0.6\\www\\usetwit\\vendor\\composer/../../app/Policies/BomOperationPolicy.php): Failed to open stream: No such file or directory at C:\\laragon-7.0.6\\www\\usetwit\\vendor\\composer\\ClassLoader.php:576)
[stacktrace]
#0 C:\\laragon-7.0.6\\www\\usetwit\\vendor\\laravel\\framework\\src\\Illuminate\\Foundation\\Bootstrap\\HandleExceptions.php(256): Illuminate\\Foundation\\Bootstrap\\HandleExceptions->handleError(2, 'include(C:\\\\lara...', 'C:\\\\laragon-7.0....', 576)
#1 C:\\laragon-7.0.6\\www\\usetwit\\vendor\\composer\\ClassLoader.php(576): Illuminate\\Foundation\\Bootstrap\\HandleExceptions->{closure:Illuminate\\Foundation\\Bootstrap\\HandleExceptions::forwardsTo():255}(2, 'include(C:\\\\lara...', 'C:\\\\laragon-7.0....', 576)
#2 C:\\laragon-7.0.6\\www\\usetwit\\vendor\\composer\\ClassLoader.php(576): include('C:\\\\laragon-7.0....')
#3 C:\\laragon-7.0.6\\www\\usetwit\\vendor\\composer\\ClassLoader.php(427): {closure:Composer\\Autoload\\ClassLoader::initializeIncludeClosure():575}('C:\\\\laragon-7.0....')
#4 [internal function]: Composer\\Autoload\\ClassLoader->loadClass('App\\\\Policies\\\\Bo...')
#5 C:\\laragon-7.0.6\\www\\usetwit\\vendor\\laravel\\framework\\src\\Illuminate\\Auth\\Access\\Gate.php(710): class_exists('App\\\\Policies\\\\Bo...')
#6 C:\\laragon-7.0.6\\www\\usetwit\\vendor\\laravel\\framework\\src\\Illuminate\\Collections\\Arr.php(208): Illuminate\\Auth\\Access\\Gate->{closure:Illuminate\\Auth\\Access\\Gate::guessPolicyName():709}('App\\\\Policies\\\\Bo...', 1)
#7 C:\\laragon-7.0.6\\www\\usetwit\\vendor\\laravel\\framework\\src\\Illuminate\\Collections\\Collection.php(417): Illuminate\\Support\\Arr::first(Array, Object(Closure), NULL)
#8 C:\\laragon-7.0.6\\www\\usetwit\\vendor\\laravel\\framework\\src\\Illuminate\\Auth\\Access\\Gate.php(709): Illuminate\\Support\\Collection->first(Object(Closure))
#9 C:\\laragon-7.0.6\\www\\usetwit\\vendor\\laravel\\framework\\src\\Illuminate\\Auth\\Access\\Gate.php(673): Illuminate\\Auth\\Access\\Gate->guessPolicyName('App\\\\Models\\\\BomO...')
#10 C:\\laragon-7.0.6\\www\\usetwit\\vendor\\laravel\\framework\\src\\Illuminate\\Auth\\Access\\Gate.php(630): Illuminate\\Auth\\Access\\Gate->getPolicyFor('App\\\\Models\\\\BomO...')
#11 C:\\laragon-7.0.6\\www\\usetwit\\vendor\\laravel\\framework\\src\\Illuminate\\Auth\\Access\\Gate.php(551): Illuminate\\Auth\\Access\\Gate->resolveAuthCallback(Object(App\\Models\\User), 'update', Array)
#12 C:\\laragon-7.0.6\\www\\usetwit\\vendor\\laravel\\framework\\src\\Illuminate\\Auth\\Access\\Gate.php(448): Illuminate\\Auth\\Access\\Gate->callAuthCallback(Object(App\\Models\\User), 'update', Array)
#13 C:\\laragon-7.0.6\\www\\usetwit\\vendor\\laravel\\framework\\src\\Illuminate\\Auth\\Access\\Gate.php(411): Illuminate\\Auth\\Access\\Gate->raw('update', Array)
#14 C:\\laragon-7.0.6\\www\\usetwit\\vendor\\laravel\\framework\\src\\Illuminate\\Auth\\Access\\Gate.php(359): Illuminate\\Auth\\Access\\Gate->inspect('update', 'App\\\\Models\\\\BomO...')
#15 C:\\laragon-7.0.6\\www\\usetwit\\vendor\\laravel\\framework\\src\\Illuminate\\Collections\\Traits\\EnumeratesValues.php(298): Illuminate\\Auth\\Access\\Gate->{closure:Illuminate\\Auth\\Access\\Gate::check():359}('update', 0)
#16 C:\\laragon-7.0.6\\www\\usetwit\\vendor\\laravel\\framework\\src\\Illuminate\\Auth\\Access\\Gate.php(358): Illuminate\\Support\\Collection->every(Object(Closure))
#17 C:\\laragon-7.0.6\\www\\usetwit\\vendor\\laravel\\framework\\src\\Illuminate\\Foundation\\Auth\\Access\\Authorizable.php(18): Illuminate\\Auth\\Access\\Gate->check('update', 'App\\\\Models\\\\BomO...')
#18 C:\\laragon-7.0.6\\www\\usetwit\\app\\Http\\Requests\\BomOperationsNetwork\\UpdateRequest.php(19): Illuminate\\Foundation\\Auth\\User->can('update', 'App\\\\Models\\\\BomO...')
#19 C:\\laragon-7.0.6\\www\\usetwit\\vendor\\laravel\\framework\\src\\Illuminate\\Container\\BoundMethod.php(36): App\\Http\\Requests\\BomOperationsNetwork\\UpdateRequest->authorize()
#20 C:\\laragon-7.0.6\\www\\usetwit\\vendor\\laravel\\framework\\src\\Illuminate\\Container\\Util.php(43): Illuminate\\Container\\BoundMethod::{closure:Illuminate\\Container\\BoundMethod::call():35}()
#21 C:\\laragon-7.0.6\\www\\usetwit\\vendor\\laravel\\framework\\src\\Illuminate\\Container\\BoundMethod.php(96): Illuminate\\Container\\Util::unwrapIfClosure(Object(Closure))
#22 C:\\laragon-7.0.6\\www\\usetwit\\vendor\\laravel\\framework\\src\\Illuminate\\Container\\BoundMethod.php(35): Illuminate\\Container\\BoundMethod::callBoundMethod(Object(Illuminate\\Foundation\\Application), Array, Object(Closure))
#23 C:\\laragon-7.0.6\\www\\usetwit\\vendor\\laravel\\framework\\src\\Illuminate\\Container\\Container.php(754): Illuminate\\Container\\BoundMethod::call(Object(Illuminate\\Foundation\\Application), Array, Array, NULL)
#24 C:\\laragon-7.0.6\\www\\usetwit\\vendor\\laravel\\framework\\src\\Illuminate\\Foundation\\Http\\FormRequest.php(203): Illuminate\\Container\\Container->call(Array)
#25 C:\\laragon-7.0.6\\www\\usetwit\\vendor\\laravel\\framework\\src\\Illuminate\\Validation\\ValidatesWhenResolvedTrait.php(21): Illuminate\\Foundation\\Http\\FormRequest->passesAuthorization()
#26 C:\\laragon-7.0.6\\www\\usetwit\\vendor\\laravel\\framework\\src\\Illuminate\\Foundation\\Providers\\FormRequestServiceProvider.php(30): Illuminate\\Foundation\\Http\\FormRequest->validateResolved()
#27 C:\\laragon-7.0.6\\www\\usetwit\\vendor\\laravel\\framework\\src\\Illuminate\\Container\\Container.php(1500): Illuminate\\Foundation\\Providers\\FormRequestServiceProvider->{closure:Illuminate\\Foundation\\Providers\\FormRequestServiceProvider::boot():29}(Object(App\\Http\\Requests\\BomOperationsNetwork\\UpdateRequest), Object(Illuminate\\Foundation\\Application))
#28 C:\\laragon-7.0.6\\www\\usetwit\\vendor\\laravel\\framework\\src\\Illuminate\\Container\\Container.php(1436): Illuminate\\Container\\Container->fireCallbackArray(Object(App\\Http\\Requests\\BomOperationsNetwork\\UpdateRequest), Array)
#29 C:\\laragon-7.0.6\\www\\usetwit\\vendor\\laravel\\framework\\src\\Illuminate\\Container\\Container.php(1422): Illuminate\\Container\\Container->fireAfterResolvingCallbacks('App\\\\Http\\\\Reques...', Object(App\\Http\\Requests\\BomOperationsNetwork\\UpdateRequest))
#30 C:\\laragon-7.0.6\\www\\usetwit\\vendor\\laravel\\framework\\src\\Illuminate\\Container\\Container.php(908): Illuminate\\Container\\Container->fireResolvingCallbacks('App\\\\Http\\\\Reques...', Object(App\\Http\\Requests\\BomOperationsNetwork\\UpdateRequest))
#31 C:\\laragon-7.0.6\\www\\usetwit\\vendor\\laravel\\framework\\src\\Illuminate\\Foundation\\Application.php(1078): Illuminate\\Container\\Container->resolve('App\\\\Http\\\\Reques...', Array, true)
#32 C:\\laragon-7.0.6\\www\\usetwit\\vendor\\laravel\\framework\\src\\Illuminate\\Container\\Container.php(821): Illuminate\\Foundation\\Application->resolve('App\\\\Http\\\\Reques...', Array)
#33 C:\\laragon-7.0.6\\www\\usetwit\\vendor\\laravel\\framework\\src\\Illuminate\\Foundation\\Application.php(1058): Illuminate\\Container\\Container->make('App\\\\Http\\\\Reques...', Array)
#34 C:\\laragon-7.0.6\\www\\usetwit\\vendor\\laravel\\framework\\src\\Illuminate\\Routing\\ResolvesRouteDependencies.php(92): Illuminate\\Foundation\\Application->make('App\\\\Http\\\\Reques...')
#35 C:\\laragon-7.0.6\\www\\usetwit\\vendor\\laravel\\framework\\src\\Illuminate\\Routing\\ResolvesRouteDependencies.php(51): Illuminate\\Routing\\ControllerDispatcher->transformDependency(Object(ReflectionParameter), Array, Object(stdClass))
#36 C:\\laragon-7.0.6\\www\\usetwit\\vendor\\laravel\\framework\\src\\Illuminate\\Routing\\ResolvesRouteDependencies.php(30): Illuminate\\Routing\\ControllerDispatcher->resolveMethodDependencies(Array, Object(ReflectionMethod))
#37 C:\\laragon-7.0.6\\www\\usetwit\\vendor\\laravel\\framework\\src\\Illuminate\\Routing\\ControllerDispatcher.php(60): Illuminate\\Routing\\ControllerDispatcher->resolveClassMethodDependencies(Array, Object(App\\Http\\Controllers\\Admin\\BomOperationsNetworkController), 'update')
#38 C:\\laragon-7.0.6\\www\\usetwit\\vendor\\laravel\\framework\\src\\Illuminate\\Routing\\ControllerDispatcher.php(41): Illuminate\\Routing\\ControllerDispatcher->resolveParameters(Object(Illuminate\\Routing\\Route), Object(App\\Http\\Controllers\\Admin\\BomOperationsNetworkController), 'update')
#39 C:\\laragon-7.0.6\\www\\usetwit\\vendor\\laravel\\framework\\src\\Illuminate\\Routing\\Route.php(266): Illuminate\\Routing\\ControllerDispatcher->dispatch(Object(Illuminate\\Routing\\Route), Object(App\\Http\\Controllers\\Admin\\BomOperationsNetworkController), 'update')
#40 C:\\laragon-7.0.6\\www\\usetwit\\vendor\\laravel\\framework\\src\\Illuminate\\Routing\\Route.php(212): Illuminate\\Routing\\Route->runController()
#41 C:\\laragon-7.0.6\\www\\usetwit\\vendor\\laravel\\framework\\src\\Illuminate\\Routing\\Router.php(808): Illuminate\\Routing\\Route->run()
#42 C:\\laragon-7.0.6\\www\\usetwit\\vendor\\laravel\\framework\\src\\Illuminate\\Pipeline\\Pipeline.php(170): Illuminate\\Routing\\Router->{closure:Illuminate\\Routing\\Router::runRouteWithinStack():807}(Object(Illuminate\\Http\\Request))
#43 C:\\laragon-7.0.6\\www\\usetwit\\vendor\\laravel\\framework\\src\\Illuminate\\Auth\\Middleware\\Authorize.php(60): Illuminate\\Pipeline\\Pipeline->{closure:Illuminate\\Pipeline\\Pipeline::prepareDestination():168}(Object(Illuminate\\Http\\Request))
#44 C:\\laragon-7.0.6\\www\\usetwit\\vendor\\laravel\\framework\\src\\Illuminate\\Pipeline\\Pipeline.php(209): Illuminate\\Auth\\Middleware\\Authorize->handle(Object(Illuminate\\Http\\Request), Object(Closure), 'update', 'App\\\\Models\\\\Bom')
#45 C:\\laragon-7.0.6\\www\\usetwit\\vendor\\barryvdh\\laravel-debugbar\\src\\Middleware\\InjectDebugbar.php(66): Illuminate\\Pipeline\\Pipeline->{closure:{closure:Illuminate\\Pipeline\\Pipeline::carry():184}:185}(Object(Illuminate\\Http\\Request))
#46 C:\\laragon-7.0.6\\www\\usetwit\\vendor\\laravel\\framework\\src\\Illuminate\\Pipeline\\Pipeline.php(209): Barryvdh\\Debugbar\\Middleware\\InjectDebugbar->handle(Object(Illuminate\\Http\\Request), Object(Closure))
#47 C:\\laragon-7.0.6\\www\\usetwit\\vendor\\laravel\\framework\\src\\Illuminate\\Routing\\Middleware\\SubstituteBindings.php(51): Illuminate\\Pipeline\\Pipeline->{closure:{closure:Illuminate\\Pipeline\\Pipeline::carry():184}:185}(Object(Illuminate\\Http\\Request))
#48 C:\\laragon-7.0.6\\www\\usetwit\\vendor\\laravel\\framework\\src\\Illuminate\\Pipeline\\Pipeline.php(209): Illuminate\\Routing\\Middleware\\SubstituteBindings->handle(Object(Illuminate\\Http\\Request), Object(Closure))
#49 C:\\laragon-7.0.6\\www\\usetwit\\vendor\\laravel\\framework\\src\\Illuminate\\Auth\\Middleware\\Authenticate.php(64): Illuminate\\Pipeline\\Pipeline->{closure:{closure:Illuminate\\Pipeline\\Pipeline::carry():184}:185}(Object(Illuminate\\Http\\Request))
#50 C:\\laragon-7.0.6\\www\\usetwit\\vendor\\laravel\\framework\\src\\Illuminate\\Pipeline\\Pipeline.php(209): Illuminate\\Auth\\Middleware\\Authenticate->handle(Object(Illuminate\\Http\\Request), Object(Closure))
#51 C:\\laragon-7.0.6\\www\\usetwit\\vendor\\laravel\\framework\\src\\Illuminate\\Foundation\\Http\\Middleware\\VerifyCsrfToken.php(88): Illuminate\\Pipeline\\Pipeline->{closure:{closure:Illuminate\\Pipeline\\Pipeline::carry():184}:185}(Object(Illuminate\\Http\\Request))
#52 C:\\laragon-7.0.6\\www\\usetwit\\vendor\\laravel\\framework\\src\\Illuminate\\Pipeline\\Pipeline.php(209): Illuminate\\Foundation\\Http\\Middleware\\VerifyCsrfToken->handle(Object(Illuminate\\Http\\Request), Object(Closure))
#53 C:\\laragon-7.0.6\\www\\usetwit\\vendor\\laravel\\framework\\src\\Illuminate\\View\\Middleware\\ShareErrorsFromSession.php(49): Illuminate\\Pipeline\\Pipeline->{closure:{closure:Illuminate\\Pipeline\\Pipeline::carry():184}:185}(Object(Illuminate\\Http\\Request))
#54 C:\\laragon-7.0.6\\www\\usetwit\\vendor\\laravel\\framework\\src\\Illuminate\\Pipeline\\Pipeline.php(209): Illuminate\\View\\Middleware\\ShareErrorsFromSession->handle(Object(Illuminate\\Http\\Request), Object(Closure))
#55 C:\\laragon-7.0.6\\www\\usetwit\\vendor\\laravel\\framework\\src\\Illuminate\\Session\\Middleware\\StartSession.php(121): Illuminate\\Pipeline\\Pipeline->{closure:{closure:Illuminate\\Pipeline\\Pipeline::carry():184}:185}(Object(Illuminate\\Http\\Request))
#56 C:\\laragon-7.0.6\\www\\usetwit\\vendor\\laravel\\framework\\src\\Illuminate\\Session\\Middleware\\StartSession.php(64): Illuminate\\Session\\Middleware\\StartSession->handleStatefulRequest(Object(Illuminate\\Http\\Request), Object(Illuminate\\Session\\Store), Object(Closure))
#57 C:\\laragon-7.0.6\\www\\usetwit\\vendor\\laravel\\framework\\src\\Illuminate\\Pipeline\\Pipeline.php(209): Illuminate\\Session\\Middleware\\StartSession->handle(Object(Illuminate\\Http\\Request), Object(Closure))
#58 C:\\laragon-7.0.6\\www\\usetwit\\vendor\\laravel\\framework\\src\\Illuminate\\Cookie\\Middleware\\AddQueuedCookiesToResponse.php(37): Illuminate\\Pipeline\\Pipeline->{closure:{closure:Illuminate\\Pipeline\\Pipeline::carry():184}:185}(Object(Illuminate\\Http\\Request))
#59 C:\\laragon-7.0.6\\www\\usetwit\\vendor\\laravel\\framework\\src\\Illuminate\\Pipeline\\Pipeline.php(209): Illuminate\\Cookie\\Middleware\\AddQueuedCookiesToResponse->handle(Object(Illuminate\\Http\\Request), Object(Closure))
#60 C:\\laragon-7.0.6\\www\\usetwit\\vendor\\laravel\\framework\\src\\Illuminate\\Cookie\\Middleware\\EncryptCookies.php(75): Illuminate\\Pipeline\\Pipeline->{closure:{closure:Illuminate\\Pipeline\\Pipeline::carry():184}:185}(Object(Illuminate\\Http\\Request))
#61 C:\\laragon-7.0.6\\www\\usetwit\\vendor\\laravel\\framework\\src\\Illuminate\\Pipeline\\Pipeline.php(209): Illuminate\\Cookie\\Middleware\\EncryptCookies->handle(Object(Illuminate\\Http\\Request), Object(Closure))
#62 C:\\laragon-7.0.6\\www\\usetwit\\vendor\\laravel\\framework\\src\\Illuminate\\Pipeline\\Pipeline.php(127): Illuminate\\Pipeline\\Pipeline->{closure:{closure:Illuminate\\Pipeline\\Pipeline::carry():184}:185}(Object(Illuminate\\Http\\Request))
#63 C:\\laragon-7.0.6\\www\\usetwit\\vendor\\laravel\\framework\\src\\Illuminate\\Routing\\Router.php(807): Illuminate\\Pipeline\\Pipeline->then(Object(Closure))
#64 C:\\laragon-7.0.6\\www\\usetwit\\vendor\\laravel\\framework\\src\\Illuminate\\Routing\\Router.php(786): Illuminate\\Routing\\Router->runRouteWithinStack(Object(Illuminate\\Routing\\Route), Object(Illuminate\\Http\\Request))
#65 C:\\laragon-7.0.6\\www\\usetwit\\vendor\\laravel\\framework\\src\\Illuminate\\Routing\\Router.php(750): Illuminate\\Routing\\Router->runRoute(Object(Illuminate\\Http\\Request), Object(Illuminate\\Routing\\Route))
#66 C:\\laragon-7.0.6\\www\\usetwit\\vendor\\laravel\\framework\\src\\Illuminate\\Routing\\Router.php(739): Illuminate\\Routing\\Router->dispatchToRoute(Object(Illuminate\\Http\\Request))
#67 C:\\laragon-7.0.6\\www\\usetwit\\vendor\\laravel\\framework\\src\\Illuminate\\Foundation\\Http\\Kernel.php(201): Illuminate\\Routing\\Router->dispatch(Object(Illuminate\\Http\\Request))
#68 C:\\laragon-7.0.6\\www\\usetwit\\vendor\\laravel\\framework\\src\\Illuminate\\Pipeline\\Pipeline.php(170): Illuminate\\Foundation\\Http\\Kernel->{closure:Illuminate\\Foundation\\Http\\Kernel::dispatchToRouter():198}(Object(Illuminate\\Http\\Request))
#69 C:\\laragon-7.0.6\\www\\usetwit\\vendor\\barryvdh\\laravel-debugbar\\src\\Middleware\\InjectDebugbar.php(66): Illuminate\\Pipeline\\Pipeline->{closure:Illuminate\\Pipeline\\Pipeline::prepareDestination():168}(Object(Illuminate\\Http\\Request))
#70 C:\\laragon-7.0.6\\www\\usetwit\\vendor\\laravel\\framework\\src\\Illuminate\\Pipeline\\Pipeline.php(209): Barryvdh\\Debugbar\\Middleware\\InjectDebugbar->handle(Object(Illuminate\\Http\\Request), Object(Closure))
#71 C:\\laragon-7.0.6\\www\\usetwit\\vendor\\laravel\\framework\\src\\Illuminate\\Foundation\\Http\\Middleware\\TransformsRequest.php(21): Illuminate\\Pipeline\\Pipeline->{closure:{closure:Illuminate\\Pipeline\\Pipeline::carry():184}:185}(Object(Illuminate\\Http\\Request))
#72 C:\\laragon-7.0.6\\www\\usetwit\\vendor\\laravel\\framework\\src\\Illuminate\\Foundation\\Http\\Middleware\\ConvertEmptyStringsToNull.php(31): Illuminate\\Foundation\\Http\\Middleware\\TransformsRequest->handle(Object(Illuminate\\Http\\Request), Object(Closure))
#73 C:\\laragon-7.0.6\\www\\usetwit\\vendor\\laravel\\framework\\src\\Illuminate\\Pipeline\\Pipeline.php(209): Illuminate\\Foundation\\Http\\Middleware\\ConvertEmptyStringsToNull->handle(Object(Illuminate\\Http\\Request), Object(Closure))
#74 C:\\laragon-7.0.6\\www\\usetwit\\vendor\\laravel\\framework\\src\\Illuminate\\Foundation\\Http\\Middleware\\TransformsRequest.php(21): Illuminate\\Pipeline\\Pipeline->{closure:{closure:Illuminate\\Pipeline\\Pipeline::carry():184}:185}(Object(Illuminate\\Http\\Request))
#75 C:\\laragon-7.0.6\\www\\usetwit\\vendor\\laravel\\framework\\src\\Illuminate\\Foundation\\Http\\Middleware\\TrimStrings.php(51): Illuminate\\Foundation\\Http\\Middleware\\TransformsRequest->handle(Object(Illuminate\\Http\\Request), Object(Closure))
#76 C:\\laragon-7.0.6\\www\\usetwit\\vendor\\laravel\\framework\\src\\Illuminate\\Pipeline\\Pipeline.php(209): Illuminate\\Foundation\\Http\\Middleware\\TrimStrings->handle(Object(Illuminate\\Http\\Request), Object(Closure))
#77 C:\\laragon-7.0.6\\www\\usetwit\\vendor\\laravel\\framework\\src\\Illuminate\\Http\\Middleware\\ValidatePostSize.php(27): Illuminate\\Pipeline\\Pipeline->{closure:{closure:Illuminate\\Pipeline\\Pipeline::carry():184}:185}(Object(Illuminate\\Http\\Request))
#78 C:\\laragon-7.0.6\\www\\usetwit\\vendor\\laravel\\framework\\src\\Illuminate\\Pipeline\\Pipeline.php(209): Illuminate\\Http\\Middleware\\ValidatePostSize->handle(Object(Illuminate\\Http\\Request), Object(Closure))
#79 C:\\laragon-7.0.6\\www\\usetwit\\vendor\\laravel\\framework\\src\\Illuminate\\Foundation\\Http\\Middleware\\PreventRequestsDuringMaintenance.php(110): Illuminate\\Pipeline\\Pipeline->{closure:{closure:Illuminate\\Pipeline\\Pipeline::carry():184}:185}(Object(Illuminate\\Http\\Request))
#80 C:\\laragon-7.0.6\\www\\usetwit\\vendor\\laravel\\framework\\src\\Illuminate\\Pipeline\\Pipeline.php(209): Illuminate\\Foundation\\Http\\Middleware\\PreventRequestsDuringMaintenance->handle(Object(Illuminate\\Http\\Request), Object(Closure))
#81 C:\\laragon-7.0.6\\www\\usetwit\\vendor\\laravel\\framework\\src\\Illuminate\\Http\\Middleware\\HandleCors.php(49): Illuminate\\Pipeline\\Pipeline->{closure:{closure:Illuminate\\Pipeline\\Pipeline::carry():184}:185}(Object(Illuminate\\Http\\Request))
#82 C:\\laragon-7.0.6\\www\\usetwit\\vendor\\laravel\\framework\\src\\Illuminate\\Pipeline\\Pipeline.php(209): Illuminate\\Http\\Middleware\\HandleCors->handle(Object(Illuminate\\Http\\Request), Object(Closure))
#83 C:\\laragon-7.0.6\\www\\usetwit\\vendor\\laravel\\framework\\src\\Illuminate\\Http\\Middleware\\TrustProxies.php(58): Illuminate\\Pipeline\\Pipeline->{closure:{closure:Illuminate\\Pipeline\\Pipeline::carry():184}:185}(Object(Illuminate\\Http\\Request))
#84 C:\\laragon-7.0.6\\www\\usetwit\\vendor\\laravel\\framework\\src\\Illuminate\\Pipeline\\Pipeline.php(209): Illuminate\\Http\\Middleware\\TrustProxies->handle(Object(Illuminate\\Http\\Request), Object(Closure))
#85 C:\\laragon-7.0.6\\www\\usetwit\\vendor\\laravel\\framework\\src\\Illuminate\\Foundation\\Http\\Middleware\\InvokeDeferredCallbacks.php(22): Illuminate\\Pipeline\\Pipeline->{closure:{closure:Illuminate\\Pipeline\\Pipeline::carry():184}:185}(Object(Illuminate\\Http\\Request))
#86 C:\\laragon-7.0.6\\www\\usetwit\\vendor\\laravel\\framework\\src\\Illuminate\\Pipeline\\Pipeline.php(209): Illuminate\\Foundation\\Http\\Middleware\\InvokeDeferredCallbacks->handle(Object(Illuminate\\Http\\Request), Object(Closure))
#87 C:\\laragon-7.0.6\\www\\usetwit\\vendor\\laravel\\framework\\src\\Illuminate\\Http\\Middleware\\ValidatePathEncoding.php(26): Illuminate\\Pipeline\\Pipeline->{closure:{closure:Illuminate\\Pipeline\\Pipeline::carry():184}:185}(Object(Illuminate\\Http\\Request))
#88 C:\\laragon-7.0.6\\www\\usetwit\\vendor\\laravel\\framework\\src\\Illuminate\\Pipeline\\Pipeline.php(209): Illuminate\\Http\\Middleware\\ValidatePathEncoding->handle(Object(Illuminate\\Http\\Request), Object(Closure))
#89 C:\\laragon-7.0.6\\www\\usetwit\\vendor\\laravel\\framework\\src\\Illuminate\\Pipeline\\Pipeline.php(127): Illuminate\\Pipeline\\Pipeline->{closure:{closure:Illuminate\\Pipeline\\Pipeline::carry():184}:185}(Object(Illuminate\\Http\\Request))
#90 C:\\laragon-7.0.6\\www\\usetwit\\vendor\\laravel\\framework\\src\\Illuminate\\Foundation\\Http\\Kernel.php(176): Illuminate\\Pipeline\\Pipeline->then(Object(Closure))
#91 C:\\laragon-7.0.6\\www\\usetwit\\vendor\\laravel\\framework\\src\\Illuminate\\Foundation\\Http\\Kernel.php(145): Illuminate\\Foundation\\Http\\Kernel->sendRequestThroughRouter(Object(Illuminate\\Http\\Request))
#92 C:\\laragon-7.0.6\\www\\usetwit\\vendor\\laravel\\framework\\src\\Illuminate\\Foundation\\Application.php(1220): Illuminate\\Foundation\\Http\\Kernel->handle(Object(Illuminate\\Http\\Request))
#93 C:\\laragon-7.0.6\\www\\usetwit\\public\\index.php(17): Illuminate\\Foundation\\Application->handleRequest(Object(Illuminate\\Http\\Request))
#94 {main}
"} 
[2025-03-12 23:38:00] local.ERROR: include(C:\laragon-7.0.6\www\usetwit\vendor\composer/../../app/Policies/BomOperationPolicy.php): Failed to open stream: No such file or directory {"userId":1,"exception":"[object] (ErrorException(code: 0): include(C:\\laragon-7.0.6\\www\\usetwit\\vendor\\composer/../../app/Policies/BomOperationPolicy.php): Failed to open stream: No such file or directory at C:\\laragon-7.0.6\\www\\usetwit\\vendor\\composer\\ClassLoader.php:576)
[stacktrace]
#0 C:\\laragon-7.0.6\\www\\usetwit\\vendor\\laravel\\framework\\src\\Illuminate\\Foundation\\Bootstrap\\HandleExceptions.php(256): Illuminate\\Foundation\\Bootstrap\\HandleExceptions->handleError(2, 'include(C:\\\\lara...', 'C:\\\\laragon-7.0....', 576)
#1 C:\\laragon-7.0.6\\www\\usetwit\\vendor\\composer\\ClassLoader.php(576): Illuminate\\Foundation\\Bootstrap\\HandleExceptions->{closure:Illuminate\\Foundation\\Bootstrap\\HandleExceptions::forwardsTo():255}(2, 'include(C:\\\\lara...', 'C:\\\\laragon-7.0....', 576)
#2 C:\\laragon-7.0.6\\www\\usetwit\\vendor\\composer\\ClassLoader.php(576): include('C:\\\\laragon-7.0....')
#3 C:\\laragon-7.0.6\\www\\usetwit\\vendor\\composer\\ClassLoader.php(427): {closure:Composer\\Autoload\\ClassLoader::initializeIncludeClosure():575}('C:\\\\laragon-7.0....')
#4 [internal function]: Composer\\Autoload\\ClassLoader->loadClass('App\\\\Policies\\\\Bo...')
#5 C:\\laragon-7.0.6\\www\\usetwit\\vendor\\laravel\\framework\\src\\Illuminate\\Auth\\Access\\Gate.php(710): class_exists('App\\\\Policies\\\\Bo...')
#6 C:\\laragon-7.0.6\\www\\usetwit\\vendor\\laravel\\framework\\src\\Illuminate\\Collections\\Arr.php(208): Illuminate\\Auth\\Access\\Gate->{closure:Illuminate\\Auth\\Access\\Gate::guessPolicyName():709}('App\\\\Policies\\\\Bo...', 1)
#7 C:\\laragon-7.0.6\\www\\usetwit\\vendor\\laravel\\framework\\src\\Illuminate\\Collections\\Collection.php(417): Illuminate\\Support\\Arr::first(Array, Object(Closure), NULL)
#8 C:\\laragon-7.0.6\\www\\usetwit\\vendor\\laravel\\framework\\src\\Illuminate\\Auth\\Access\\Gate.php(709): Illuminate\\Support\\Collection->first(Object(Closure))
#9 C:\\laragon-7.0.6\\www\\usetwit\\vendor\\laravel\\framework\\src\\Illuminate\\Auth\\Access\\Gate.php(673): Illuminate\\Auth\\Access\\Gate->guessPolicyName('App\\\\Models\\\\BomO...')
#10 C:\\laragon-7.0.6\\www\\usetwit\\vendor\\laravel\\framework\\src\\Illuminate\\Auth\\Access\\Gate.php(630): Illuminate\\Auth\\Access\\Gate->getPolicyFor('App\\\\Models\\\\BomO...')
#11 C:\\laragon-7.0.6\\www\\usetwit\\vendor\\laravel\\framework\\src\\Illuminate\\Auth\\Access\\Gate.php(551): Illuminate\\Auth\\Access\\Gate->resolveAuthCallback(Object(App\\Models\\User), 'update', Array)
#12 C:\\laragon-7.0.6\\www\\usetwit\\vendor\\laravel\\framework\\src\\Illuminate\\Auth\\Access\\Gate.php(448): Illuminate\\Auth\\Access\\Gate->callAuthCallback(Object(App\\Models\\User), 'update', Array)
#13 C:\\laragon-7.0.6\\www\\usetwit\\vendor\\laravel\\framework\\src\\Illuminate\\Auth\\Access\\Gate.php(411): Illuminate\\Auth\\Access\\Gate->raw('update', Array)
#14 C:\\laragon-7.0.6\\www\\usetwit\\vendor\\laravel\\framework\\src\\Illuminate\\Auth\\Access\\Gate.php(359): Illuminate\\Auth\\Access\\Gate->inspect('update', 'App\\\\Models\\\\BomO...')
#15 C:\\laragon-7.0.6\\www\\usetwit\\vendor\\laravel\\framework\\src\\Illuminate\\Collections\\Traits\\EnumeratesValues.php(298): Illuminate\\Auth\\Access\\Gate->{closure:Illuminate\\Auth\\Access\\Gate::check():359}('update', 0)
#16 C:\\laragon-7.0.6\\www\\usetwit\\vendor\\laravel\\framework\\src\\Illuminate\\Auth\\Access\\Gate.php(358): Illuminate\\Support\\Collection->every(Object(Closure))
#17 C:\\laragon-7.0.6\\www\\usetwit\\vendor\\laravel\\framework\\src\\Illuminate\\Foundation\\Auth\\Access\\Authorizable.php(18): Illuminate\\Auth\\Access\\Gate->check('update', 'App\\\\Models\\\\BomO...')
#18 C:\\laragon-7.0.6\\www\\usetwit\\app\\Http\\Requests\\BomOperationsNetwork\\UpdateRequest.php(19): Illuminate\\Foundation\\Auth\\User->can('update', 'App\\\\Models\\\\BomO...')
#19 C:\\laragon-7.0.6\\www\\usetwit\\vendor\\laravel\\framework\\src\\Illuminate\\Container\\BoundMethod.php(36): App\\Http\\Requests\\BomOperationsNetwork\\UpdateRequest->authorize()
#20 C:\\laragon-7.0.6\\www\\usetwit\\vendor\\laravel\\framework\\src\\Illuminate\\Container\\Util.php(43): Illuminate\\Container\\BoundMethod::{closure:Illuminate\\Container\\BoundMethod::call():35}()
#21 C:\\laragon-7.0.6\\www\\usetwit\\vendor\\laravel\\framework\\src\\Illuminate\\Container\\BoundMethod.php(96): Illuminate\\Container\\Util::unwrapIfClosure(Object(Closure))
#22 C:\\laragon-7.0.6\\www\\usetwit\\vendor\\laravel\\framework\\src\\Illuminate\\Container\\BoundMethod.php(35): Illuminate\\Container\\BoundMethod::callBoundMethod(Object(Illuminate\\Foundation\\Application), Array, Object(Closure))
#23 C:\\laragon-7.0.6\\www\\usetwit\\vendor\\laravel\\framework\\src\\Illuminate\\Container\\Container.php(754): Illuminate\\Container\\BoundMethod::call(Object(Illuminate\\Foundation\\Application), Array, Array, NULL)
#24 C:\\laragon-7.0.6\\www\\usetwit\\vendor\\laravel\\framework\\src\\Illuminate\\Foundation\\Http\\FormRequest.php(203): Illuminate\\Container\\Container->call(Array)
#25 C:\\laragon-7.0.6\\www\\usetwit\\vendor\\laravel\\framework\\src\\Illuminate\\Validation\\ValidatesWhenResolvedTrait.php(21): Illuminate\\Foundation\\Http\\FormRequest->passesAuthorization()
#26 C:\\laragon-7.0.6\\www\\usetwit\\vendor\\laravel\\framework\\src\\Illuminate\\Foundation\\Providers\\FormRequestServiceProvider.php(30): Illuminate\\Foundation\\Http\\FormRequest->validateResolved()
#27 C:\\laragon-7.0.6\\www\\usetwit\\vendor\\laravel\\framework\\src\\Illuminate\\Container\\Container.php(1500): Illuminate\\Foundation\\Providers\\FormRequestServiceProvider->{closure:Illuminate\\Foundation\\Providers\\FormRequestServiceProvider::boot():29}(Object(App\\Http\\Requests\\BomOperationsNetwork\\UpdateRequest), Object(Illuminate\\Foundation\\Application))
#28 C:\\laragon-7.0.6\\www\\usetwit\\vendor\\laravel\\framework\\src\\Illuminate\\Container\\Container.php(1436): Illuminate\\Container\\Container->fireCallbackArray(Object(App\\Http\\Requests\\BomOperationsNetwork\\UpdateRequest), Array)
#29 C:\\laragon-7.0.6\\www\\usetwit\\vendor\\laravel\\framework\\src\\Illuminate\\Container\\Container.php(1422): Illuminate\\Container\\Container->fireAfterResolvingCallbacks('App\\\\Http\\\\Reques...', Object(App\\Http\\Requests\\BomOperationsNetwork\\UpdateRequest))
#30 C:\\laragon-7.0.6\\www\\usetwit\\vendor\\laravel\\framework\\src\\Illuminate\\Container\\Container.php(908): Illuminate\\Container\\Container->fireResolvingCallbacks('App\\\\Http\\\\Reques...', Object(App\\Http\\Requests\\BomOperationsNetwork\\UpdateRequest))
#31 C:\\laragon-7.0.6\\www\\usetwit\\vendor\\laravel\\framework\\src\\Illuminate\\Foundation\\Application.php(1078): Illuminate\\Container\\Container->resolve('App\\\\Http\\\\Reques...', Array, true)
#32 C:\\laragon-7.0.6\\www\\usetwit\\vendor\\laravel\\framework\\src\\Illuminate\\Container\\Container.php(821): Illuminate\\Foundation\\Application->resolve('App\\\\Http\\\\Reques...', Array)
#33 C:\\laragon-7.0.6\\www\\usetwit\\vendor\\laravel\\framework\\src\\Illuminate\\Foundation\\Application.php(1058): Illuminate\\Container\\Container->make('App\\\\Http\\\\Reques...', Array)
#34 C:\\laragon-7.0.6\\www\\usetwit\\vendor\\laravel\\framework\\src\\Illuminate\\Routing\\ResolvesRouteDependencies.php(92): Illuminate\\Foundation\\Application->make('App\\\\Http\\\\Reques...')
#35 C:\\laragon-7.0.6\\www\\usetwit\\vendor\\laravel\\framework\\src\\Illuminate\\Routing\\ResolvesRouteDependencies.php(51): Illuminate\\Routing\\ControllerDispatcher->transformDependency(Object(ReflectionParameter), Array, Object(stdClass))
#36 C:\\laragon-7.0.6\\www\\usetwit\\vendor\\laravel\\framework\\src\\Illuminate\\Routing\\ResolvesRouteDependencies.php(30): Illuminate\\Routing\\ControllerDispatcher->resolveMethodDependencies(Array, Object(ReflectionMethod))
#37 C:\\laragon-7.0.6\\www\\usetwit\\vendor\\laravel\\framework\\src\\Illuminate\\Routing\\ControllerDispatcher.php(60): Illuminate\\Routing\\ControllerDispatcher->resolveClassMethodDependencies(Array, Object(App\\Http\\Controllers\\Admin\\BomOperationsNetworkController), 'update')
#38 C:\\laragon-7.0.6\\www\\usetwit\\vendor\\laravel\\framework\\src\\Illuminate\\Routing\\ControllerDispatcher.php(41): Illuminate\\Routing\\ControllerDispatcher->resolveParameters(Object(Illuminate\\Routing\\Route), Object(App\\Http\\Controllers\\Admin\\BomOperationsNetworkController), 'update')
#39 C:\\laragon-7.0.6\\www\\usetwit\\vendor\\laravel\\framework\\src\\Illuminate\\Routing\\Route.php(266): Illuminate\\Routing\\ControllerDispatcher->dispatch(Object(Illuminate\\Routing\\Route), Object(App\\Http\\Controllers\\Admin\\BomOperationsNetworkController), 'update')
#40 C:\\laragon-7.0.6\\www\\usetwit\\vendor\\laravel\\framework\\src\\Illuminate\\Routing\\Route.php(212): Illuminate\\Routing\\Route->runController()
#41 C:\\laragon-7.0.6\\www\\usetwit\\vendor\\laravel\\framework\\src\\Illuminate\\Routing\\Router.php(808): Illuminate\\Routing\\Route->run()
#42 C:\\laragon-7.0.6\\www\\usetwit\\vendor\\laravel\\framework\\src\\Illuminate\\Pipeline\\Pipeline.php(170): Illuminate\\Routing\\Router->{closure:Illuminate\\Routing\\Router::runRouteWithinStack():807}(Object(Illuminate\\Http\\Request))
#43 C:\\laragon-7.0.6\\www\\usetwit\\vendor\\laravel\\framework\\src\\Illuminate\\Auth\\Middleware\\Authorize.php(60): Illuminate\\Pipeline\\Pipeline->{closure:Illuminate\\Pipeline\\Pipeline::prepareDestination():168}(Object(Illuminate\\Http\\Request))
#44 C:\\laragon-7.0.6\\www\\usetwit\\vendor\\laravel\\framework\\src\\Illuminate\\Pipeline\\Pipeline.php(209): Illuminate\\Auth\\Middleware\\Authorize->handle(Object(Illuminate\\Http\\Request), Object(Closure), 'update', 'App\\\\Models\\\\Bom')
#45 C:\\laragon-7.0.6\\www\\usetwit\\vendor\\barryvdh\\laravel-debugbar\\src\\Middleware\\InjectDebugbar.php(66): Illuminate\\Pipeline\\Pipeline->{closure:{closure:Illuminate\\Pipeline\\Pipeline::carry():184}:185}(Object(Illuminate\\Http\\Request))
#46 C:\\laragon-7.0.6\\www\\usetwit\\vendor\\laravel\\framework\\src\\Illuminate\\Pipeline\\Pipeline.php(209): Barryvdh\\Debugbar\\Middleware\\InjectDebugbar->handle(Object(Illuminate\\Http\\Request), Object(Closure))
#47 C:\\laragon-7.0.6\\www\\usetwit\\vendor\\laravel\\framework\\src\\Illuminate\\Routing\\Middleware\\SubstituteBindings.php(51): Illuminate\\Pipeline\\Pipeline->{closure:{closure:Illuminate\\Pipeline\\Pipeline::carry():184}:185}(Object(Illuminate\\Http\\Request))
#48 C:\\laragon-7.0.6\\www\\usetwit\\vendor\\laravel\\framework\\src\\Illuminate\\Pipeline\\Pipeline.php(209): Illuminate\\Routing\\Middleware\\SubstituteBindings->handle(Object(Illuminate\\Http\\Request), Object(Closure))
#49 C:\\laragon-7.0.6\\www\\usetwit\\vendor\\laravel\\framework\\src\\Illuminate\\Auth\\Middleware\\Authenticate.php(64): Illuminate\\Pipeline\\Pipeline->{closure:{closure:Illuminate\\Pipeline\\Pipeline::carry():184}:185}(Object(Illuminate\\Http\\Request))
#50 C:\\laragon-7.0.6\\www\\usetwit\\vendor\\laravel\\framework\\src\\Illuminate\\Pipeline\\Pipeline.php(209): Illuminate\\Auth\\Middleware\\Authenticate->handle(Object(Illuminate\\Http\\Request), Object(Closure))
#51 C:\\laragon-7.0.6\\www\\usetwit\\vendor\\laravel\\framework\\src\\Illuminate\\Foundation\\Http\\Middleware\\VerifyCsrfToken.php(88): Illuminate\\Pipeline\\Pipeline->{closure:{closure:Illuminate\\Pipeline\\Pipeline::carry():184}:185}(Object(Illuminate\\Http\\Request))
#52 C:\\laragon-7.0.6\\www\\usetwit\\vendor\\laravel\\framework\\src\\Illuminate\\Pipeline\\Pipeline.php(209): Illuminate\\Foundation\\Http\\Middleware\\VerifyCsrfToken->handle(Object(Illuminate\\Http\\Request), Object(Closure))
#53 C:\\laragon-7.0.6\\www\\usetwit\\vendor\\laravel\\framework\\src\\Illuminate\\View\\Middleware\\ShareErrorsFromSession.php(49): Illuminate\\Pipeline\\Pipeline->{closure:{closure:Illuminate\\Pipeline\\Pipeline::carry():184}:185}(Object(Illuminate\\Http\\Request))
#54 C:\\laragon-7.0.6\\www\\usetwit\\vendor\\laravel\\framework\\src\\Illuminate\\Pipeline\\Pipeline.php(209): Illuminate\\View\\Middleware\\ShareErrorsFromSession->handle(Object(Illuminate\\Http\\Request), Object(Closure))
#55 C:\\laragon-7.0.6\\www\\usetwit\\vendor\\laravel\\framework\\src\\Illuminate\\Session\\Middleware\\StartSession.php(121): Illuminate\\Pipeline\\Pipeline->{closure:{closure:Illuminate\\Pipeline\\Pipeline::carry():184}:185}(Object(Illuminate\\Http\\Request))
#56 C:\\laragon-7.0.6\\www\\usetwit\\vendor\\laravel\\framework\\src\\Illuminate\\Session\\Middleware\\StartSession.php(64): Illuminate\\Session\\Middleware\\StartSession->handleStatefulRequest(Object(Illuminate\\Http\\Request), Object(Illuminate\\Session\\Store), Object(Closure))
#57 C:\\laragon-7.0.6\\www\\usetwit\\vendor\\laravel\\framework\\src\\Illuminate\\Pipeline\\Pipeline.php(209): Illuminate\\Session\\Middleware\\StartSession->handle(Object(Illuminate\\Http\\Request), Object(Closure))
#58 C:\\laragon-7.0.6\\www\\usetwit\\vendor\\laravel\\framework\\src\\Illuminate\\Cookie\\Middleware\\AddQueuedCookiesToResponse.php(37): Illuminate\\Pipeline\\Pipeline->{closure:{closure:Illuminate\\Pipeline\\Pipeline::carry():184}:185}(Object(Illuminate\\Http\\Request))
#59 C:\\laragon-7.0.6\\www\\usetwit\\vendor\\laravel\\framework\\src\\Illuminate\\Pipeline\\Pipeline.php(209): Illuminate\\Cookie\\Middleware\\AddQueuedCookiesToResponse->handle(Object(Illuminate\\Http\\Request), Object(Closure))
#60 C:\\laragon-7.0.6\\www\\usetwit\\vendor\\laravel\\framework\\src\\Illuminate\\Cookie\\Middleware\\EncryptCookies.php(75): Illuminate\\Pipeline\\Pipeline->{closure:{closure:Illuminate\\Pipeline\\Pipeline::carry():184}:185}(Object(Illuminate\\Http\\Request))
#61 C:\\laragon-7.0.6\\www\\usetwit\\vendor\\laravel\\framework\\src\\Illuminate\\Pipeline\\Pipeline.php(209): Illuminate\\Cookie\\Middleware\\EncryptCookies->handle(Object(Illuminate\\Http\\Request), Object(Closure))
#62 C:\\laragon-7.0.6\\www\\usetwit\\vendor\\laravel\\framework\\src\\Illuminate\\Pipeline\\Pipeline.php(127): Illuminate\\Pipeline\\Pipeline->{closure:{closure:Illuminate\\Pipeline\\Pipeline::carry():184}:185}(Object(Illuminate\\Http\\Request))
#63 C:\\laragon-7.0.6\\www\\usetwit\\vendor\\laravel\\framework\\src\\Illuminate\\Routing\\Router.php(807): Illuminate\\Pipeline\\Pipeline->then(Object(Closure))
#64 C:\\laragon-7.0.6\\www\\usetwit\\vendor\\laravel\\framework\\src\\Illuminate\\Routing\\Router.php(786): Illuminate\\Routing\\Router->runRouteWithinStack(Object(Illuminate\\Routing\\Route), Object(Illuminate\\Http\\Request))
#65 C:\\laragon-7.0.6\\www\\usetwit\\vendor\\laravel\\framework\\src\\Illuminate\\Routing\\Router.php(750): Illuminate\\Routing\\Router->runRoute(Object(Illuminate\\Http\\Request), Object(Illuminate\\Routing\\Route))
#66 C:\\laragon-7.0.6\\www\\usetwit\\vendor\\laravel\\framework\\src\\Illuminate\\Routing\\Router.php(739): Illuminate\\Routing\\Router->dispatchToRoute(Object(Illuminate\\Http\\Request))
#67 C:\\laragon-7.0.6\\www\\usetwit\\vendor\\laravel\\framework\\src\\Illuminate\\Foundation\\Http\\Kernel.php(201): Illuminate\\Routing\\Router->dispatch(Object(Illuminate\\Http\\Request))
#68 C:\\laragon-7.0.6\\www\\usetwit\\vendor\\laravel\\framework\\src\\Illuminate\\Pipeline\\Pipeline.php(170): Illuminate\\Foundation\\Http\\Kernel->{closure:Illuminate\\Foundation\\Http\\Kernel::dispatchToRouter():198}(Object(Illuminate\\Http\\Request))
#69 C:\\laragon-7.0.6\\www\\usetwit\\vendor\\barryvdh\\laravel-debugbar\\src\\Middleware\\InjectDebugbar.php(66): Illuminate\\Pipeline\\Pipeline->{closure:Illuminate\\Pipeline\\Pipeline::prepareDestination():168}(Object(Illuminate\\Http\\Request))
#70 C:\\laragon-7.0.6\\www\\usetwit\\vendor\\laravel\\framework\\src\\Illuminate\\Pipeline\\Pipeline.php(209): Barryvdh\\Debugbar\\Middleware\\InjectDebugbar->handle(Object(Illuminate\\Http\\Request), Object(Closure))
#71 C:\\laragon-7.0.6\\www\\usetwit\\vendor\\laravel\\framework\\src\\Illuminate\\Foundation\\Http\\Middleware\\TransformsRequest.php(21): Illuminate\\Pipeline\\Pipeline->{closure:{closure:Illuminate\\Pipeline\\Pipeline::carry():184}:185}(Object(Illuminate\\Http\\Request))
#72 C:\\laragon-7.0.6\\www\\usetwit\\vendor\\laravel\\framework\\src\\Illuminate\\Foundation\\Http\\Middleware\\ConvertEmptyStringsToNull.php(31): Illuminate\\Foundation\\Http\\Middleware\\TransformsRequest->handle(Object(Illuminate\\Http\\Request), Object(Closure))
#73 C:\\laragon-7.0.6\\www\\usetwit\\vendor\\laravel\\framework\\src\\Illuminate\\Pipeline\\Pipeline.php(209): Illuminate\\Foundation\\Http\\Middleware\\ConvertEmptyStringsToNull->handle(Object(Illuminate\\Http\\Request), Object(Closure))
#74 C:\\laragon-7.0.6\\www\\usetwit\\vendor\\laravel\\framework\\src\\Illuminate\\Foundation\\Http\\Middleware\\TransformsRequest.php(21): Illuminate\\Pipeline\\Pipeline->{closure:{closure:Illuminate\\Pipeline\\Pipeline::carry():184}:185}(Object(Illuminate\\Http\\Request))
#75 C:\\laragon-7.0.6\\www\\usetwit\\vendor\\laravel\\framework\\src\\Illuminate\\Foundation\\Http\\Middleware\\TrimStrings.php(51): Illuminate\\Foundation\\Http\\Middleware\\TransformsRequest->handle(Object(Illuminate\\Http\\Request), Object(Closure))
#76 C:\\laragon-7.0.6\\www\\usetwit\\vendor\\laravel\\framework\\src\\Illuminate\\Pipeline\\Pipeline.php(209): Illuminate\\Foundation\\Http\\Middleware\\TrimStrings->handle(Object(Illuminate\\Http\\Request), Object(Closure))
#77 C:\\laragon-7.0.6\\www\\usetwit\\vendor\\laravel\\framework\\src\\Illuminate\\Http\\Middleware\\ValidatePostSize.php(27): Illuminate\\Pipeline\\Pipeline->{closure:{closure:Illuminate\\Pipeline\\Pipeline::carry():184}:185}(Object(Illuminate\\Http\\Request))
#78 C:\\laragon-7.0.6\\www\\usetwit\\vendor\\laravel\\framework\\src\\Illuminate\\Pipeline\\Pipeline.php(209): Illuminate\\Http\\Middleware\\ValidatePostSize->handle(Object(Illuminate\\Http\\Request), Object(Closure))
#79 C:\\laragon-7.0.6\\www\\usetwit\\vendor\\laravel\\framework\\src\\Illuminate\\Foundation\\Http\\Middleware\\PreventRequestsDuringMaintenance.php(110): Illuminate\\Pipeline\\Pipeline->{closure:{closure:Illuminate\\Pipeline\\Pipeline::carry():184}:185}(Object(Illuminate\\Http\\Request))
#80 C:\\laragon-7.0.6\\www\\usetwit\\vendor\\laravel\\framework\\src\\Illuminate\\Pipeline\\Pipeline.php(209): Illuminate\\Foundation\\Http\\Middleware\\PreventRequestsDuringMaintenance->handle(Object(Illuminate\\Http\\Request), Object(Closure))
#81 C:\\laragon-7.0.6\\www\\usetwit\\vendor\\laravel\\framework\\src\\Illuminate\\Http\\Middleware\\HandleCors.php(49): Illuminate\\Pipeline\\Pipeline->{closure:{closure:Illuminate\\Pipeline\\Pipeline::carry():184}:185}(Object(Illuminate\\Http\\Request))
#82 C:\\laragon-7.0.6\\www\\usetwit\\vendor\\laravel\\framework\\src\\Illuminate\\Pipeline\\Pipeline.php(209): Illuminate\\Http\\Middleware\\HandleCors->handle(Object(Illuminate\\Http\\Request), Object(Closure))
#83 C:\\laragon-7.0.6\\www\\usetwit\\vendor\\laravel\\framework\\src\\Illuminate\\Http\\Middleware\\TrustProxies.php(58): Illuminate\\Pipeline\\Pipeline->{closure:{closure:Illuminate\\Pipeline\\Pipeline::carry():184}:185}(Object(Illuminate\\Http\\Request))
#84 C:\\laragon-7.0.6\\www\\usetwit\\vendor\\laravel\\framework\\src\\Illuminate\\Pipeline\\Pipeline.php(209): Illuminate\\Http\\Middleware\\TrustProxies->handle(Object(Illuminate\\Http\\Request), Object(Closure))
#85 C:\\laragon-7.0.6\\www\\usetwit\\vendor\\laravel\\framework\\src\\Illuminate\\Foundation\\Http\\Middleware\\InvokeDeferredCallbacks.php(22): Illuminate\\Pipeline\\Pipeline->{closure:{closure:Illuminate\\Pipeline\\Pipeline::carry():184}:185}(Object(Illuminate\\Http\\Request))
#86 C:\\laragon-7.0.6\\www\\usetwit\\vendor\\laravel\\framework\\src\\Illuminate\\Pipeline\\Pipeline.php(209): Illuminate\\Foundation\\Http\\Middleware\\InvokeDeferredCallbacks->handle(Object(Illuminate\\Http\\Request), Object(Closure))
#87 C:\\laragon-7.0.6\\www\\usetwit\\vendor\\laravel\\framework\\src\\Illuminate\\Http\\Middleware\\ValidatePathEncoding.php(26): Illuminate\\Pipeline\\Pipeline->{closure:{closure:Illuminate\\Pipeline\\Pipeline::carry():184}:185}(Object(Illuminate\\Http\\Request))
#88 C:\\laragon-7.0.6\\www\\usetwit\\vendor\\laravel\\framework\\src\\Illuminate\\Pipeline\\Pipeline.php(209): Illuminate\\Http\\Middleware\\ValidatePathEncoding->handle(Object(Illuminate\\Http\\Request), Object(Closure))
#89 C:\\laragon-7.0.6\\www\\usetwit\\vendor\\laravel\\framework\\src\\Illuminate\\Pipeline\\Pipeline.php(127): Illuminate\\Pipeline\\Pipeline->{closure:{closure:Illuminate\\Pipeline\\Pipeline::carry():184}:185}(Object(Illuminate\\Http\\Request))
#90 C:\\laragon-7.0.6\\www\\usetwit\\vendor\\laravel\\framework\\src\\Illuminate\\Foundation\\Http\\Kernel.php(176): Illuminate\\Pipeline\\Pipeline->then(Object(Closure))
#91 C:\\laragon-7.0.6\\www\\usetwit\\vendor\\laravel\\framework\\src\\Illuminate\\Foundation\\Http\\Kernel.php(145): Illuminate\\Foundation\\Http\\Kernel->sendRequestThroughRouter(Object(Illuminate\\Http\\Request))
#92 C:\\laragon-7.0.6\\www\\usetwit\\vendor\\laravel\\framework\\src\\Illuminate\\Foundation\\Application.php(1220): Illuminate\\Foundation\\Http\\Kernel->handle(Object(Illuminate\\Http\\Request))
#93 C:\\laragon-7.0.6\\www\\usetwit\\public\\index.php(17): Illuminate\\Foundation\\Application->handleRequest(Object(Illuminate\\Http\\Request))
#94 {main}
"} 
[2025-03-12 23:38:05] local.ERROR: include(C:\laragon-7.0.6\www\usetwit\vendor\composer/../../app/Policies/BomOperationPolicy.php): Failed to open stream: No such file or directory {"userId":1,"exception":"[object] (ErrorException(code: 0): include(C:\\laragon-7.0.6\\www\\usetwit\\vendor\\composer/../../app/Policies/BomOperationPolicy.php): Failed to open stream: No such file or directory at C:\\laragon-7.0.6\\www\\usetwit\\vendor\\composer\\ClassLoader.php:576)
[stacktrace]
#0 C:\\laragon-7.0.6\\www\\usetwit\\vendor\\laravel\\framework\\src\\Illuminate\\Foundation\\Bootstrap\\HandleExceptions.php(256): Illuminate\\Foundation\\Bootstrap\\HandleExceptions->handleError(2, 'include(C:\\\\lara...', 'C:\\\\laragon-7.0....', 576)
#1 C:\\laragon-7.0.6\\www\\usetwit\\vendor\\composer\\ClassLoader.php(576): Illuminate\\Foundation\\Bootstrap\\HandleExceptions->{closure:Illuminate\\Foundation\\Bootstrap\\HandleExceptions::forwardsTo():255}(2, 'include(C:\\\\lara...', 'C:\\\\laragon-7.0....', 576)
#2 C:\\laragon-7.0.6\\www\\usetwit\\vendor\\composer\\ClassLoader.php(576): include('C:\\\\laragon-7.0....')
#3 C:\\laragon-7.0.6\\www\\usetwit\\vendor\\composer\\ClassLoader.php(427): {closure:Composer\\Autoload\\ClassLoader::initializeIncludeClosure():575}('C:\\\\laragon-7.0....')
#4 [internal function]: Composer\\Autoload\\ClassLoader->loadClass('App\\\\Policies\\\\Bo...')
#5 C:\\laragon-7.0.6\\www\\usetwit\\vendor\\laravel\\framework\\src\\Illuminate\\Auth\\Access\\Gate.php(710): class_exists('App\\\\Policies\\\\Bo...')
#6 C:\\laragon-7.0.6\\www\\usetwit\\vendor\\laravel\\framework\\src\\Illuminate\\Collections\\Arr.php(208): Illuminate\\Auth\\Access\\Gate->{closure:Illuminate\\Auth\\Access\\Gate::guessPolicyName():709}('App\\\\Policies\\\\Bo...', 1)
#7 C:\\laragon-7.0.6\\www\\usetwit\\vendor\\laravel\\framework\\src\\Illuminate\\Collections\\Collection.php(417): Illuminate\\Support\\Arr::first(Array, Object(Closure), NULL)
#8 C:\\laragon-7.0.6\\www\\usetwit\\vendor\\laravel\\framework\\src\\Illuminate\\Auth\\Access\\Gate.php(709): Illuminate\\Support\\Collection->first(Object(Closure))
#9 C:\\laragon-7.0.6\\www\\usetwit\\vendor\\laravel\\framework\\src\\Illuminate\\Auth\\Access\\Gate.php(673): Illuminate\\Auth\\Access\\Gate->guessPolicyName('App\\\\Models\\\\BomO...')
#10 C:\\laragon-7.0.6\\www\\usetwit\\vendor\\laravel\\framework\\src\\Illuminate\\Auth\\Access\\Gate.php(630): Illuminate\\Auth\\Access\\Gate->getPolicyFor('App\\\\Models\\\\BomO...')
#11 C:\\laragon-7.0.6\\www\\usetwit\\vendor\\laravel\\framework\\src\\Illuminate\\Auth\\Access\\Gate.php(551): Illuminate\\Auth\\Access\\Gate->resolveAuthCallback(Object(App\\Models\\User), 'update', Array)
#12 C:\\laragon-7.0.6\\www\\usetwit\\vendor\\laravel\\framework\\src\\Illuminate\\Auth\\Access\\Gate.php(448): Illuminate\\Auth\\Access\\Gate->callAuthCallback(Object(App\\Models\\User), 'update', Array)
#13 C:\\laragon-7.0.6\\www\\usetwit\\vendor\\laravel\\framework\\src\\Illuminate\\Auth\\Access\\Gate.php(411): Illuminate\\Auth\\Access\\Gate->raw('update', Array)
#14 C:\\laragon-7.0.6\\www\\usetwit\\vendor\\laravel\\framework\\src\\Illuminate\\Auth\\Access\\Gate.php(359): Illuminate\\Auth\\Access\\Gate->inspect('update', 'App\\\\Models\\\\BomO...')
#15 C:\\laragon-7.0.6\\www\\usetwit\\vendor\\laravel\\framework\\src\\Illuminate\\Collections\\Traits\\EnumeratesValues.php(298): Illuminate\\Auth\\Access\\Gate->{closure:Illuminate\\Auth\\Access\\Gate::check():359}('update', 0)
#16 C:\\laragon-7.0.6\\www\\usetwit\\vendor\\laravel\\framework\\src\\Illuminate\\Auth\\Access\\Gate.php(358): Illuminate\\Support\\Collection->every(Object(Closure))
#17 C:\\laragon-7.0.6\\www\\usetwit\\vendor\\laravel\\framework\\src\\Illuminate\\Foundation\\Auth\\Access\\Authorizable.php(18): Illuminate\\Auth\\Access\\Gate->check('update', 'App\\\\Models\\\\BomO...')
#18 C:\\laragon-7.0.6\\www\\usetwit\\app\\Http\\Requests\\BomOperationsNetwork\\UpdateRequest.php(19): Illuminate\\Foundation\\Auth\\User->can('update', 'App\\\\Models\\\\BomO...')
#19 C:\\laragon-7.0.6\\www\\usetwit\\vendor\\laravel\\framework\\src\\Illuminate\\Container\\BoundMethod.php(36): App\\Http\\Requests\\BomOperationsNetwork\\UpdateRequest->authorize()
#20 C:\\laragon-7.0.6\\www\\usetwit\\vendor\\laravel\\framework\\src\\Illuminate\\Container\\Util.php(43): Illuminate\\Container\\BoundMethod::{closure:Illuminate\\Container\\BoundMethod::call():35}()
#21 C:\\laragon-7.0.6\\www\\usetwit\\vendor\\laravel\\framework\\src\\Illuminate\\Container\\BoundMethod.php(96): Illuminate\\Container\\Util::unwrapIfClosure(Object(Closure))
#22 C:\\laragon-7.0.6\\www\\usetwit\\vendor\\laravel\\framework\\src\\Illuminate\\Container\\BoundMethod.php(35): Illuminate\\Container\\BoundMethod::callBoundMethod(Object(Illuminate\\Foundation\\Application), Array, Object(Closure))
#23 C:\\laragon-7.0.6\\www\\usetwit\\vendor\\laravel\\framework\\src\\Illuminate\\Container\\Container.php(754): Illuminate\\Container\\BoundMethod::call(Object(Illuminate\\Foundation\\Application), Array, Array, NULL)
#24 C:\\laragon-7.0.6\\www\\usetwit\\vendor\\laravel\\framework\\src\\Illuminate\\Foundation\\Http\\FormRequest.php(203): Illuminate\\Container\\Container->call(Array)
#25 C:\\laragon-7.0.6\\www\\usetwit\\vendor\\laravel\\framework\\src\\Illuminate\\Validation\\ValidatesWhenResolvedTrait.php(21): Illuminate\\Foundation\\Http\\FormRequest->passesAuthorization()
#26 C:\\laragon-7.0.6\\www\\usetwit\\vendor\\laravel\\framework\\src\\Illuminate\\Foundation\\Providers\\FormRequestServiceProvider.php(30): Illuminate\\Foundation\\Http\\FormRequest->validateResolved()
#27 C:\\laragon-7.0.6\\www\\usetwit\\vendor\\laravel\\framework\\src\\Illuminate\\Container\\Container.php(1500): Illuminate\\Foundation\\Providers\\FormRequestServiceProvider->{closure:Illuminate\\Foundation\\Providers\\FormRequestServiceProvider::boot():29}(Object(App\\Http\\Requests\\BomOperationsNetwork\\UpdateRequest), Object(Illuminate\\Foundation\\Application))
#28 C:\\laragon-7.0.6\\www\\usetwit\\vendor\\laravel\\framework\\src\\Illuminate\\Container\\Container.php(1436): Illuminate\\Container\\Container->fireCallbackArray(Object(App\\Http\\Requests\\BomOperationsNetwork\\UpdateRequest), Array)
#29 C:\\laragon-7.0.6\\www\\usetwit\\vendor\\laravel\\framework\\src\\Illuminate\\Container\\Container.php(1422): Illuminate\\Container\\Container->fireAfterResolvingCallbacks('App\\\\Http\\\\Reques...', Object(App\\Http\\Requests\\BomOperationsNetwork\\UpdateRequest))
#30 C:\\laragon-7.0.6\\www\\usetwit\\vendor\\laravel\\framework\\src\\Illuminate\\Container\\Container.php(908): Illuminate\\Container\\Container->fireResolvingCallbacks('App\\\\Http\\\\Reques...', Object(App\\Http\\Requests\\BomOperationsNetwork\\UpdateRequest))
#31 C:\\laragon-7.0.6\\www\\usetwit\\vendor\\laravel\\framework\\src\\Illuminate\\Foundation\\Application.php(1078): Illuminate\\Container\\Container->resolve('App\\\\Http\\\\Reques...', Array, true)
#32 C:\\laragon-7.0.6\\www\\usetwit\\vendor\\laravel\\framework\\src\\Illuminate\\Container\\Container.php(821): Illuminate\\Foundation\\Application->resolve('App\\\\Http\\\\Reques...', Array)
#33 C:\\laragon-7.0.6\\www\\usetwit\\vendor\\laravel\\framework\\src\\Illuminate\\Foundation\\Application.php(1058): Illuminate\\Container\\Container->make('App\\\\Http\\\\Reques...', Array)
#34 C:\\laragon-7.0.6\\www\\usetwit\\vendor\\laravel\\framework\\src\\Illuminate\\Routing\\ResolvesRouteDependencies.php(92): Illuminate\\Foundation\\Application->make('App\\\\Http\\\\Reques...')
#35 C:\\laragon-7.0.6\\www\\usetwit\\vendor\\laravel\\framework\\src\\Illuminate\\Routing\\ResolvesRouteDependencies.php(51): Illuminate\\Routing\\ControllerDispatcher->transformDependency(Object(ReflectionParameter), Array, Object(stdClass))
#36 C:\\laragon-7.0.6\\www\\usetwit\\vendor\\laravel\\framework\\src\\Illuminate\\Routing\\ResolvesRouteDependencies.php(30): Illuminate\\Routing\\ControllerDispatcher->resolveMethodDependencies(Array, Object(ReflectionMethod))
#37 C:\\laragon-7.0.6\\www\\usetwit\\vendor\\laravel\\framework\\src\\Illuminate\\Routing\\ControllerDispatcher.php(60): Illuminate\\Routing\\ControllerDispatcher->resolveClassMethodDependencies(Array, Object(App\\Http\\Controllers\\Admin\\BomOperationsNetworkController), 'update')
#38 C:\\laragon-7.0.6\\www\\usetwit\\vendor\\laravel\\framework\\src\\Illuminate\\Routing\\ControllerDispatcher.php(41): Illuminate\\Routing\\ControllerDispatcher->resolveParameters(Object(Illuminate\\Routing\\Route), Object(App\\Http\\Controllers\\Admin\\BomOperationsNetworkController), 'update')
#39 C:\\laragon-7.0.6\\www\\usetwit\\vendor\\laravel\\framework\\src\\Illuminate\\Routing\\Route.php(266): Illuminate\\Routing\\ControllerDispatcher->dispatch(Object(Illuminate\\Routing\\Route), Object(App\\Http\\Controllers\\Admin\\BomOperationsNetworkController), 'update')
#40 C:\\laragon-7.0.6\\www\\usetwit\\vendor\\laravel\\framework\\src\\Illuminate\\Routing\\Route.php(212): Illuminate\\Routing\\Route->runController()
#41 C:\\laragon-7.0.6\\www\\usetwit\\vendor\\laravel\\framework\\src\\Illuminate\\Routing\\Router.php(808): Illuminate\\Routing\\Route->run()
#42 C:\\laragon-7.0.6\\www\\usetwit\\vendor\\laravel\\framework\\src\\Illuminate\\Pipeline\\Pipeline.php(170): Illuminate\\Routing\\Router->{closure:Illuminate\\Routing\\Router::runRouteWithinStack():807}(Object(Illuminate\\Http\\Request))
#43 C:\\laragon-7.0.6\\www\\usetwit\\vendor\\laravel\\framework\\src\\Illuminate\\Auth\\Middleware\\Authorize.php(60): Illuminate\\Pipeline\\Pipeline->{closure:Illuminate\\Pipeline\\Pipeline::prepareDestination():168}(Object(Illuminate\\Http\\Request))
#44 C:\\laragon-7.0.6\\www\\usetwit\\vendor\\laravel\\framework\\src\\Illuminate\\Pipeline\\Pipeline.php(209): Illuminate\\Auth\\Middleware\\Authorize->handle(Object(Illuminate\\Http\\Request), Object(Closure), 'update', 'App\\\\Models\\\\Bom')
#45 C:\\laragon-7.0.6\\www\\usetwit\\vendor\\barryvdh\\laravel-debugbar\\src\\Middleware\\InjectDebugbar.php(66): Illuminate\\Pipeline\\Pipeline->{closure:{closure:Illuminate\\Pipeline\\Pipeline::carry():184}:185}(Object(Illuminate\\Http\\Request))
#46 C:\\laragon-7.0.6\\www\\usetwit\\vendor\\laravel\\framework\\src\\Illuminate\\Pipeline\\Pipeline.php(209): Barryvdh\\Debugbar\\Middleware\\InjectDebugbar->handle(Object(Illuminate\\Http\\Request), Object(Closure))
#47 C:\\laragon-7.0.6\\www\\usetwit\\vendor\\laravel\\framework\\src\\Illuminate\\Routing\\Middleware\\SubstituteBindings.php(51): Illuminate\\Pipeline\\Pipeline->{closure:{closure:Illuminate\\Pipeline\\Pipeline::carry():184}:185}(Object(Illuminate\\Http\\Request))
#48 C:\\laragon-7.0.6\\www\\usetwit\\vendor\\laravel\\framework\\src\\Illuminate\\Pipeline\\Pipeline.php(209): Illuminate\\Routing\\Middleware\\SubstituteBindings->handle(Object(Illuminate\\Http\\Request), Object(Closure))
#49 C:\\laragon-7.0.6\\www\\usetwit\\vendor\\laravel\\framework\\src\\Illuminate\\Auth\\Middleware\\Authenticate.php(64): Illuminate\\Pipeline\\Pipeline->{closure:{closure:Illuminate\\Pipeline\\Pipeline::carry():184}:185}(Object(Illuminate\\Http\\Request))
#50 C:\\laragon-7.0.6\\www\\usetwit\\vendor\\laravel\\framework\\src\\Illuminate\\Pipeline\\Pipeline.php(209): Illuminate\\Auth\\Middleware\\Authenticate->handle(Object(Illuminate\\Http\\Request), Object(Closure))
#51 C:\\laragon-7.0.6\\www\\usetwit\\vendor\\laravel\\framework\\src\\Illuminate\\Foundation\\Http\\Middleware\\VerifyCsrfToken.php(88): Illuminate\\Pipeline\\Pipeline->{closure:{closure:Illuminate\\Pipeline\\Pipeline::carry():184}:185}(Object(Illuminate\\Http\\Request))
#52 C:\\laragon-7.0.6\\www\\usetwit\\vendor\\laravel\\framework\\src\\Illuminate\\Pipeline\\Pipeline.php(209): Illuminate\\Foundation\\Http\\Middleware\\VerifyCsrfToken->handle(Object(Illuminate\\Http\\Request), Object(Closure))
#53 C:\\laragon-7.0.6\\www\\usetwit\\vendor\\laravel\\framework\\src\\Illuminate\\View\\Middleware\\ShareErrorsFromSession.php(49): Illuminate\\Pipeline\\Pipeline->{closure:{closure:Illuminate\\Pipeline\\Pipeline::carry():184}:185}(Object(Illuminate\\Http\\Request))
#54 C:\\laragon-7.0.6\\www\\usetwit\\vendor\\laravel\\framework\\src\\Illuminate\\Pipeline\\Pipeline.php(209): Illuminate\\View\\Middleware\\ShareErrorsFromSession->handle(Object(Illuminate\\Http\\Request), Object(Closure))
#55 C:\\laragon-7.0.6\\www\\usetwit\\vendor\\laravel\\framework\\src\\Illuminate\\Session\\Middleware\\StartSession.php(121): Illuminate\\Pipeline\\Pipeline->{closure:{closure:Illuminate\\Pipeline\\Pipeline::carry():184}:185}(Object(Illuminate\\Http\\Request))
#56 C:\\laragon-7.0.6\\www\\usetwit\\vendor\\laravel\\framework\\src\\Illuminate\\Session\\Middleware\\StartSession.php(64): Illuminate\\Session\\Middleware\\StartSession->handleStatefulRequest(Object(Illuminate\\Http\\Request), Object(Illuminate\\Session\\Store), Object(Closure))
#57 C:\\laragon-7.0.6\\www\\usetwit\\vendor\\laravel\\framework\\src\\Illuminate\\Pipeline\\Pipeline.php(209): Illuminate\\Session\\Middleware\\StartSession->handle(Object(Illuminate\\Http\\Request), Object(Closure))
#58 C:\\laragon-7.0.6\\www\\usetwit\\vendor\\laravel\\framework\\src\\Illuminate\\Cookie\\Middleware\\AddQueuedCookiesToResponse.php(37): Illuminate\\Pipeline\\Pipeline->{closure:{closure:Illuminate\\Pipeline\\Pipeline::carry():184}:185}(Object(Illuminate\\Http\\Request))
#59 C:\\laragon-7.0.6\\www\\usetwit\\vendor\\laravel\\framework\\src\\Illuminate\\Pipeline\\Pipeline.php(209): Illuminate\\Cookie\\Middleware\\AddQueuedCookiesToResponse->handle(Object(Illuminate\\Http\\Request), Object(Closure))
#60 C:\\laragon-7.0.6\\www\\usetwit\\vendor\\laravel\\framework\\src\\Illuminate\\Cookie\\Middleware\\EncryptCookies.php(75): Illuminate\\Pipeline\\Pipeline->{closure:{closure:Illuminate\\Pipeline\\Pipeline::carry():184}:185}(Object(Illuminate\\Http\\Request))
#61 C:\\laragon-7.0.6\\www\\usetwit\\vendor\\laravel\\framework\\src\\Illuminate\\Pipeline\\Pipeline.php(209): Illuminate\\Cookie\\Middleware\\EncryptCookies->handle(Object(Illuminate\\Http\\Request), Object(Closure))
#62 C:\\laragon-7.0.6\\www\\usetwit\\vendor\\laravel\\framework\\src\\Illuminate\\Pipeline\\Pipeline.php(127): Illuminate\\Pipeline\\Pipeline->{closure:{closure:Illuminate\\Pipeline\\Pipeline::carry():184}:185}(Object(Illuminate\\Http\\Request))
#63 C:\\laragon-7.0.6\\www\\usetwit\\vendor\\laravel\\framework\\src\\Illuminate\\Routing\\Router.php(807): Illuminate\\Pipeline\\Pipeline->then(Object(Closure))
#64 C:\\laragon-7.0.6\\www\\usetwit\\vendor\\laravel\\framework\\src\\Illuminate\\Routing\\Router.php(786): Illuminate\\Routing\\Router->runRouteWithinStack(Object(Illuminate\\Routing\\Route), Object(Illuminate\\Http\\Request))
#65 C:\\laragon-7.0.6\\www\\usetwit\\vendor\\laravel\\framework\\src\\Illuminate\\Routing\\Router.php(750): Illuminate\\Routing\\Router->runRoute(Object(Illuminate\\Http\\Request), Object(Illuminate\\Routing\\Route))
#66 C:\\laragon-7.0.6\\www\\usetwit\\vendor\\laravel\\framework\\src\\Illuminate\\Routing\\Router.php(739): Illuminate\\Routing\\Router->dispatchToRoute(Object(Illuminate\\Http\\Request))
#67 C:\\laragon-7.0.6\\www\\usetwit\\vendor\\laravel\\framework\\src\\Illuminate\\Foundation\\Http\\Kernel.php(201): Illuminate\\Routing\\Router->dispatch(Object(Illuminate\\Http\\Request))
#68 C:\\laragon-7.0.6\\www\\usetwit\\vendor\\laravel\\framework\\src\\Illuminate\\Pipeline\\Pipeline.php(170): Illuminate\\Foundation\\Http\\Kernel->{closure:Illuminate\\Foundation\\Http\\Kernel::dispatchToRouter():198}(Object(Illuminate\\Http\\Request))
#69 C:\\laragon-7.0.6\\www\\usetwit\\vendor\\barryvdh\\laravel-debugbar\\src\\Middleware\\InjectDebugbar.php(66): Illuminate\\Pipeline\\Pipeline->{closure:Illuminate\\Pipeline\\Pipeline::prepareDestination():168}(Object(Illuminate\\Http\\Request))
#70 C:\\laragon-7.0.6\\www\\usetwit\\vendor\\laravel\\framework\\src\\Illuminate\\Pipeline\\Pipeline.php(209): Barryvdh\\Debugbar\\Middleware\\InjectDebugbar->handle(Object(Illuminate\\Http\\Request), Object(Closure))
#71 C:\\laragon-7.0.6\\www\\usetwit\\vendor\\laravel\\framework\\src\\Illuminate\\Foundation\\Http\\Middleware\\TransformsRequest.php(21): Illuminate\\Pipeline\\Pipeline->{closure:{closure:Illuminate\\Pipeline\\Pipeline::carry():184}:185}(Object(Illuminate\\Http\\Request))
#72 C:\\laragon-7.0.6\\www\\usetwit\\vendor\\laravel\\framework\\src\\Illuminate\\Foundation\\Http\\Middleware\\ConvertEmptyStringsToNull.php(31): Illuminate\\Foundation\\Http\\Middleware\\TransformsRequest->handle(Object(Illuminate\\Http\\Request), Object(Closure))
#73 C:\\laragon-7.0.6\\www\\usetwit\\vendor\\laravel\\framework\\src\\Illuminate\\Pipeline\\Pipeline.php(209): Illuminate\\Foundation\\Http\\Middleware\\ConvertEmptyStringsToNull->handle(Object(Illuminate\\Http\\Request), Object(Closure))
#74 C:\\laragon-7.0.6\\www\\usetwit\\vendor\\laravel\\framework\\src\\Illuminate\\Foundation\\Http\\Middleware\\TransformsRequest.php(21): Illuminate\\Pipeline\\Pipeline->{closure:{closure:Illuminate\\Pipeline\\Pipeline::carry():184}:185}(Object(Illuminate\\Http\\Request))
#75 C:\\laragon-7.0.6\\www\\usetwit\\vendor\\laravel\\framework\\src\\Illuminate\\Foundation\\Http\\Middleware\\TrimStrings.php(51): Illuminate\\Foundation\\Http\\Middleware\\TransformsRequest->handle(Object(Illuminate\\Http\\Request), Object(Closure))
#76 C:\\laragon-7.0.6\\www\\usetwit\\vendor\\laravel\\framework\\src\\Illuminate\\Pipeline\\Pipeline.php(209): Illuminate\\Foundation\\Http\\Middleware\\TrimStrings->handle(Object(Illuminate\\Http\\Request), Object(Closure))
#77 C:\\laragon-7.0.6\\www\\usetwit\\vendor\\laravel\\framework\\src\\Illuminate\\Http\\Middleware\\ValidatePostSize.php(27): Illuminate\\Pipeline\\Pipeline->{closure:{closure:Illuminate\\Pipeline\\Pipeline::carry():184}:185}(Object(Illuminate\\Http\\Request))
#78 C:\\laragon-7.0.6\\www\\usetwit\\vendor\\laravel\\framework\\src\\Illuminate\\Pipeline\\Pipeline.php(209): Illuminate\\Http\\Middleware\\ValidatePostSize->handle(Object(Illuminate\\Http\\Request), Object(Closure))
#79 C:\\laragon-7.0.6\\www\\usetwit\\vendor\\laravel\\framework\\src\\Illuminate\\Foundation\\Http\\Middleware\\PreventRequestsDuringMaintenance.php(110): Illuminate\\Pipeline\\Pipeline->{closure:{closure:Illuminate\\Pipeline\\Pipeline::carry():184}:185}(Object(Illuminate\\Http\\Request))
#80 C:\\laragon-7.0.6\\www\\usetwit\\vendor\\laravel\\framework\\src\\Illuminate\\Pipeline\\Pipeline.php(209): Illuminate\\Foundation\\Http\\Middleware\\PreventRequestsDuringMaintenance->handle(Object(Illuminate\\Http\\Request), Object(Closure))
#81 C:\\laragon-7.0.6\\www\\usetwit\\vendor\\laravel\\framework\\src\\Illuminate\\Http\\Middleware\\HandleCors.php(49): Illuminate\\Pipeline\\Pipeline->{closure:{closure:Illuminate\\Pipeline\\Pipeline::carry():184}:185}(Object(Illuminate\\Http\\Request))
#82 C:\\laragon-7.0.6\\www\\usetwit\\vendor\\laravel\\framework\\src\\Illuminate\\Pipeline\\Pipeline.php(209): Illuminate\\Http\\Middleware\\HandleCors->handle(Object(Illuminate\\Http\\Request), Object(Closure))
#83 C:\\laragon-7.0.6\\www\\usetwit\\vendor\\laravel\\framework\\src\\Illuminate\\Http\\Middleware\\TrustProxies.php(58): Illuminate\\Pipeline\\Pipeline->{closure:{closure:Illuminate\\Pipeline\\Pipeline::carry():184}:185}(Object(Illuminate\\Http\\Request))
#84 C:\\laragon-7.0.6\\www\\usetwit\\vendor\\laravel\\framework\\src\\Illuminate\\Pipeline\\Pipeline.php(209): Illuminate\\Http\\Middleware\\TrustProxies->handle(Object(Illuminate\\Http\\Request), Object(Closure))
#85 C:\\laragon-7.0.6\\www\\usetwit\\vendor\\laravel\\framework\\src\\Illuminate\\Foundation\\Http\\Middleware\\InvokeDeferredCallbacks.php(22): Illuminate\\Pipeline\\Pipeline->{closure:{closure:Illuminate\\Pipeline\\Pipeline::carry():184}:185}(Object(Illuminate\\Http\\Request))
#86 C:\\laragon-7.0.6\\www\\usetwit\\vendor\\laravel\\framework\\src\\Illuminate\\Pipeline\\Pipeline.php(209): Illuminate\\Foundation\\Http\\Middleware\\InvokeDeferredCallbacks->handle(Object(Illuminate\\Http\\Request), Object(Closure))
#87 C:\\laragon-7.0.6\\www\\usetwit\\vendor\\laravel\\framework\\src\\Illuminate\\Http\\Middleware\\ValidatePathEncoding.php(26): Illuminate\\Pipeline\\Pipeline->{closure:{closure:Illuminate\\Pipeline\\Pipeline::carry():184}:185}(Object(Illuminate\\Http\\Request))
#88 C:\\laragon-7.0.6\\www\\usetwit\\vendor\\laravel\\framework\\src\\Illuminate\\Pipeline\\Pipeline.php(209): Illuminate\\Http\\Middleware\\ValidatePathEncoding->handle(Object(Illuminate\\Http\\Request), Object(Closure))
#89 C:\\laragon-7.0.6\\www\\usetwit\\vendor\\laravel\\framework\\src\\Illuminate\\Pipeline\\Pipeline.php(127): Illuminate\\Pipeline\\Pipeline->{closure:{closure:Illuminate\\Pipeline\\Pipeline::carry():184}:185}(Object(Illuminate\\Http\\Request))
#90 C:\\laragon-7.0.6\\www\\usetwit\\vendor\\laravel\\framework\\src\\Illuminate\\Foundation\\Http\\Kernel.php(176): Illuminate\\Pipeline\\Pipeline->then(Object(Closure))
#91 C:\\laragon-7.0.6\\www\\usetwit\\vendor\\laravel\\framework\\src\\Illuminate\\Foundation\\Http\\Kernel.php(145): Illuminate\\Foundation\\Http\\Kernel->sendRequestThroughRouter(Object(Illuminate\\Http\\Request))
#92 C:\\laragon-7.0.6\\www\\usetwit\\vendor\\laravel\\framework\\src\\Illuminate\\Foundation\\Application.php(1220): Illuminate\\Foundation\\Http\\Kernel->handle(Object(Illuminate\\Http\\Request))
#93 C:\\laragon-7.0.6\\www\\usetwit\\public\\index.php(17): Illuminate\\Foundation\\Application->handleRequest(Object(Illuminate\\Http\\Request))
#94 {main}
"} 
[2025-03-12 23:38:10] local.ERROR: include(C:\laragon-7.0.6\www\usetwit\vendor\composer/../../app/Policies/BomOperationPolicy.php): Failed to open stream: No such file or directory {"userId":1,"exception":"[object] (ErrorException(code: 0): include(C:\\laragon-7.0.6\\www\\usetwit\\vendor\\composer/../../app/Policies/BomOperationPolicy.php): Failed to open stream: No such file or directory at C:\\laragon-7.0.6\\www\\usetwit\\vendor\\composer\\ClassLoader.php:576)
[stacktrace]
#0 C:\\laragon-7.0.6\\www\\usetwit\\vendor\\laravel\\framework\\src\\Illuminate\\Foundation\\Bootstrap\\HandleExceptions.php(256): Illuminate\\Foundation\\Bootstrap\\HandleExceptions->handleError(2, 'include(C:\\\\lara...', 'C:\\\\laragon-7.0....', 576)
#1 C:\\laragon-7.0.6\\www\\usetwit\\vendor\\composer\\ClassLoader.php(576): Illuminate\\Foundation\\Bootstrap\\HandleExceptions->{closure:Illuminate\\Foundation\\Bootstrap\\HandleExceptions::forwardsTo():255}(2, 'include(C:\\\\lara...', 'C:\\\\laragon-7.0....', 576)
#2 C:\\laragon-7.0.6\\www\\usetwit\\vendor\\composer\\ClassLoader.php(576): include('C:\\\\laragon-7.0....')
#3 C:\\laragon-7.0.6\\www\\usetwit\\vendor\\composer\\ClassLoader.php(427): {closure:Composer\\Autoload\\ClassLoader::initializeIncludeClosure():575}('C:\\\\laragon-7.0....')
#4 [internal function]: Composer\\Autoload\\ClassLoader->loadClass('App\\\\Policies\\\\Bo...')
#5 C:\\laragon-7.0.6\\www\\usetwit\\vendor\\laravel\\framework\\src\\Illuminate\\Auth\\Access\\Gate.php(710): class_exists('App\\\\Policies\\\\Bo...')
#6 C:\\laragon-7.0.6\\www\\usetwit\\vendor\\laravel\\framework\\src\\Illuminate\\Collections\\Arr.php(208): Illuminate\\Auth\\Access\\Gate->{closure:Illuminate\\Auth\\Access\\Gate::guessPolicyName():709}('App\\\\Policies\\\\Bo...', 1)
#7 C:\\laragon-7.0.6\\www\\usetwit\\vendor\\laravel\\framework\\src\\Illuminate\\Collections\\Collection.php(417): Illuminate\\Support\\Arr::first(Array, Object(Closure), NULL)
#8 C:\\laragon-7.0.6\\www\\usetwit\\vendor\\laravel\\framework\\src\\Illuminate\\Auth\\Access\\Gate.php(709): Illuminate\\Support\\Collection->first(Object(Closure))
#9 C:\\laragon-7.0.6\\www\\usetwit\\vendor\\laravel\\framework\\src\\Illuminate\\Auth\\Access\\Gate.php(673): Illuminate\\Auth\\Access\\Gate->guessPolicyName('App\\\\Models\\\\BomO...')
#10 C:\\laragon-7.0.6\\www\\usetwit\\vendor\\laravel\\framework\\src\\Illuminate\\Auth\\Access\\Gate.php(630): Illuminate\\Auth\\Access\\Gate->getPolicyFor('App\\\\Models\\\\BomO...')
#11 C:\\laragon-7.0.6\\www\\usetwit\\vendor\\laravel\\framework\\src\\Illuminate\\Auth\\Access\\Gate.php(551): Illuminate\\Auth\\Access\\Gate->resolveAuthCallback(Object(App\\Models\\User), 'update', Array)
#12 C:\\laragon-7.0.6\\www\\usetwit\\vendor\\laravel\\framework\\src\\Illuminate\\Auth\\Access\\Gate.php(448): Illuminate\\Auth\\Access\\Gate->callAuthCallback(Object(App\\Models\\User), 'update', Array)
#13 C:\\laragon-7.0.6\\www\\usetwit\\vendor\\laravel\\framework\\src\\Illuminate\\Auth\\Access\\Gate.php(411): Illuminate\\Auth\\Access\\Gate->raw('update', Array)
#14 C:\\laragon-7.0.6\\www\\usetwit\\vendor\\laravel\\framework\\src\\Illuminate\\Auth\\Access\\Gate.php(359): Illuminate\\Auth\\Access\\Gate->inspect('update', 'App\\\\Models\\\\BomO...')
#15 C:\\laragon-7.0.6\\www\\usetwit\\vendor\\laravel\\framework\\src\\Illuminate\\Collections\\Traits\\EnumeratesValues.php(298): Illuminate\\Auth\\Access\\Gate->{closure:Illuminate\\Auth\\Access\\Gate::check():359}('update', 0)
#16 C:\\laragon-7.0.6\\www\\usetwit\\vendor\\laravel\\framework\\src\\Illuminate\\Auth\\Access\\Gate.php(358): Illuminate\\Support\\Collection->every(Object(Closure))
#17 C:\\laragon-7.0.6\\www\\usetwit\\vendor\\laravel\\framework\\src\\Illuminate\\Foundation\\Auth\\Access\\Authorizable.php(18): Illuminate\\Auth\\Access\\Gate->check('update', 'App\\\\Models\\\\BomO...')
#18 C:\\laragon-7.0.6\\www\\usetwit\\app\\Http\\Requests\\BomOperationsNetwork\\UpdateRequest.php(19): Illuminate\\Foundation\\Auth\\User->can('update', 'App\\\\Models\\\\BomO...')
#19 C:\\laragon-7.0.6\\www\\usetwit\\vendor\\laravel\\framework\\src\\Illuminate\\Container\\BoundMethod.php(36): App\\Http\\Requests\\BomOperationsNetwork\\UpdateRequest->authorize()
#20 C:\\laragon-7.0.6\\www\\usetwit\\vendor\\laravel\\framework\\src\\Illuminate\\Container\\Util.php(43): Illuminate\\Container\\BoundMethod::{closure:Illuminate\\Container\\BoundMethod::call():35}()
#21 C:\\laragon-7.0.6\\www\\usetwit\\vendor\\laravel\\framework\\src\\Illuminate\\Container\\BoundMethod.php(96): Illuminate\\Container\\Util::unwrapIfClosure(Object(Closure))
#22 C:\\laragon-7.0.6\\www\\usetwit\\vendor\\laravel\\framework\\src\\Illuminate\\Container\\BoundMethod.php(35): Illuminate\\Container\\BoundMethod::callBoundMethod(Object(Illuminate\\Foundation\\Application), Array, Object(Closure))
#23 C:\\laragon-7.0.6\\www\\usetwit\\vendor\\laravel\\framework\\src\\Illuminate\\Container\\Container.php(754): Illuminate\\Container\\BoundMethod::call(Object(Illuminate\\Foundation\\Application), Array, Array, NULL)
#24 C:\\laragon-7.0.6\\www\\usetwit\\vendor\\laravel\\framework\\src\\Illuminate\\Foundation\\Http\\FormRequest.php(203): Illuminate\\Container\\Container->call(Array)
#25 C:\\laragon-7.0.6\\www\\usetwit\\vendor\\laravel\\framework\\src\\Illuminate\\Validation\\ValidatesWhenResolvedTrait.php(21): Illuminate\\Foundation\\Http\\FormRequest->passesAuthorization()
#26 C:\\laragon-7.0.6\\www\\usetwit\\vendor\\laravel\\framework\\src\\Illuminate\\Foundation\\Providers\\FormRequestServiceProvider.php(30): Illuminate\\Foundation\\Http\\FormRequest->validateResolved()
#27 C:\\laragon-7.0.6\\www\\usetwit\\vendor\\laravel\\framework\\src\\Illuminate\\Container\\Container.php(1500): Illuminate\\Foundation\\Providers\\FormRequestServiceProvider->{closure:Illuminate\\Foundation\\Providers\\FormRequestServiceProvider::boot():29}(Object(App\\Http\\Requests\\BomOperationsNetwork\\UpdateRequest), Object(Illuminate\\Foundation\\Application))
#28 C:\\laragon-7.0.6\\www\\usetwit\\vendor\\laravel\\framework\\src\\Illuminate\\Container\\Container.php(1436): Illuminate\\Container\\Container->fireCallbackArray(Object(App\\Http\\Requests\\BomOperationsNetwork\\UpdateRequest), Array)
#29 C:\\laragon-7.0.6\\www\\usetwit\\vendor\\laravel\\framework\\src\\Illuminate\\Container\\Container.php(1422): Illuminate\\Container\\Container->fireAfterResolvingCallbacks('App\\\\Http\\\\Reques...', Object(App\\Http\\Requests\\BomOperationsNetwork\\UpdateRequest))
#30 C:\\laragon-7.0.6\\www\\usetwit\\vendor\\laravel\\framework\\src\\Illuminate\\Container\\Container.php(908): Illuminate\\Container\\Container->fireResolvingCallbacks('App\\\\Http\\\\Reques...', Object(App\\Http\\Requests\\BomOperationsNetwork\\UpdateRequest))
#31 C:\\laragon-7.0.6\\www\\usetwit\\vendor\\laravel\\framework\\src\\Illuminate\\Foundation\\Application.php(1078): Illuminate\\Container\\Container->resolve('App\\\\Http\\\\Reques...', Array, true)
#32 C:\\laragon-7.0.6\\www\\usetwit\\vendor\\laravel\\framework\\src\\Illuminate\\Container\\Container.php(821): Illuminate\\Foundation\\Application->resolve('App\\\\Http\\\\Reques...', Array)
#33 C:\\laragon-7.0.6\\www\\usetwit\\vendor\\laravel\\framework\\src\\Illuminate\\Foundation\\Application.php(1058): Illuminate\\Container\\Container->make('App\\\\Http\\\\Reques...', Array)
#34 C:\\laragon-7.0.6\\www\\usetwit\\vendor\\laravel\\framework\\src\\Illuminate\\Routing\\ResolvesRouteDependencies.php(92): Illuminate\\Foundation\\Application->make('App\\\\Http\\\\Reques...')
#35 C:\\laragon-7.0.6\\www\\usetwit\\vendor\\laravel\\framework\\src\\Illuminate\\Routing\\ResolvesRouteDependencies.php(51): Illuminate\\Routing\\ControllerDispatcher->transformDependency(Object(ReflectionParameter), Array, Object(stdClass))
#36 C:\\laragon-7.0.6\\www\\usetwit\\vendor\\laravel\\framework\\src\\Illuminate\\Routing\\ResolvesRouteDependencies.php(30): Illuminate\\Routing\\ControllerDispatcher->resolveMethodDependencies(Array, Object(ReflectionMethod))
#37 C:\\laragon-7.0.6\\www\\usetwit\\vendor\\laravel\\framework\\src\\Illuminate\\Routing\\ControllerDispatcher.php(60): Illuminate\\Routing\\ControllerDispatcher->resolveClassMethodDependencies(Array, Object(App\\Http\\Controllers\\Admin\\BomOperationsNetworkController), 'update')
#38 C:\\laragon-7.0.6\\www\\usetwit\\vendor\\laravel\\framework\\src\\Illuminate\\Routing\\ControllerDispatcher.php(41): Illuminate\\Routing\\ControllerDispatcher->resolveParameters(Object(Illuminate\\Routing\\Route), Object(App\\Http\\Controllers\\Admin\\BomOperationsNetworkController), 'update')
#39 C:\\laragon-7.0.6\\www\\usetwit\\vendor\\laravel\\framework\\src\\Illuminate\\Routing\\Route.php(266): Illuminate\\Routing\\ControllerDispatcher->dispatch(Object(Illuminate\\Routing\\Route), Object(App\\Http\\Controllers\\Admin\\BomOperationsNetworkController), 'update')
#40 C:\\laragon-7.0.6\\www\\usetwit\\vendor\\laravel\\framework\\src\\Illuminate\\Routing\\Route.php(212): Illuminate\\Routing\\Route->runController()
#41 C:\\laragon-7.0.6\\www\\usetwit\\vendor\\laravel\\framework\\src\\Illuminate\\Routing\\Router.php(808): Illuminate\\Routing\\Route->run()
#42 C:\\laragon-7.0.6\\www\\usetwit\\vendor\\laravel\\framework\\src\\Illuminate\\Pipeline\\Pipeline.php(170): Illuminate\\Routing\\Router->{closure:Illuminate\\Routing\\Router::runRouteWithinStack():807}(Object(Illuminate\\Http\\Request))
#43 C:\\laragon-7.0.6\\www\\usetwit\\vendor\\laravel\\framework\\src\\Illuminate\\Auth\\Middleware\\Authorize.php(60): Illuminate\\Pipeline\\Pipeline->{closure:Illuminate\\Pipeline\\Pipeline::prepareDestination():168}(Object(Illuminate\\Http\\Request))
#44 C:\\laragon-7.0.6\\www\\usetwit\\vendor\\laravel\\framework\\src\\Illuminate\\Pipeline\\Pipeline.php(209): Illuminate\\Auth\\Middleware\\Authorize->handle(Object(Illuminate\\Http\\Request), Object(Closure), 'update', 'App\\\\Models\\\\Bom')
#45 C:\\laragon-7.0.6\\www\\usetwit\\vendor\\barryvdh\\laravel-debugbar\\src\\Middleware\\InjectDebugbar.php(66): Illuminate\\Pipeline\\Pipeline->{closure:{closure:Illuminate\\Pipeline\\Pipeline::carry():184}:185}(Object(Illuminate\\Http\\Request))
#46 C:\\laragon-7.0.6\\www\\usetwit\\vendor\\laravel\\framework\\src\\Illuminate\\Pipeline\\Pipeline.php(209): Barryvdh\\Debugbar\\Middleware\\InjectDebugbar->handle(Object(Illuminate\\Http\\Request), Object(Closure))
#47 C:\\laragon-7.0.6\\www\\usetwit\\vendor\\laravel\\framework\\src\\Illuminate\\Routing\\Middleware\\SubstituteBindings.php(51): Illuminate\\Pipeline\\Pipeline->{closure:{closure:Illuminate\\Pipeline\\Pipeline::carry():184}:185}(Object(Illuminate\\Http\\Request))
#48 C:\\laragon-7.0.6\\www\\usetwit\\vendor\\laravel\\framework\\src\\Illuminate\\Pipeline\\Pipeline.php(209): Illuminate\\Routing\\Middleware\\SubstituteBindings->handle(Object(Illuminate\\Http\\Request), Object(Closure))
#49 C:\\laragon-7.0.6\\www\\usetwit\\vendor\\laravel\\framework\\src\\Illuminate\\Auth\\Middleware\\Authenticate.php(64): Illuminate\\Pipeline\\Pipeline->{closure:{closure:Illuminate\\Pipeline\\Pipeline::carry():184}:185}(Object(Illuminate\\Http\\Request))
#50 C:\\laragon-7.0.6\\www\\usetwit\\vendor\\laravel\\framework\\src\\Illuminate\\Pipeline\\Pipeline.php(209): Illuminate\\Auth\\Middleware\\Authenticate->handle(Object(Illuminate\\Http\\Request), Object(Closure))
#51 C:\\laragon-7.0.6\\www\\usetwit\\vendor\\laravel\\framework\\src\\Illuminate\\Foundation\\Http\\Middleware\\VerifyCsrfToken.php(88): Illuminate\\Pipeline\\Pipeline->{closure:{closure:Illuminate\\Pipeline\\Pipeline::carry():184}:185}(Object(Illuminate\\Http\\Request))
#52 C:\\laragon-7.0.6\\www\\usetwit\\vendor\\laravel\\framework\\src\\Illuminate\\Pipeline\\Pipeline.php(209): Illuminate\\Foundation\\Http\\Middleware\\VerifyCsrfToken->handle(Object(Illuminate\\Http\\Request), Object(Closure))
#53 C:\\laragon-7.0.6\\www\\usetwit\\vendor\\laravel\\framework\\src\\Illuminate\\View\\Middleware\\ShareErrorsFromSession.php(49): Illuminate\\Pipeline\\Pipeline->{closure:{closure:Illuminate\\Pipeline\\Pipeline::carry():184}:185}(Object(Illuminate\\Http\\Request))
#54 C:\\laragon-7.0.6\\www\\usetwit\\vendor\\laravel\\framework\\src\\Illuminate\\Pipeline\\Pipeline.php(209): Illuminate\\View\\Middleware\\ShareErrorsFromSession->handle(Object(Illuminate\\Http\\Request), Object(Closure))
#55 C:\\laragon-7.0.6\\www\\usetwit\\vendor\\laravel\\framework\\src\\Illuminate\\Session\\Middleware\\StartSession.php(121): Illuminate\\Pipeline\\Pipeline->{closure:{closure:Illuminate\\Pipeline\\Pipeline::carry():184}:185}(Object(Illuminate\\Http\\Request))
#56 C:\\laragon-7.0.6\\www\\usetwit\\vendor\\laravel\\framework\\src\\Illuminate\\Session\\Middleware\\StartSession.php(64): Illuminate\\Session\\Middleware\\StartSession->handleStatefulRequest(Object(Illuminate\\Http\\Request), Object(Illuminate\\Session\\Store), Object(Closure))
#57 C:\\laragon-7.0.6\\www\\usetwit\\vendor\\laravel\\framework\\src\\Illuminate\\Pipeline\\Pipeline.php(209): Illuminate\\Session\\Middleware\\StartSession->handle(Object(Illuminate\\Http\\Request), Object(Closure))
#58 C:\\laragon-7.0.6\\www\\usetwit\\vendor\\laravel\\framework\\src\\Illuminate\\Cookie\\Middleware\\AddQueuedCookiesToResponse.php(37): Illuminate\\Pipeline\\Pipeline->{closure:{closure:Illuminate\\Pipeline\\Pipeline::carry():184}:185}(Object(Illuminate\\Http\\Request))
#59 C:\\laragon-7.0.6\\www\\usetwit\\vendor\\laravel\\framework\\src\\Illuminate\\Pipeline\\Pipeline.php(209): Illuminate\\Cookie\\Middleware\\AddQueuedCookiesToResponse->handle(Object(Illuminate\\Http\\Request), Object(Closure))
#60 C:\\laragon-7.0.6\\www\\usetwit\\vendor\\laravel\\framework\\src\\Illuminate\\Cookie\\Middleware\\EncryptCookies.php(75): Illuminate\\Pipeline\\Pipeline->{closure:{closure:Illuminate\\Pipeline\\Pipeline::carry():184}:185}(Object(Illuminate\\Http\\Request))
#61 C:\\laragon-7.0.6\\www\\usetwit\\vendor\\laravel\\framework\\src\\Illuminate\\Pipeline\\Pipeline.php(209): Illuminate\\Cookie\\Middleware\\EncryptCookies->handle(Object(Illuminate\\Http\\Request), Object(Closure))
#62 C:\\laragon-7.0.6\\www\\usetwit\\vendor\\laravel\\framework\\src\\Illuminate\\Pipeline\\Pipeline.php(127): Illuminate\\Pipeline\\Pipeline->{closure:{closure:Illuminate\\Pipeline\\Pipeline::carry():184}:185}(Object(Illuminate\\Http\\Request))
#63 C:\\laragon-7.0.6\\www\\usetwit\\vendor\\laravel\\framework\\src\\Illuminate\\Routing\\Router.php(807): Illuminate\\Pipeline\\Pipeline->then(Object(Closure))
#64 C:\\laragon-7.0.6\\www\\usetwit\\vendor\\laravel\\framework\\src\\Illuminate\\Routing\\Router.php(786): Illuminate\\Routing\\Router->runRouteWithinStack(Object(Illuminate\\Routing\\Route), Object(Illuminate\\Http\\Request))
#65 C:\\laragon-7.0.6\\www\\usetwit\\vendor\\laravel\\framework\\src\\Illuminate\\Routing\\Router.php(750): Illuminate\\Routing\\Router->runRoute(Object(Illuminate\\Http\\Request), Object(Illuminate\\Routing\\Route))
#66 C:\\laragon-7.0.6\\www\\usetwit\\vendor\\laravel\\framework\\src\\Illuminate\\Routing\\Router.php(739): Illuminate\\Routing\\Router->dispatchToRoute(Object(Illuminate\\Http\\Request))
#67 C:\\laragon-7.0.6\\www\\usetwit\\vendor\\laravel\\framework\\src\\Illuminate\\Foundation\\Http\\Kernel.php(201): Illuminate\\Routing\\Router->dispatch(Object(Illuminate\\Http\\Request))
#68 C:\\laragon-7.0.6\\www\\usetwit\\vendor\\laravel\\framework\\src\\Illuminate\\Pipeline\\Pipeline.php(170): Illuminate\\Foundation\\Http\\Kernel->{closure:Illuminate\\Foundation\\Http\\Kernel::dispatchToRouter():198}(Object(Illuminate\\Http\\Request))
#69 C:\\laragon-7.0.6\\www\\usetwit\\vendor\\barryvdh\\laravel-debugbar\\src\\Middleware\\InjectDebugbar.php(66): Illuminate\\Pipeline\\Pipeline->{closure:Illuminate\\Pipeline\\Pipeline::prepareDestination():168}(Object(Illuminate\\Http\\Request))
#70 C:\\laragon-7.0.6\\www\\usetwit\\vendor\\laravel\\framework\\src\\Illuminate\\Pipeline\\Pipeline.php(209): Barryvdh\\Debugbar\\Middleware\\InjectDebugbar->handle(Object(Illuminate\\Http\\Request), Object(Closure))
#71 C:\\laragon-7.0.6\\www\\usetwit\\vendor\\laravel\\framework\\src\\Illuminate\\Foundation\\Http\\Middleware\\TransformsRequest.php(21): Illuminate\\Pipeline\\Pipeline->{closure:{closure:Illuminate\\Pipeline\\Pipeline::carry():184}:185}(Object(Illuminate\\Http\\Request))
#72 C:\\laragon-7.0.6\\www\\usetwit\\vendor\\laravel\\framework\\src\\Illuminate\\Foundation\\Http\\Middleware\\ConvertEmptyStringsToNull.php(31): Illuminate\\Foundation\\Http\\Middleware\\TransformsRequest->handle(Object(Illuminate\\Http\\Request), Object(Closure))
#73 C:\\laragon-7.0.6\\www\\usetwit\\vendor\\laravel\\framework\\src\\Illuminate\\Pipeline\\Pipeline.php(209): Illuminate\\Foundation\\Http\\Middleware\\ConvertEmptyStringsToNull->handle(Object(Illuminate\\Http\\Request), Object(Closure))
#74 C:\\laragon-7.0.6\\www\\usetwit\\vendor\\laravel\\framework\\src\\Illuminate\\Foundation\\Http\\Middleware\\TransformsRequest.php(21): Illuminate\\Pipeline\\Pipeline->{closure:{closure:Illuminate\\Pipeline\\Pipeline::carry():184}:185}(Object(Illuminate\\Http\\Request))
#75 C:\\laragon-7.0.6\\www\\usetwit\\vendor\\laravel\\framework\\src\\Illuminate\\Foundation\\Http\\Middleware\\TrimStrings.php(51): Illuminate\\Foundation\\Http\\Middleware\\TransformsRequest->handle(Object(Illuminate\\Http\\Request), Object(Closure))
#76 C:\\laragon-7.0.6\\www\\usetwit\\vendor\\laravel\\framework\\src\\Illuminate\\Pipeline\\Pipeline.php(209): Illuminate\\Foundation\\Http\\Middleware\\TrimStrings->handle(Object(Illuminate\\Http\\Request), Object(Closure))
#77 C:\\laragon-7.0.6\\www\\usetwit\\vendor\\laravel\\framework\\src\\Illuminate\\Http\\Middleware\\ValidatePostSize.php(27): Illuminate\\Pipeline\\Pipeline->{closure:{closure:Illuminate\\Pipeline\\Pipeline::carry():184}:185}(Object(Illuminate\\Http\\Request))
#78 C:\\laragon-7.0.6\\www\\usetwit\\vendor\\laravel\\framework\\src\\Illuminate\\Pipeline\\Pipeline.php(209): Illuminate\\Http\\Middleware\\ValidatePostSize->handle(Object(Illuminate\\Http\\Request), Object(Closure))
#79 C:\\laragon-7.0.6\\www\\usetwit\\vendor\\laravel\\framework\\src\\Illuminate\\Foundation\\Http\\Middleware\\PreventRequestsDuringMaintenance.php(110): Illuminate\\Pipeline\\Pipeline->{closure:{closure:Illuminate\\Pipeline\\Pipeline::carry():184}:185}(Object(Illuminate\\Http\\Request))
#80 C:\\laragon-7.0.6\\www\\usetwit\\vendor\\laravel\\framework\\src\\Illuminate\\Pipeline\\Pipeline.php(209): Illuminate\\Foundation\\Http\\Middleware\\PreventRequestsDuringMaintenance->handle(Object(Illuminate\\Http\\Request), Object(Closure))
#81 C:\\laragon-7.0.6\\www\\usetwit\\vendor\\laravel\\framework\\src\\Illuminate\\Http\\Middleware\\HandleCors.php(49): Illuminate\\Pipeline\\Pipeline->{closure:{closure:Illuminate\\Pipeline\\Pipeline::carry():184}:185}(Object(Illuminate\\Http\\Request))
#82 C:\\laragon-7.0.6\\www\\usetwit\\vendor\\laravel\\framework\\src\\Illuminate\\Pipeline\\Pipeline.php(209): Illuminate\\Http\\Middleware\\HandleCors->handle(Object(Illuminate\\Http\\Request), Object(Closure))
#83 C:\\laragon-7.0.6\\www\\usetwit\\vendor\\laravel\\framework\\src\\Illuminate\\Http\\Middleware\\TrustProxies.php(58): Illuminate\\Pipeline\\Pipeline->{closure:{closure:Illuminate\\Pipeline\\Pipeline::carry():184}:185}(Object(Illuminate\\Http\\Request))
#84 C:\\laragon-7.0.6\\www\\usetwit\\vendor\\laravel\\framework\\src\\Illuminate\\Pipeline\\Pipeline.php(209): Illuminate\\Http\\Middleware\\TrustProxies->handle(Object(Illuminate\\Http\\Request), Object(Closure))
#85 C:\\laragon-7.0.6\\www\\usetwit\\vendor\\laravel\\framework\\src\\Illuminate\\Foundation\\Http\\Middleware\\InvokeDeferredCallbacks.php(22): Illuminate\\Pipeline\\Pipeline->{closure:{closure:Illuminate\\Pipeline\\Pipeline::carry():184}:185}(Object(Illuminate\\Http\\Request))
#86 C:\\laragon-7.0.6\\www\\usetwit\\vendor\\laravel\\framework\\src\\Illuminate\\Pipeline\\Pipeline.php(209): Illuminate\\Foundation\\Http\\Middleware\\InvokeDeferredCallbacks->handle(Object(Illuminate\\Http\\Request), Object(Closure))
#87 C:\\laragon-7.0.6\\www\\usetwit\\vendor\\laravel\\framework\\src\\Illuminate\\Http\\Middleware\\ValidatePathEncoding.php(26): Illuminate\\Pipeline\\Pipeline->{closure:{closure:Illuminate\\Pipeline\\Pipeline::carry():184}:185}(Object(Illuminate\\Http\\Request))
#88 C:\\laragon-7.0.6\\www\\usetwit\\vendor\\laravel\\framework\\src\\Illuminate\\Pipeline\\Pipeline.php(209): Illuminate\\Http\\Middleware\\ValidatePathEncoding->handle(Object(Illuminate\\Http\\Request), Object(Closure))
#89 C:\\laragon-7.0.6\\www\\usetwit\\vendor\\laravel\\framework\\src\\Illuminate\\Pipeline\\Pipeline.php(127): Illuminate\\Pipeline\\Pipeline->{closure:{closure:Illuminate\\Pipeline\\Pipeline::carry():184}:185}(Object(Illuminate\\Http\\Request))
#90 C:\\laragon-7.0.6\\www\\usetwit\\vendor\\laravel\\framework\\src\\Illuminate\\Foundation\\Http\\Kernel.php(176): Illuminate\\Pipeline\\Pipeline->then(Object(Closure))
#91 C:\\laragon-7.0.6\\www\\usetwit\\vendor\\laravel\\framework\\src\\Illuminate\\Foundation\\Http\\Kernel.php(145): Illuminate\\Foundation\\Http\\Kernel->sendRequestThroughRouter(Object(Illuminate\\Http\\Request))
#92 C:\\laragon-7.0.6\\www\\usetwit\\vendor\\laravel\\framework\\src\\Illuminate\\Foundation\\Application.php(1220): Illuminate\\Foundation\\Http\\Kernel->handle(Object(Illuminate\\Http\\Request))
#93 C:\\laragon-7.0.6\\www\\usetwit\\public\\index.php(17): Illuminate\\Foundation\\Application->handleRequest(Object(Illuminate\\Http\\Request))
#94 {main}
"} 
[2025-03-12 23:40:09] local.ERROR: include(C:\laragon-7.0.6\www\usetwit\vendor\composer/../../app/Policies/BomOperationPolicy.php): Failed to open stream: No such file or directory {"userId":1,"exception":"[object] (ErrorException(code: 0): include(C:\\laragon-7.0.6\\www\\usetwit\\vendor\\composer/../../app/Policies/BomOperationPolicy.php): Failed to open stream: No such file or directory at C:\\laragon-7.0.6\\www\\usetwit\\vendor\\composer\\ClassLoader.php:576)
[stacktrace]
#0 C:\\laragon-7.0.6\\www\\usetwit\\vendor\\laravel\\framework\\src\\Illuminate\\Foundation\\Bootstrap\\HandleExceptions.php(256): Illuminate\\Foundation\\Bootstrap\\HandleExceptions->handleError(2, 'include(C:\\\\lara...', 'C:\\\\laragon-7.0....', 576)
#1 C:\\laragon-7.0.6\\www\\usetwit\\vendor\\composer\\ClassLoader.php(576): Illuminate\\Foundation\\Bootstrap\\HandleExceptions->{closure:Illuminate\\Foundation\\Bootstrap\\HandleExceptions::forwardsTo():255}(2, 'include(C:\\\\lara...', 'C:\\\\laragon-7.0....', 576)
#2 C:\\laragon-7.0.6\\www\\usetwit\\vendor\\composer\\ClassLoader.php(576): include('C:\\\\laragon-7.0....')
#3 C:\\laragon-7.0.6\\www\\usetwit\\vendor\\composer\\ClassLoader.php(427): {closure:Composer\\Autoload\\ClassLoader::initializeIncludeClosure():575}('C:\\\\laragon-7.0....')
#4 [internal function]: Composer\\Autoload\\ClassLoader->loadClass('App\\\\Policies\\\\Bo...')
#5 C:\\laragon-7.0.6\\www\\usetwit\\vendor\\laravel\\framework\\src\\Illuminate\\Auth\\Access\\Gate.php(710): class_exists('App\\\\Policies\\\\Bo...')
#6 C:\\laragon-7.0.6\\www\\usetwit\\vendor\\laravel\\framework\\src\\Illuminate\\Collections\\Arr.php(208): Illuminate\\Auth\\Access\\Gate->{closure:Illuminate\\Auth\\Access\\Gate::guessPolicyName():709}('App\\\\Policies\\\\Bo...', 1)
#7 C:\\laragon-7.0.6\\www\\usetwit\\vendor\\laravel\\framework\\src\\Illuminate\\Collections\\Collection.php(417): Illuminate\\Support\\Arr::first(Array, Object(Closure), NULL)
#8 C:\\laragon-7.0.6\\www\\usetwit\\vendor\\laravel\\framework\\src\\Illuminate\\Auth\\Access\\Gate.php(709): Illuminate\\Support\\Collection->first(Object(Closure))
#9 C:\\laragon-7.0.6\\www\\usetwit\\vendor\\laravel\\framework\\src\\Illuminate\\Auth\\Access\\Gate.php(673): Illuminate\\Auth\\Access\\Gate->guessPolicyName('App\\\\Models\\\\BomO...')
#10 C:\\laragon-7.0.6\\www\\usetwit\\vendor\\laravel\\framework\\src\\Illuminate\\Auth\\Access\\Gate.php(630): Illuminate\\Auth\\Access\\Gate->getPolicyFor('App\\\\Models\\\\BomO...')
#11 C:\\laragon-7.0.6\\www\\usetwit\\vendor\\laravel\\framework\\src\\Illuminate\\Auth\\Access\\Gate.php(551): Illuminate\\Auth\\Access\\Gate->resolveAuthCallback(Object(App\\Models\\User), 'update', Array)
#12 C:\\laragon-7.0.6\\www\\usetwit\\vendor\\laravel\\framework\\src\\Illuminate\\Auth\\Access\\Gate.php(448): Illuminate\\Auth\\Access\\Gate->callAuthCallback(Object(App\\Models\\User), 'update', Array)
#13 C:\\laragon-7.0.6\\www\\usetwit\\vendor\\laravel\\framework\\src\\Illuminate\\Auth\\Access\\Gate.php(411): Illuminate\\Auth\\Access\\Gate->raw('update', Array)
#14 C:\\laragon-7.0.6\\www\\usetwit\\vendor\\laravel\\framework\\src\\Illuminate\\Auth\\Access\\Gate.php(359): Illuminate\\Auth\\Access\\Gate->inspect('update', 'App\\\\Models\\\\BomO...')
#15 C:\\laragon-7.0.6\\www\\usetwit\\vendor\\laravel\\framework\\src\\Illuminate\\Collections\\Traits\\EnumeratesValues.php(298): Illuminate\\Auth\\Access\\Gate->{closure:Illuminate\\Auth\\Access\\Gate::check():359}('update', 0)
#16 C:\\laragon-7.0.6\\www\\usetwit\\vendor\\laravel\\framework\\src\\Illuminate\\Auth\\Access\\Gate.php(358): Illuminate\\Support\\Collection->every(Object(Closure))
#17 C:\\laragon-7.0.6\\www\\usetwit\\vendor\\laravel\\framework\\src\\Illuminate\\Foundation\\Auth\\Access\\Authorizable.php(18): Illuminate\\Auth\\Access\\Gate->check('update', 'App\\\\Models\\\\BomO...')
#18 C:\\laragon-7.0.6\\www\\usetwit\\app\\Http\\Requests\\BomOperationsNetwork\\UpdateRequest.php(19): Illuminate\\Foundation\\Auth\\User->can('update', 'App\\\\Models\\\\BomO...')
#19 C:\\laragon-7.0.6\\www\\usetwit\\vendor\\laravel\\framework\\src\\Illuminate\\Container\\BoundMethod.php(36): App\\Http\\Requests\\BomOperationsNetwork\\UpdateRequest->authorize()
#20 C:\\laragon-7.0.6\\www\\usetwit\\vendor\\laravel\\framework\\src\\Illuminate\\Container\\Util.php(43): Illuminate\\Container\\BoundMethod::{closure:Illuminate\\Container\\BoundMethod::call():35}()
#21 C:\\laragon-7.0.6\\www\\usetwit\\vendor\\laravel\\framework\\src\\Illuminate\\Container\\BoundMethod.php(96): Illuminate\\Container\\Util::unwrapIfClosure(Object(Closure))
#22 C:\\laragon-7.0.6\\www\\usetwit\\vendor\\laravel\\framework\\src\\Illuminate\\Container\\BoundMethod.php(35): Illuminate\\Container\\BoundMethod::callBoundMethod(Object(Illuminate\\Foundation\\Application), Array, Object(Closure))
#23 C:\\laragon-7.0.6\\www\\usetwit\\vendor\\laravel\\framework\\src\\Illuminate\\Container\\Container.php(754): Illuminate\\Container\\BoundMethod::call(Object(Illuminate\\Foundation\\Application), Array, Array, NULL)
#24 C:\\laragon-7.0.6\\www\\usetwit\\vendor\\laravel\\framework\\src\\Illuminate\\Foundation\\Http\\FormRequest.php(203): Illuminate\\Container\\Container->call(Array)
#25 C:\\laragon-7.0.6\\www\\usetwit\\vendor\\laravel\\framework\\src\\Illuminate\\Validation\\ValidatesWhenResolvedTrait.php(21): Illuminate\\Foundation\\Http\\FormRequest->passesAuthorization()
#26 C:\\laragon-7.0.6\\www\\usetwit\\vendor\\laravel\\framework\\src\\Illuminate\\Foundation\\Providers\\FormRequestServiceProvider.php(30): Illuminate\\Foundation\\Http\\FormRequest->validateResolved()
#27 C:\\laragon-7.0.6\\www\\usetwit\\vendor\\laravel\\framework\\src\\Illuminate\\Container\\Container.php(1500): Illuminate\\Foundation\\Providers\\FormRequestServiceProvider->{closure:Illuminate\\Foundation\\Providers\\FormRequestServiceProvider::boot():29}(Object(App\\Http\\Requests\\BomOperationsNetwork\\UpdateRequest), Object(Illuminate\\Foundation\\Application))
#28 C:\\laragon-7.0.6\\www\\usetwit\\vendor\\laravel\\framework\\src\\Illuminate\\Container\\Container.php(1436): Illuminate\\Container\\Container->fireCallbackArray(Object(App\\Http\\Requests\\BomOperationsNetwork\\UpdateRequest), Array)
#29 C:\\laragon-7.0.6\\www\\usetwit\\vendor\\laravel\\framework\\src\\Illuminate\\Container\\Container.php(1422): Illuminate\\Container\\Container->fireAfterResolvingCallbacks('App\\\\Http\\\\Reques...', Object(App\\Http\\Requests\\BomOperationsNetwork\\UpdateRequest))
#30 C:\\laragon-7.0.6\\www\\usetwit\\vendor\\laravel\\framework\\src\\Illuminate\\Container\\Container.php(908): Illuminate\\Container\\Container->fireResolvingCallbacks('App\\\\Http\\\\Reques...', Object(App\\Http\\Requests\\BomOperationsNetwork\\UpdateRequest))
#31 C:\\laragon-7.0.6\\www\\usetwit\\vendor\\laravel\\framework\\src\\Illuminate\\Foundation\\Application.php(1078): Illuminate\\Container\\Container->resolve('App\\\\Http\\\\Reques...', Array, true)
#32 C:\\laragon-7.0.6\\www\\usetwit\\vendor\\laravel\\framework\\src\\Illuminate\\Container\\Container.php(821): Illuminate\\Foundation\\Application->resolve('App\\\\Http\\\\Reques...', Array)
#33 C:\\laragon-7.0.6\\www\\usetwit\\vendor\\laravel\\framework\\src\\Illuminate\\Foundation\\Application.php(1058): Illuminate\\Container\\Container->make('App\\\\Http\\\\Reques...', Array)
#34 C:\\laragon-7.0.6\\www\\usetwit\\vendor\\laravel\\framework\\src\\Illuminate\\Routing\\ResolvesRouteDependencies.php(92): Illuminate\\Foundation\\Application->make('App\\\\Http\\\\Reques...')
#35 C:\\laragon-7.0.6\\www\\usetwit\\vendor\\laravel\\framework\\src\\Illuminate\\Routing\\ResolvesRouteDependencies.php(51): Illuminate\\Routing\\ControllerDispatcher->transformDependency(Object(ReflectionParameter), Array, Object(stdClass))
#36 C:\\laragon-7.0.6\\www\\usetwit\\vendor\\laravel\\framework\\src\\Illuminate\\Routing\\ResolvesRouteDependencies.php(30): Illuminate\\Routing\\ControllerDispatcher->resolveMethodDependencies(Array, Object(ReflectionMethod))
#37 C:\\laragon-7.0.6\\www\\usetwit\\vendor\\laravel\\framework\\src\\Illuminate\\Routing\\ControllerDispatcher.php(60): Illuminate\\Routing\\ControllerDispatcher->resolveClassMethodDependencies(Array, Object(App\\Http\\Controllers\\Admin\\BomOperationsNetworkController), 'update')
#38 C:\\laragon-7.0.6\\www\\usetwit\\vendor\\laravel\\framework\\src\\Illuminate\\Routing\\ControllerDispatcher.php(41): Illuminate\\Routing\\ControllerDispatcher->resolveParameters(Object(Illuminate\\Routing\\Route), Object(App\\Http\\Controllers\\Admin\\BomOperationsNetworkController), 'update')
#39 C:\\laragon-7.0.6\\www\\usetwit\\vendor\\laravel\\framework\\src\\Illuminate\\Routing\\Route.php(266): Illuminate\\Routing\\ControllerDispatcher->dispatch(Object(Illuminate\\Routing\\Route), Object(App\\Http\\Controllers\\Admin\\BomOperationsNetworkController), 'update')
#40 C:\\laragon-7.0.6\\www\\usetwit\\vendor\\laravel\\framework\\src\\Illuminate\\Routing\\Route.php(212): Illuminate\\Routing\\Route->runController()
#41 C:\\laragon-7.0.6\\www\\usetwit\\vendor\\laravel\\framework\\src\\Illuminate\\Routing\\Router.php(808): Illuminate\\Routing\\Route->run()
#42 C:\\laragon-7.0.6\\www\\usetwit\\vendor\\laravel\\framework\\src\\Illuminate\\Pipeline\\Pipeline.php(170): Illuminate\\Routing\\Router->{closure:Illuminate\\Routing\\Router::runRouteWithinStack():807}(Object(Illuminate\\Http\\Request))
#43 C:\\laragon-7.0.6\\www\\usetwit\\vendor\\laravel\\framework\\src\\Illuminate\\Auth\\Middleware\\Authorize.php(60): Illuminate\\Pipeline\\Pipeline->{closure:Illuminate\\Pipeline\\Pipeline::prepareDestination():168}(Object(Illuminate\\Http\\Request))
#44 C:\\laragon-7.0.6\\www\\usetwit\\vendor\\laravel\\framework\\src\\Illuminate\\Pipeline\\Pipeline.php(209): Illuminate\\Auth\\Middleware\\Authorize->handle(Object(Illuminate\\Http\\Request), Object(Closure), 'update', 'App\\\\Models\\\\Bom')
#45 C:\\laragon-7.0.6\\www\\usetwit\\vendor\\barryvdh\\laravel-debugbar\\src\\Middleware\\InjectDebugbar.php(66): Illuminate\\Pipeline\\Pipeline->{closure:{closure:Illuminate\\Pipeline\\Pipeline::carry():184}:185}(Object(Illuminate\\Http\\Request))
#46 C:\\laragon-7.0.6\\www\\usetwit\\vendor\\laravel\\framework\\src\\Illuminate\\Pipeline\\Pipeline.php(209): Barryvdh\\Debugbar\\Middleware\\InjectDebugbar->handle(Object(Illuminate\\Http\\Request), Object(Closure))
#47 C:\\laragon-7.0.6\\www\\usetwit\\vendor\\laravel\\framework\\src\\Illuminate\\Routing\\Middleware\\SubstituteBindings.php(51): Illuminate\\Pipeline\\Pipeline->{closure:{closure:Illuminate\\Pipeline\\Pipeline::carry():184}:185}(Object(Illuminate\\Http\\Request))
#48 C:\\laragon-7.0.6\\www\\usetwit\\vendor\\laravel\\framework\\src\\Illuminate\\Pipeline\\Pipeline.php(209): Illuminate\\Routing\\Middleware\\SubstituteBindings->handle(Object(Illuminate\\Http\\Request), Object(Closure))
#49 C:\\laragon-7.0.6\\www\\usetwit\\vendor\\laravel\\framework\\src\\Illuminate\\Auth\\Middleware\\Authenticate.php(64): Illuminate\\Pipeline\\Pipeline->{closure:{closure:Illuminate\\Pipeline\\Pipeline::carry():184}:185}(Object(Illuminate\\Http\\Request))
#50 C:\\laragon-7.0.6\\www\\usetwit\\vendor\\laravel\\framework\\src\\Illuminate\\Pipeline\\Pipeline.php(209): Illuminate\\Auth\\Middleware\\Authenticate->handle(Object(Illuminate\\Http\\Request), Object(Closure))
#51 C:\\laragon-7.0.6\\www\\usetwit\\vendor\\laravel\\framework\\src\\Illuminate\\Foundation\\Http\\Middleware\\VerifyCsrfToken.php(88): Illuminate\\Pipeline\\Pipeline->{closure:{closure:Illuminate\\Pipeline\\Pipeline::carry():184}:185}(Object(Illuminate\\Http\\Request))
#52 C:\\laragon-7.0.6\\www\\usetwit\\vendor\\laravel\\framework\\src\\Illuminate\\Pipeline\\Pipeline.php(209): Illuminate\\Foundation\\Http\\Middleware\\VerifyCsrfToken->handle(Object(Illuminate\\Http\\Request), Object(Closure))
#53 C:\\laragon-7.0.6\\www\\usetwit\\vendor\\laravel\\framework\\src\\Illuminate\\View\\Middleware\\ShareErrorsFromSession.php(49): Illuminate\\Pipeline\\Pipeline->{closure:{closure:Illuminate\\Pipeline\\Pipeline::carry():184}:185}(Object(Illuminate\\Http\\Request))
#54 C:\\laragon-7.0.6\\www\\usetwit\\vendor\\laravel\\framework\\src\\Illuminate\\Pipeline\\Pipeline.php(209): Illuminate\\View\\Middleware\\ShareErrorsFromSession->handle(Object(Illuminate\\Http\\Request), Object(Closure))
#55 C:\\laragon-7.0.6\\www\\usetwit\\vendor\\laravel\\framework\\src\\Illuminate\\Session\\Middleware\\StartSession.php(121): Illuminate\\Pipeline\\Pipeline->{closure:{closure:Illuminate\\Pipeline\\Pipeline::carry():184}:185}(Object(Illuminate\\Http\\Request))
#56 C:\\laragon-7.0.6\\www\\usetwit\\vendor\\laravel\\framework\\src\\Illuminate\\Session\\Middleware\\StartSession.php(64): Illuminate\\Session\\Middleware\\StartSession->handleStatefulRequest(Object(Illuminate\\Http\\Request), Object(Illuminate\\Session\\Store), Object(Closure))
#57 C:\\laragon-7.0.6\\www\\usetwit\\vendor\\laravel\\framework\\src\\Illuminate\\Pipeline\\Pipeline.php(209): Illuminate\\Session\\Middleware\\StartSession->handle(Object(Illuminate\\Http\\Request), Object(Closure))
#58 C:\\laragon-7.0.6\\www\\usetwit\\vendor\\laravel\\framework\\src\\Illuminate\\Cookie\\Middleware\\AddQueuedCookiesToResponse.php(37): Illuminate\\Pipeline\\Pipeline->{closure:{closure:Illuminate\\Pipeline\\Pipeline::carry():184}:185}(Object(Illuminate\\Http\\Request))
#59 C:\\laragon-7.0.6\\www\\usetwit\\vendor\\laravel\\framework\\src\\Illuminate\\Pipeline\\Pipeline.php(209): Illuminate\\Cookie\\Middleware\\AddQueuedCookiesToResponse->handle(Object(Illuminate\\Http\\Request), Object(Closure))
#60 C:\\laragon-7.0.6\\www\\usetwit\\vendor\\laravel\\framework\\src\\Illuminate\\Cookie\\Middleware\\EncryptCookies.php(75): Illuminate\\Pipeline\\Pipeline->{closure:{closure:Illuminate\\Pipeline\\Pipeline::carry():184}:185}(Object(Illuminate\\Http\\Request))
#61 C:\\laragon-7.0.6\\www\\usetwit\\vendor\\laravel\\framework\\src\\Illuminate\\Pipeline\\Pipeline.php(209): Illuminate\\Cookie\\Middleware\\EncryptCookies->handle(Object(Illuminate\\Http\\Request), Object(Closure))
#62 C:\\laragon-7.0.6\\www\\usetwit\\vendor\\laravel\\framework\\src\\Illuminate\\Pipeline\\Pipeline.php(127): Illuminate\\Pipeline\\Pipeline->{closure:{closure:Illuminate\\Pipeline\\Pipeline::carry():184}:185}(Object(Illuminate\\Http\\Request))
#63 C:\\laragon-7.0.6\\www\\usetwit\\vendor\\laravel\\framework\\src\\Illuminate\\Routing\\Router.php(807): Illuminate\\Pipeline\\Pipeline->then(Object(Closure))
#64 C:\\laragon-7.0.6\\www\\usetwit\\vendor\\laravel\\framework\\src\\Illuminate\\Routing\\Router.php(786): Illuminate\\Routing\\Router->runRouteWithinStack(Object(Illuminate\\Routing\\Route), Object(Illuminate\\Http\\Request))
#65 C:\\laragon-7.0.6\\www\\usetwit\\vendor\\laravel\\framework\\src\\Illuminate\\Routing\\Router.php(750): Illuminate\\Routing\\Router->runRoute(Object(Illuminate\\Http\\Request), Object(Illuminate\\Routing\\Route))
#66 C:\\laragon-7.0.6\\www\\usetwit\\vendor\\laravel\\framework\\src\\Illuminate\\Routing\\Router.php(739): Illuminate\\Routing\\Router->dispatchToRoute(Object(Illuminate\\Http\\Request))
#67 C:\\laragon-7.0.6\\www\\usetwit\\vendor\\laravel\\framework\\src\\Illuminate\\Foundation\\Http\\Kernel.php(201): Illuminate\\Routing\\Router->dispatch(Object(Illuminate\\Http\\Request))
#68 C:\\laragon-7.0.6\\www\\usetwit\\vendor\\laravel\\framework\\src\\Illuminate\\Pipeline\\Pipeline.php(170): Illuminate\\Foundation\\Http\\Kernel->{closure:Illuminate\\Foundation\\Http\\Kernel::dispatchToRouter():198}(Object(Illuminate\\Http\\Request))
#69 C:\\laragon-7.0.6\\www\\usetwit\\vendor\\barryvdh\\laravel-debugbar\\src\\Middleware\\InjectDebugbar.php(66): Illuminate\\Pipeline\\Pipeline->{closure:Illuminate\\Pipeline\\Pipeline::prepareDestination():168}(Object(Illuminate\\Http\\Request))
#70 C:\\laragon-7.0.6\\www\\usetwit\\vendor\\laravel\\framework\\src\\Illuminate\\Pipeline\\Pipeline.php(209): Barryvdh\\Debugbar\\Middleware\\InjectDebugbar->handle(Object(Illuminate\\Http\\Request), Object(Closure))
#71 C:\\laragon-7.0.6\\www\\usetwit\\vendor\\laravel\\framework\\src\\Illuminate\\Foundation\\Http\\Middleware\\TransformsRequest.php(21): Illuminate\\Pipeline\\Pipeline->{closure:{closure:Illuminate\\Pipeline\\Pipeline::carry():184}:185}(Object(Illuminate\\Http\\Request))
#72 C:\\laragon-7.0.6\\www\\usetwit\\vendor\\laravel\\framework\\src\\Illuminate\\Foundation\\Http\\Middleware\\ConvertEmptyStringsToNull.php(31): Illuminate\\Foundation\\Http\\Middleware\\TransformsRequest->handle(Object(Illuminate\\Http\\Request), Object(Closure))
#73 C:\\laragon-7.0.6\\www\\usetwit\\vendor\\laravel\\framework\\src\\Illuminate\\Pipeline\\Pipeline.php(209): Illuminate\\Foundation\\Http\\Middleware\\ConvertEmptyStringsToNull->handle(Object(Illuminate\\Http\\Request), Object(Closure))
#74 C:\\laragon-7.0.6\\www\\usetwit\\vendor\\laravel\\framework\\src\\Illuminate\\Foundation\\Http\\Middleware\\TransformsRequest.php(21): Illuminate\\Pipeline\\Pipeline->{closure:{closure:Illuminate\\Pipeline\\Pipeline::carry():184}:185}(Object(Illuminate\\Http\\Request))
#75 C:\\laragon-7.0.6\\www\\usetwit\\vendor\\laravel\\framework\\src\\Illuminate\\Foundation\\Http\\Middleware\\TrimStrings.php(51): Illuminate\\Foundation\\Http\\Middleware\\TransformsRequest->handle(Object(Illuminate\\Http\\Request), Object(Closure))
#76 C:\\laragon-7.0.6\\www\\usetwit\\vendor\\laravel\\framework\\src\\Illuminate\\Pipeline\\Pipeline.php(209): Illuminate\\Foundation\\Http\\Middleware\\TrimStrings->handle(Object(Illuminate\\Http\\Request), Object(Closure))
#77 C:\\laragon-7.0.6\\www\\usetwit\\vendor\\laravel\\framework\\src\\Illuminate\\Http\\Middleware\\ValidatePostSize.php(27): Illuminate\\Pipeline\\Pipeline->{closure:{closure:Illuminate\\Pipeline\\Pipeline::carry():184}:185}(Object(Illuminate\\Http\\Request))
#78 C:\\laragon-7.0.6\\www\\usetwit\\vendor\\laravel\\framework\\src\\Illuminate\\Pipeline\\Pipeline.php(209): Illuminate\\Http\\Middleware\\ValidatePostSize->handle(Object(Illuminate\\Http\\Request), Object(Closure))
#79 C:\\laragon-7.0.6\\www\\usetwit\\vendor\\laravel\\framework\\src\\Illuminate\\Foundation\\Http\\Middleware\\PreventRequestsDuringMaintenance.php(110): Illuminate\\Pipeline\\Pipeline->{closure:{closure:Illuminate\\Pipeline\\Pipeline::carry():184}:185}(Object(Illuminate\\Http\\Request))
#80 C:\\laragon-7.0.6\\www\\usetwit\\vendor\\laravel\\framework\\src\\Illuminate\\Pipeline\\Pipeline.php(209): Illuminate\\Foundation\\Http\\Middleware\\PreventRequestsDuringMaintenance->handle(Object(Illuminate\\Http\\Request), Object(Closure))
#81 C:\\laragon-7.0.6\\www\\usetwit\\vendor\\laravel\\framework\\src\\Illuminate\\Http\\Middleware\\HandleCors.php(49): Illuminate\\Pipeline\\Pipeline->{closure:{closure:Illuminate\\Pipeline\\Pipeline::carry():184}:185}(Object(Illuminate\\Http\\Request))
#82 C:\\laragon-7.0.6\\www\\usetwit\\vendor\\laravel\\framework\\src\\Illuminate\\Pipeline\\Pipeline.php(209): Illuminate\\Http\\Middleware\\HandleCors->handle(Object(Illuminate\\Http\\Request), Object(Closure))
#83 C:\\laragon-7.0.6\\www\\usetwit\\vendor\\laravel\\framework\\src\\Illuminate\\Http\\Middleware\\TrustProxies.php(58): Illuminate\\Pipeline\\Pipeline->{closure:{closure:Illuminate\\Pipeline\\Pipeline::carry():184}:185}(Object(Illuminate\\Http\\Request))
#84 C:\\laragon-7.0.6\\www\\usetwit\\vendor\\laravel\\framework\\src\\Illuminate\\Pipeline\\Pipeline.php(209): Illuminate\\Http\\Middleware\\TrustProxies->handle(Object(Illuminate\\Http\\Request), Object(Closure))
#85 C:\\laragon-7.0.6\\www\\usetwit\\vendor\\laravel\\framework\\src\\Illuminate\\Foundation\\Http\\Middleware\\InvokeDeferredCallbacks.php(22): Illuminate\\Pipeline\\Pipeline->{closure:{closure:Illuminate\\Pipeline\\Pipeline::carry():184}:185}(Object(Illuminate\\Http\\Request))
#86 C:\\laragon-7.0.6\\www\\usetwit\\vendor\\laravel\\framework\\src\\Illuminate\\Pipeline\\Pipeline.php(209): Illuminate\\Foundation\\Http\\Middleware\\InvokeDeferredCallbacks->handle(Object(Illuminate\\Http\\Request), Object(Closure))
#87 C:\\laragon-7.0.6\\www\\usetwit\\vendor\\laravel\\framework\\src\\Illuminate\\Http\\Middleware\\ValidatePathEncoding.php(26): Illuminate\\Pipeline\\Pipeline->{closure:{closure:Illuminate\\Pipeline\\Pipeline::carry():184}:185}(Object(Illuminate\\Http\\Request))
#88 C:\\laragon-7.0.6\\www\\usetwit\\vendor\\laravel\\framework\\src\\Illuminate\\Pipeline\\Pipeline.php(209): Illuminate\\Http\\Middleware\\ValidatePathEncoding->handle(Object(Illuminate\\Http\\Request), Object(Closure))
#89 C:\\laragon-7.0.6\\www\\usetwit\\vendor\\laravel\\framework\\src\\Illuminate\\Pipeline\\Pipeline.php(127): Illuminate\\Pipeline\\Pipeline->{closure:{closure:Illuminate\\Pipeline\\Pipeline::carry():184}:185}(Object(Illuminate\\Http\\Request))
#90 C:\\laragon-7.0.6\\www\\usetwit\\vendor\\laravel\\framework\\src\\Illuminate\\Foundation\\Http\\Kernel.php(176): Illuminate\\Pipeline\\Pipeline->then(Object(Closure))
#91 C:\\laragon-7.0.6\\www\\usetwit\\vendor\\laravel\\framework\\src\\Illuminate\\Foundation\\Http\\Kernel.php(145): Illuminate\\Foundation\\Http\\Kernel->sendRequestThroughRouter(Object(Illuminate\\Http\\Request))
#92 C:\\laragon-7.0.6\\www\\usetwit\\vendor\\laravel\\framework\\src\\Illuminate\\Foundation\\Application.php(1220): Illuminate\\Foundation\\Http\\Kernel->handle(Object(Illuminate\\Http\\Request))
#93 C:\\laragon-7.0.6\\www\\usetwit\\public\\index.php(17): Illuminate\\Foundation\\Application->handleRequest(Object(Illuminate\\Http\\Request))
#94 {main}
"} 
[2025-03-12 23:40:27] local.ERROR: include(C:\laragon-7.0.6\www\usetwit\vendor\composer/../../app/Policies/BomOperationPolicy.php): Failed to open stream: No such file or directory {"userId":1,"exception":"[object] (ErrorException(code: 0): include(C:\\laragon-7.0.6\\www\\usetwit\\vendor\\composer/../../app/Policies/BomOperationPolicy.php): Failed to open stream: No such file or directory at C:\\laragon-7.0.6\\www\\usetwit\\vendor\\composer\\ClassLoader.php:576)
[stacktrace]
#0 C:\\laragon-7.0.6\\www\\usetwit\\vendor\\laravel\\framework\\src\\Illuminate\\Foundation\\Bootstrap\\HandleExceptions.php(256): Illuminate\\Foundation\\Bootstrap\\HandleExceptions->handleError(2, 'include(C:\\\\lara...', 'C:\\\\laragon-7.0....', 576)
#1 C:\\laragon-7.0.6\\www\\usetwit\\vendor\\composer\\ClassLoader.php(576): Illuminate\\Foundation\\Bootstrap\\HandleExceptions->{closure:Illuminate\\Foundation\\Bootstrap\\HandleExceptions::forwardsTo():255}(2, 'include(C:\\\\lara...', 'C:\\\\laragon-7.0....', 576)
#2 C:\\laragon-7.0.6\\www\\usetwit\\vendor\\composer\\ClassLoader.php(576): include('C:\\\\laragon-7.0....')
#3 C:\\laragon-7.0.6\\www\\usetwit\\vendor\\composer\\ClassLoader.php(427): {closure:Composer\\Autoload\\ClassLoader::initializeIncludeClosure():575}('C:\\\\laragon-7.0....')
#4 [internal function]: Composer\\Autoload\\ClassLoader->loadClass('App\\\\Policies\\\\Bo...')
#5 C:\\laragon-7.0.6\\www\\usetwit\\vendor\\laravel\\framework\\src\\Illuminate\\Auth\\Access\\Gate.php(710): class_exists('App\\\\Policies\\\\Bo...')
#6 C:\\laragon-7.0.6\\www\\usetwit\\vendor\\laravel\\framework\\src\\Illuminate\\Collections\\Arr.php(208): Illuminate\\Auth\\Access\\Gate->{closure:Illuminate\\Auth\\Access\\Gate::guessPolicyName():709}('App\\\\Policies\\\\Bo...', 1)
#7 C:\\laragon-7.0.6\\www\\usetwit\\vendor\\laravel\\framework\\src\\Illuminate\\Collections\\Collection.php(417): Illuminate\\Support\\Arr::first(Array, Object(Closure), NULL)
#8 C:\\laragon-7.0.6\\www\\usetwit\\vendor\\laravel\\framework\\src\\Illuminate\\Auth\\Access\\Gate.php(709): Illuminate\\Support\\Collection->first(Object(Closure))
#9 C:\\laragon-7.0.6\\www\\usetwit\\vendor\\laravel\\framework\\src\\Illuminate\\Auth\\Access\\Gate.php(673): Illuminate\\Auth\\Access\\Gate->guessPolicyName('App\\\\Models\\\\BomO...')
#10 C:\\laragon-7.0.6\\www\\usetwit\\vendor\\laravel\\framework\\src\\Illuminate\\Auth\\Access\\Gate.php(630): Illuminate\\Auth\\Access\\Gate->getPolicyFor('App\\\\Models\\\\BomO...')
#11 C:\\laragon-7.0.6\\www\\usetwit\\vendor\\laravel\\framework\\src\\Illuminate\\Auth\\Access\\Gate.php(551): Illuminate\\Auth\\Access\\Gate->resolveAuthCallback(Object(App\\Models\\User), 'update', Array)
#12 C:\\laragon-7.0.6\\www\\usetwit\\vendor\\laravel\\framework\\src\\Illuminate\\Auth\\Access\\Gate.php(448): Illuminate\\Auth\\Access\\Gate->callAuthCallback(Object(App\\Models\\User), 'update', Array)
#13 C:\\laragon-7.0.6\\www\\usetwit\\vendor\\laravel\\framework\\src\\Illuminate\\Auth\\Access\\Gate.php(411): Illuminate\\Auth\\Access\\Gate->raw('update', Array)
#14 C:\\laragon-7.0.6\\www\\usetwit\\vendor\\laravel\\framework\\src\\Illuminate\\Auth\\Access\\Gate.php(359): Illuminate\\Auth\\Access\\Gate->inspect('update', 'App\\\\Models\\\\BomO...')
#15 C:\\laragon-7.0.6\\www\\usetwit\\vendor\\laravel\\framework\\src\\Illuminate\\Collections\\Traits\\EnumeratesValues.php(298): Illuminate\\Auth\\Access\\Gate->{closure:Illuminate\\Auth\\Access\\Gate::check():359}('update', 0)
#16 C:\\laragon-7.0.6\\www\\usetwit\\vendor\\laravel\\framework\\src\\Illuminate\\Auth\\Access\\Gate.php(358): Illuminate\\Support\\Collection->every(Object(Closure))
#17 C:\\laragon-7.0.6\\www\\usetwit\\vendor\\laravel\\framework\\src\\Illuminate\\Foundation\\Auth\\Access\\Authorizable.php(18): Illuminate\\Auth\\Access\\Gate->check('update', 'App\\\\Models\\\\BomO...')
#18 C:\\laragon-7.0.6\\www\\usetwit\\app\\Http\\Requests\\BomOperationsNetwork\\UpdateRequest.php(19): Illuminate\\Foundation\\Auth\\User->can('update', 'App\\\\Models\\\\BomO...')
#19 C:\\laragon-7.0.6\\www\\usetwit\\vendor\\laravel\\framework\\src\\Illuminate\\Container\\BoundMethod.php(36): App\\Http\\Requests\\BomOperationsNetwork\\UpdateRequest->authorize()
#20 C:\\laragon-7.0.6\\www\\usetwit\\vendor\\laravel\\framework\\src\\Illuminate\\Container\\Util.php(43): Illuminate\\Container\\BoundMethod::{closure:Illuminate\\Container\\BoundMethod::call():35}()
#21 C:\\laragon-7.0.6\\www\\usetwit\\vendor\\laravel\\framework\\src\\Illuminate\\Container\\BoundMethod.php(96): Illuminate\\Container\\Util::unwrapIfClosure(Object(Closure))
#22 C:\\laragon-7.0.6\\www\\usetwit\\vendor\\laravel\\framework\\src\\Illuminate\\Container\\BoundMethod.php(35): Illuminate\\Container\\BoundMethod::callBoundMethod(Object(Illuminate\\Foundation\\Application), Array, Object(Closure))
#23 C:\\laragon-7.0.6\\www\\usetwit\\vendor\\laravel\\framework\\src\\Illuminate\\Container\\Container.php(754): Illuminate\\Container\\BoundMethod::call(Object(Illuminate\\Foundation\\Application), Array, Array, NULL)
#24 C:\\laragon-7.0.6\\www\\usetwit\\vendor\\laravel\\framework\\src\\Illuminate\\Foundation\\Http\\FormRequest.php(203): Illuminate\\Container\\Container->call(Array)
#25 C:\\laragon-7.0.6\\www\\usetwit\\vendor\\laravel\\framework\\src\\Illuminate\\Validation\\ValidatesWhenResolvedTrait.php(21): Illuminate\\Foundation\\Http\\FormRequest->passesAuthorization()
#26 C:\\laragon-7.0.6\\www\\usetwit\\vendor\\laravel\\framework\\src\\Illuminate\\Foundation\\Providers\\FormRequestServiceProvider.php(30): Illuminate\\Foundation\\Http\\FormRequest->validateResolved()
#27 C:\\laragon-7.0.6\\www\\usetwit\\vendor\\laravel\\framework\\src\\Illuminate\\Container\\Container.php(1500): Illuminate\\Foundation\\Providers\\FormRequestServiceProvider->{closure:Illuminate\\Foundation\\Providers\\FormRequestServiceProvider::boot():29}(Object(App\\Http\\Requests\\BomOperationsNetwork\\UpdateRequest), Object(Illuminate\\Foundation\\Application))
#28 C:\\laragon-7.0.6\\www\\usetwit\\vendor\\laravel\\framework\\src\\Illuminate\\Container\\Container.php(1436): Illuminate\\Container\\Container->fireCallbackArray(Object(App\\Http\\Requests\\BomOperationsNetwork\\UpdateRequest), Array)
#29 C:\\laragon-7.0.6\\www\\usetwit\\vendor\\laravel\\framework\\src\\Illuminate\\Container\\Container.php(1422): Illuminate\\Container\\Container->fireAfterResolvingCallbacks('App\\\\Http\\\\Reques...', Object(App\\Http\\Requests\\BomOperationsNetwork\\UpdateRequest))
#30 C:\\laragon-7.0.6\\www\\usetwit\\vendor\\laravel\\framework\\src\\Illuminate\\Container\\Container.php(908): Illuminate\\Container\\Container->fireResolvingCallbacks('App\\\\Http\\\\Reques...', Object(App\\Http\\Requests\\BomOperationsNetwork\\UpdateRequest))
#31 C:\\laragon-7.0.6\\www\\usetwit\\vendor\\laravel\\framework\\src\\Illuminate\\Foundation\\Application.php(1078): Illuminate\\Container\\Container->resolve('App\\\\Http\\\\Reques...', Array, true)
#32 C:\\laragon-7.0.6\\www\\usetwit\\vendor\\laravel\\framework\\src\\Illuminate\\Container\\Container.php(821): Illuminate\\Foundation\\Application->resolve('App\\\\Http\\\\Reques...', Array)
#33 C:\\laragon-7.0.6\\www\\usetwit\\vendor\\laravel\\framework\\src\\Illuminate\\Foundation\\Application.php(1058): Illuminate\\Container\\Container->make('App\\\\Http\\\\Reques...', Array)
#34 C:\\laragon-7.0.6\\www\\usetwit\\vendor\\laravel\\framework\\src\\Illuminate\\Routing\\ResolvesRouteDependencies.php(92): Illuminate\\Foundation\\Application->make('App\\\\Http\\\\Reques...')
#35 C:\\laragon-7.0.6\\www\\usetwit\\vendor\\laravel\\framework\\src\\Illuminate\\Routing\\ResolvesRouteDependencies.php(51): Illuminate\\Routing\\ControllerDispatcher->transformDependency(Object(ReflectionParameter), Array, Object(stdClass))
#36 C:\\laragon-7.0.6\\www\\usetwit\\vendor\\laravel\\framework\\src\\Illuminate\\Routing\\ResolvesRouteDependencies.php(30): Illuminate\\Routing\\ControllerDispatcher->resolveMethodDependencies(Array, Object(ReflectionMethod))
#37 C:\\laragon-7.0.6\\www\\usetwit\\vendor\\laravel\\framework\\src\\Illuminate\\Routing\\ControllerDispatcher.php(60): Illuminate\\Routing\\ControllerDispatcher->resolveClassMethodDependencies(Array, Object(App\\Http\\Controllers\\Admin\\BomOperationsNetworkController), 'update')
#38 C:\\laragon-7.0.6\\www\\usetwit\\vendor\\laravel\\framework\\src\\Illuminate\\Routing\\ControllerDispatcher.php(41): Illuminate\\Routing\\ControllerDispatcher->resolveParameters(Object(Illuminate\\Routing\\Route), Object(App\\Http\\Controllers\\Admin\\BomOperationsNetworkController), 'update')
#39 C:\\laragon-7.0.6\\www\\usetwit\\vendor\\laravel\\framework\\src\\Illuminate\\Routing\\Route.php(266): Illuminate\\Routing\\ControllerDispatcher->dispatch(Object(Illuminate\\Routing\\Route), Object(App\\Http\\Controllers\\Admin\\BomOperationsNetworkController), 'update')
#40 C:\\laragon-7.0.6\\www\\usetwit\\vendor\\laravel\\framework\\src\\Illuminate\\Routing\\Route.php(212): Illuminate\\Routing\\Route->runController()
#41 C:\\laragon-7.0.6\\www\\usetwit\\vendor\\laravel\\framework\\src\\Illuminate\\Routing\\Router.php(808): Illuminate\\Routing\\Route->run()
#42 C:\\laragon-7.0.6\\www\\usetwit\\vendor\\laravel\\framework\\src\\Illuminate\\Pipeline\\Pipeline.php(170): Illuminate\\Routing\\Router->{closure:Illuminate\\Routing\\Router::runRouteWithinStack():807}(Object(Illuminate\\Http\\Request))
#43 C:\\laragon-7.0.6\\www\\usetwit\\vendor\\laravel\\framework\\src\\Illuminate\\Auth\\Middleware\\Authorize.php(60): Illuminate\\Pipeline\\Pipeline->{closure:Illuminate\\Pipeline\\Pipeline::prepareDestination():168}(Object(Illuminate\\Http\\Request))
#44 C:\\laragon-7.0.6\\www\\usetwit\\vendor\\laravel\\framework\\src\\Illuminate\\Pipeline\\Pipeline.php(209): Illuminate\\Auth\\Middleware\\Authorize->handle(Object(Illuminate\\Http\\Request), Object(Closure), 'update', 'App\\\\Models\\\\Bom')
#45 C:\\laragon-7.0.6\\www\\usetwit\\vendor\\barryvdh\\laravel-debugbar\\src\\Middleware\\InjectDebugbar.php(66): Illuminate\\Pipeline\\Pipeline->{closure:{closure:Illuminate\\Pipeline\\Pipeline::carry():184}:185}(Object(Illuminate\\Http\\Request))
#46 C:\\laragon-7.0.6\\www\\usetwit\\vendor\\laravel\\framework\\src\\Illuminate\\Pipeline\\Pipeline.php(209): Barryvdh\\Debugbar\\Middleware\\InjectDebugbar->handle(Object(Illuminate\\Http\\Request), Object(Closure))
#47 C:\\laragon-7.0.6\\www\\usetwit\\vendor\\laravel\\framework\\src\\Illuminate\\Routing\\Middleware\\SubstituteBindings.php(51): Illuminate\\Pipeline\\Pipeline->{closure:{closure:Illuminate\\Pipeline\\Pipeline::carry():184}:185}(Object(Illuminate\\Http\\Request))
#48 C:\\laragon-7.0.6\\www\\usetwit\\vendor\\laravel\\framework\\src\\Illuminate\\Pipeline\\Pipeline.php(209): Illuminate\\Routing\\Middleware\\SubstituteBindings->handle(Object(Illuminate\\Http\\Request), Object(Closure))
#49 C:\\laragon-7.0.6\\www\\usetwit\\vendor\\laravel\\framework\\src\\Illuminate\\Auth\\Middleware\\Authenticate.php(64): Illuminate\\Pipeline\\Pipeline->{closure:{closure:Illuminate\\Pipeline\\Pipeline::carry():184}:185}(Object(Illuminate\\Http\\Request))
#50 C:\\laragon-7.0.6\\www\\usetwit\\vendor\\laravel\\framework\\src\\Illuminate\\Pipeline\\Pipeline.php(209): Illuminate\\Auth\\Middleware\\Authenticate->handle(Object(Illuminate\\Http\\Request), Object(Closure))
#51 C:\\laragon-7.0.6\\www\\usetwit\\vendor\\laravel\\framework\\src\\Illuminate\\Foundation\\Http\\Middleware\\VerifyCsrfToken.php(88): Illuminate\\Pipeline\\Pipeline->{closure:{closure:Illuminate\\Pipeline\\Pipeline::carry():184}:185}(Object(Illuminate\\Http\\Request))
#52 C:\\laragon-7.0.6\\www\\usetwit\\vendor\\laravel\\framework\\src\\Illuminate\\Pipeline\\Pipeline.php(209): Illuminate\\Foundation\\Http\\Middleware\\VerifyCsrfToken->handle(Object(Illuminate\\Http\\Request), Object(Closure))
#53 C:\\laragon-7.0.6\\www\\usetwit\\vendor\\laravel\\framework\\src\\Illuminate\\View\\Middleware\\ShareErrorsFromSession.php(49): Illuminate\\Pipeline\\Pipeline->{closure:{closure:Illuminate\\Pipeline\\Pipeline::carry():184}:185}(Object(Illuminate\\Http\\Request))
#54 C:\\laragon-7.0.6\\www\\usetwit\\vendor\\laravel\\framework\\src\\Illuminate\\Pipeline\\Pipeline.php(209): Illuminate\\View\\Middleware\\ShareErrorsFromSession->handle(Object(Illuminate\\Http\\Request), Object(Closure))
#55 C:\\laragon-7.0.6\\www\\usetwit\\vendor\\laravel\\framework\\src\\Illuminate\\Session\\Middleware\\StartSession.php(121): Illuminate\\Pipeline\\Pipeline->{closure:{closure:Illuminate\\Pipeline\\Pipeline::carry():184}:185}(Object(Illuminate\\Http\\Request))
#56 C:\\laragon-7.0.6\\www\\usetwit\\vendor\\laravel\\framework\\src\\Illuminate\\Session\\Middleware\\StartSession.php(64): Illuminate\\Session\\Middleware\\StartSession->handleStatefulRequest(Object(Illuminate\\Http\\Request), Object(Illuminate\\Session\\Store), Object(Closure))
#57 C:\\laragon-7.0.6\\www\\usetwit\\vendor\\laravel\\framework\\src\\Illuminate\\Pipeline\\Pipeline.php(209): Illuminate\\Session\\Middleware\\StartSession->handle(Object(Illuminate\\Http\\Request), Object(Closure))
#58 C:\\laragon-7.0.6\\www\\usetwit\\vendor\\laravel\\framework\\src\\Illuminate\\Cookie\\Middleware\\AddQueuedCookiesToResponse.php(37): Illuminate\\Pipeline\\Pipeline->{closure:{closure:Illuminate\\Pipeline\\Pipeline::carry():184}:185}(Object(Illuminate\\Http\\Request))
#59 C:\\laragon-7.0.6\\www\\usetwit\\vendor\\laravel\\framework\\src\\Illuminate\\Pipeline\\Pipeline.php(209): Illuminate\\Cookie\\Middleware\\AddQueuedCookiesToResponse->handle(Object(Illuminate\\Http\\Request), Object(Closure))
#60 C:\\laragon-7.0.6\\www\\usetwit\\vendor\\laravel\\framework\\src\\Illuminate\\Cookie\\Middleware\\EncryptCookies.php(75): Illuminate\\Pipeline\\Pipeline->{closure:{closure:Illuminate\\Pipeline\\Pipeline::carry():184}:185}(Object(Illuminate\\Http\\Request))
#61 C:\\laragon-7.0.6\\www\\usetwit\\vendor\\laravel\\framework\\src\\Illuminate\\Pipeline\\Pipeline.php(209): Illuminate\\Cookie\\Middleware\\EncryptCookies->handle(Object(Illuminate\\Http\\Request), Object(Closure))
#62 C:\\laragon-7.0.6\\www\\usetwit\\vendor\\laravel\\framework\\src\\Illuminate\\Pipeline\\Pipeline.php(127): Illuminate\\Pipeline\\Pipeline->{closure:{closure:Illuminate\\Pipeline\\Pipeline::carry():184}:185}(Object(Illuminate\\Http\\Request))
#63 C:\\laragon-7.0.6\\www\\usetwit\\vendor\\laravel\\framework\\src\\Illuminate\\Routing\\Router.php(807): Illuminate\\Pipeline\\Pipeline->then(Object(Closure))
#64 C:\\laragon-7.0.6\\www\\usetwit\\vendor\\laravel\\framework\\src\\Illuminate\\Routing\\Router.php(786): Illuminate\\Routing\\Router->runRouteWithinStack(Object(Illuminate\\Routing\\Route), Object(Illuminate\\Http\\Request))
#65 C:\\laragon-7.0.6\\www\\usetwit\\vendor\\laravel\\framework\\src\\Illuminate\\Routing\\Router.php(750): Illuminate\\Routing\\Router->runRoute(Object(Illuminate\\Http\\Request), Object(Illuminate\\Routing\\Route))
#66 C:\\laragon-7.0.6\\www\\usetwit\\vendor\\laravel\\framework\\src\\Illuminate\\Routing\\Router.php(739): Illuminate\\Routing\\Router->dispatchToRoute(Object(Illuminate\\Http\\Request))
#67 C:\\laragon-7.0.6\\www\\usetwit\\vendor\\laravel\\framework\\src\\Illuminate\\Foundation\\Http\\Kernel.php(201): Illuminate\\Routing\\Router->dispatch(Object(Illuminate\\Http\\Request))
#68 C:\\laragon-7.0.6\\www\\usetwit\\vendor\\laravel\\framework\\src\\Illuminate\\Pipeline\\Pipeline.php(170): Illuminate\\Foundation\\Http\\Kernel->{closure:Illuminate\\Foundation\\Http\\Kernel::dispatchToRouter():198}(Object(Illuminate\\Http\\Request))
#69 C:\\laragon-7.0.6\\www\\usetwit\\vendor\\barryvdh\\laravel-debugbar\\src\\Middleware\\InjectDebugbar.php(66): Illuminate\\Pipeline\\Pipeline->{closure:Illuminate\\Pipeline\\Pipeline::prepareDestination():168}(Object(Illuminate\\Http\\Request))
#70 C:\\laragon-7.0.6\\www\\usetwit\\vendor\\laravel\\framework\\src\\Illuminate\\Pipeline\\Pipeline.php(209): Barryvdh\\Debugbar\\Middleware\\InjectDebugbar->handle(Object(Illuminate\\Http\\Request), Object(Closure))
#71 C:\\laragon-7.0.6\\www\\usetwit\\vendor\\laravel\\framework\\src\\Illuminate\\Foundation\\Http\\Middleware\\TransformsRequest.php(21): Illuminate\\Pipeline\\Pipeline->{closure:{closure:Illuminate\\Pipeline\\Pipeline::carry():184}:185}(Object(Illuminate\\Http\\Request))
#72 C:\\laragon-7.0.6\\www\\usetwit\\vendor\\laravel\\framework\\src\\Illuminate\\Foundation\\Http\\Middleware\\ConvertEmptyStringsToNull.php(31): Illuminate\\Foundation\\Http\\Middleware\\TransformsRequest->handle(Object(Illuminate\\Http\\Request), Object(Closure))
#73 C:\\laragon-7.0.6\\www\\usetwit\\vendor\\laravel\\framework\\src\\Illuminate\\Pipeline\\Pipeline.php(209): Illuminate\\Foundation\\Http\\Middleware\\ConvertEmptyStringsToNull->handle(Object(Illuminate\\Http\\Request), Object(Closure))
#74 C:\\laragon-7.0.6\\www\\usetwit\\vendor\\laravel\\framework\\src\\Illuminate\\Foundation\\Http\\Middleware\\TransformsRequest.php(21): Illuminate\\Pipeline\\Pipeline->{closure:{closure:Illuminate\\Pipeline\\Pipeline::carry():184}:185}(Object(Illuminate\\Http\\Request))
#75 C:\\laragon-7.0.6\\www\\usetwit\\vendor\\laravel\\framework\\src\\Illuminate\\Foundation\\Http\\Middleware\\TrimStrings.php(51): Illuminate\\Foundation\\Http\\Middleware\\TransformsRequest->handle(Object(Illuminate\\Http\\Request), Object(Closure))
#76 C:\\laragon-7.0.6\\www\\usetwit\\vendor\\laravel\\framework\\src\\Illuminate\\Pipeline\\Pipeline.php(209): Illuminate\\Foundation\\Http\\Middleware\\TrimStrings->handle(Object(Illuminate\\Http\\Request), Object(Closure))
#77 C:\\laragon-7.0.6\\www\\usetwit\\vendor\\laravel\\framework\\src\\Illuminate\\Http\\Middleware\\ValidatePostSize.php(27): Illuminate\\Pipeline\\Pipeline->{closure:{closure:Illuminate\\Pipeline\\Pipeline::carry():184}:185}(Object(Illuminate\\Http\\Request))
#78 C:\\laragon-7.0.6\\www\\usetwit\\vendor\\laravel\\framework\\src\\Illuminate\\Pipeline\\Pipeline.php(209): Illuminate\\Http\\Middleware\\ValidatePostSize->handle(Object(Illuminate\\Http\\Request), Object(Closure))
#79 C:\\laragon-7.0.6\\www\\usetwit\\vendor\\laravel\\framework\\src\\Illuminate\\Foundation\\Http\\Middleware\\PreventRequestsDuringMaintenance.php(110): Illuminate\\Pipeline\\Pipeline->{closure:{closure:Illuminate\\Pipeline\\Pipeline::carry():184}:185}(Object(Illuminate\\Http\\Request))
#80 C:\\laragon-7.0.6\\www\\usetwit\\vendor\\laravel\\framework\\src\\Illuminate\\Pipeline\\Pipeline.php(209): Illuminate\\Foundation\\Http\\Middleware\\PreventRequestsDuringMaintenance->handle(Object(Illuminate\\Http\\Request), Object(Closure))
#81 C:\\laragon-7.0.6\\www\\usetwit\\vendor\\laravel\\framework\\src\\Illuminate\\Http\\Middleware\\HandleCors.php(49): Illuminate\\Pipeline\\Pipeline->{closure:{closure:Illuminate\\Pipeline\\Pipeline::carry():184}:185}(Object(Illuminate\\Http\\Request))
#82 C:\\laragon-7.0.6\\www\\usetwit\\vendor\\laravel\\framework\\src\\Illuminate\\Pipeline\\Pipeline.php(209): Illuminate\\Http\\Middleware\\HandleCors->handle(Object(Illuminate\\Http\\Request), Object(Closure))
#83 C:\\laragon-7.0.6\\www\\usetwit\\vendor\\laravel\\framework\\src\\Illuminate\\Http\\Middleware\\TrustProxies.php(58): Illuminate\\Pipeline\\Pipeline->{closure:{closure:Illuminate\\Pipeline\\Pipeline::carry():184}:185}(Object(Illuminate\\Http\\Request))
#84 C:\\laragon-7.0.6\\www\\usetwit\\vendor\\laravel\\framework\\src\\Illuminate\\Pipeline\\Pipeline.php(209): Illuminate\\Http\\Middleware\\TrustProxies->handle(Object(Illuminate\\Http\\Request), Object(Closure))
#85 C:\\laragon-7.0.6\\www\\usetwit\\vendor\\laravel\\framework\\src\\Illuminate\\Foundation\\Http\\Middleware\\InvokeDeferredCallbacks.php(22): Illuminate\\Pipeline\\Pipeline->{closure:{closure:Illuminate\\Pipeline\\Pipeline::carry():184}:185}(Object(Illuminate\\Http\\Request))
#86 C:\\laragon-7.0.6\\www\\usetwit\\vendor\\laravel\\framework\\src\\Illuminate\\Pipeline\\Pipeline.php(209): Illuminate\\Foundation\\Http\\Middleware\\InvokeDeferredCallbacks->handle(Object(Illuminate\\Http\\Request), Object(Closure))
#87 C:\\laragon-7.0.6\\www\\usetwit\\vendor\\laravel\\framework\\src\\Illuminate\\Http\\Middleware\\ValidatePathEncoding.php(26): Illuminate\\Pipeline\\Pipeline->{closure:{closure:Illuminate\\Pipeline\\Pipeline::carry():184}:185}(Object(Illuminate\\Http\\Request))
#88 C:\\laragon-7.0.6\\www\\usetwit\\vendor\\laravel\\framework\\src\\Illuminate\\Pipeline\\Pipeline.php(209): Illuminate\\Http\\Middleware\\ValidatePathEncoding->handle(Object(Illuminate\\Http\\Request), Object(Closure))
#89 C:\\laragon-7.0.6\\www\\usetwit\\vendor\\laravel\\framework\\src\\Illuminate\\Pipeline\\Pipeline.php(127): Illuminate\\Pipeline\\Pipeline->{closure:{closure:Illuminate\\Pipeline\\Pipeline::carry():184}:185}(Object(Illuminate\\Http\\Request))
#90 C:\\laragon-7.0.6\\www\\usetwit\\vendor\\laravel\\framework\\src\\Illuminate\\Foundation\\Http\\Kernel.php(176): Illuminate\\Pipeline\\Pipeline->then(Object(Closure))
#91 C:\\laragon-7.0.6\\www\\usetwit\\vendor\\laravel\\framework\\src\\Illuminate\\Foundation\\Http\\Kernel.php(145): Illuminate\\Foundation\\Http\\Kernel->sendRequestThroughRouter(Object(Illuminate\\Http\\Request))
#92 C:\\laragon-7.0.6\\www\\usetwit\\vendor\\laravel\\framework\\src\\Illuminate\\Foundation\\Application.php(1220): Illuminate\\Foundation\\Http\\Kernel->handle(Object(Illuminate\\Http\\Request))
#93 C:\\laragon-7.0.6\\www\\usetwit\\public\\index.php(17): Illuminate\\Foundation\\Application->handleRequest(Object(Illuminate\\Http\\Request))
#94 {main}
"} 
